STATION_ID,STATION NAME,CTRY,LAT,LON,ELEV(M),BEGIN,END
010010-99999,JAN MAYEN(NOR-NAVY),NO,+70.933,-008.667,+0009.0,19310101,20250824
010014-99999,SORSTOKKEN / STORD,NO,+59.792,+005.341,+0048.8,19861120,20250824
010020-99999,VERLEGENHUKEN,NO,+80.050,+016.250,+0008.0,19861109,20250824
010030-99999,HORNSUND,NO,+77.000,+015.500,+0012.0,19850601,20250824
010060-99999,EDGEOYA,NO,+78.250,+022.817,+0014.0,19730101,20250824
010070-99999,NY-ALESUND,SV,+78.917,+011.933,+0007.7,19730106,20250824
010080-99999,LONGYEAR,SV,+78.246,+015.466,+0026.8,19750929,20250824
010090-99999,KARL XII OYA,SV,+80.650,+025.000,+0005.0,19550101,20250824
010100-99999,ANDOYA,NO,+69.293,+016.144,+0013.1,19310103,20250824
010110-99999,KVITOYA,SV,+80.067,+031.500,+0010.0,19861118,20250824
010150-99999,HEKKINGEN FYR,NO,+69.600,+017.833,+0014.0,19800314,20250824
010160-99999,KONGSOYA,NO,+78.933,+028.900,+0020.0,19930501,20250824
010170-99999,AKSELOYA,SV,+77.683,+014.783,+0006.0,19730101,20250824
010200-99999,SORKAPPOYA,SV,+76.483,+016.550,+0010.0,20101008,20250824
010230-99999,BARDUFOSS,NO,+69.056,+018.540,+0076.8,19400713,20250824
010231-99999,DRAUGEN,NO,+64.350,+007.800,+0000.0,20040510,20250824
010250-99999,TROMSO,NO,+69.683,+018.919,+0009.4,19730101,20250824
010260-99999,TROMSO,NO,+69.650,+018.933,+0114.5,19970201,20250824
010270-99999,TROMSO-HOLT,NO,+69.650,+018.900,+0020.0,20110928,20250824
010280-99999,BJORNOYA ISLAND,NO,+74.517,+019.017,+0018.0,19310103,20250824
010300-99999,KISTEFJELL,NO,+69.283,+018.133,+0982.0,19510101,20250824
010330-99999,TORSVAG FYR,NO,+70.250,+019.500,+0024.0,19730101,20250824
010350-99999,LYNGEN GJERDVASSBU,NO,+69.567,+020.100,+0710.0,19730101,20250824
010370-99999,SKIBOTN 2,NO,+69.383,+020.283,+0020.0,19730101,20250824
010420-99999,HASVIK-SLUSKFJELLET,NO,+70.600,+022.450,+0438.0,20080917,20250824
010430-99999,ROGNSUNDET,NO,+70.417,+022.817,+0010.0,19730101,20250824
010440-99999,HASVIK,NO,+70.487,+022.140,+0006.4,20050102,20250824
010450-99999,NORDSTRAUM I KVAENANGEN,NO,+69.833,+021.883,+0006.0,19730101,20250824
010460-99999,SORKJOSEN,NO,+69.787,+020.959,+0004.9,19750905,20250824
010470-99999,KAUTOKEINO II,NO,+69.017,+023.067,+0307.0,19730101,20250824
010490-99999,ALTA,NO,+69.976,+023.372,+0002.7,19730101,20250824
010520-99999,HAMMERFEST AP,NO,+70.683,+023.683,+0081.0,19401008,20250824
010550-99999,FRUHOLMEN FYR,NO,+71.100,+023.983,+0014.2,19310101,20250824
010570-99999,CUOVDDATMOHKKI,NO,+69.367,+024.433,+0286.0,19730101,20250824
010580-99999,SUOLOVUOPMI LULIT,NO,+69.567,+023.533,+0381.0,20050218,20250824
010590-99999,BANAK / LAKSELV,NO,+70.069,+024.973,+0007.6,19730101,20250824
010620-99999,HOPEN ISLAND,NO,+76.500,+025.067,+0010.0,19550101,20250824
010650-99999,KARASJOK,NO,+69.467,+025.517,+0133.0,19730101,20250824
010680-99999,HONNINGSVAG/VALAN,NO,+71.017,+025.983,+0014.0,19800604,20250824
010740-99999,MEHAMN,NO,+71.033,+027.833,+0013.0,19750905,20250824
010760-99999,TANABRU,NO,+70.217,+028.167,+0032.0,20121121,20250824
010780-99999,SLETTNES FYR,NO,+71.100,+028.233,+0010.0,19730101,20250824
010820-99999,NYRUD,NO,+69.150,+029.250,+0056.0,19730919,20250824
010830-99999,BERLEVAG,NO,+70.867,+029.033,+0013.0,19750905,20250824
010840-99999,PASVIK,NO,+69.450,+030.033,+0027.0,19730101,20250824
010860-99999,BATSFJORD,NO,+70.600,+029.693,+0149.4,20050101,20250824
010876-99999,NORNE OIL PLATFORM,NO,+66.017,+008.083,+0090.0,20110101,20250824
010877-99999,TROLL A  OIL PLATFORM,NO,+60.633,+003.717,+0090.0,20110101,20250824
010878-99999,SNORRE A  OIL PLATFORM,NO,+61.450,+002.133,+0090.0,20110101,20250824
010879-99999,SNORRE B  OIL PLATFORM,NO,+61.533,+002.200,+0090.0,20110101,20250824
010880-99999,VADSO,NO,+70.067,+029.850,+0039.0,19750905,20250824
010882-99999,ROROS,NO,+62.578,+011.342,+0626.1,20050102,20250824
010886-99999,SLEIPNER A OIL PLATFORM,NO,+58.367,+001.900,+0030.0,20090201,20250824
010887-99999,TROLL C OIL PLATFORM,NO,+60.886,+003.610,+0020.0,20110512,20250824
010890-99999,HOYBUKTMOEN / KIRKENES,NO,+69.726,+029.893,+0086.3,19401101,20250824
010920-99999,MAKKAUR FYR,NO,+70.700,+030.083,+0009.0,19730101,20250824
010980-99999,VARDO,NO,+70.367,+031.100,+0015.0,19310103,20250824
010990-99999,VARDO AP / SVARTNES,NO,+70.355,+031.045,+0012.8,20050102,20250824
011020-99999,SKLINNA FYR,NO,+65.200,+011.000,+0016.0,19750228,20250824
011025-99999,HEIDRUN,NO,+65.333,+007.317,+0080.0,19990424,20250824
011050-99999,ROTVAER,NO,+68.367,+015.950,+0008.0,19730101,20250824
011070-99999,ROST (NOR-AFB),NO,+67.517,+012.100,+0004.0,19880303,20250824
011080-99999,VEGA-VALLSJO,NO,+65.700,+011.850,+0009.1,19910801,20250824
011120-99999,BRONNOY / BRONNOYSUND,NO,+65.461,+012.218,+0007.6,19730101,20250824
011140-99999,REIPA,NO,+66.900,+013.633,+0008.0,20090702,20250824
011150-99999,MYKEN,NO,+66.767,+012.483,+0013.0,19730101,20250824
011160-99999,STOKKA / SANDNESSJOEN,NO,+65.950,+012.467,+0017.1,19730401,20250824
011170-99999,TJOTTA,NO,+65.817,+012.417,+0021.0,20040119,20250824
011210-99999,SOLVAER III,NO,+66.367,+012.617,+0010.0,19730101,20250824
011220-99999,KJAERSTAD,NO,+65.784,+013.215,+0072.2,19881014,20250824
011240-99999,SNASA,NO,+64.167,+012.467,+0195.0,20050218,20250731
011320-99999,MAJAVATN V,NO,+65.167,+013.367,+0319.0,20080229,20250824
011330-99999,LAKSFORS,NO,+65.617,+013.283,+0050.0,20111129,20250824
011350-99999,SELJELIA,NO,+66.117,+013.583,+0123.0,20111129,20250824
011390-99999,VAEROY HELIPORT,NO,+67.650,+012.717,+0004.0,20110928,20250824
011410-99999,LEKNES,NO,+68.150,+013.617,+0026.0,19730620,20250824
011430-99999,DRAG-AJLUOKTA,NO,+68.050,+016.083,+0019.0,20070806,20250824
011440-99999,HELLIGVAER II,NO,+67.400,+013.883,+0024.0,20050315,20250824
011460-99999,SKAMDAL,NO,+66.233,+013.883,+0005.0,19730101,20250824
011470-99999,VARNTRESK,NO,+65.833,+014.183,+0406.0,19400907,20250824
011480-99999,STORFORSHEI,NO,+66.383,+014.517,+0110.0,20110616,20250824
011500-99999,HJARTASEN,NO,+66.500,+014.950,+0251.0,19730103,20250824
011510-99999,MOIRANA,NO,+66.367,+014.300,+0070.0,19730401,20250824
011520-99999,BODO,NO,+67.269,+014.365,+0012.8,19400917,20250824
011560-99999,BO I VESTERALEN,NO,+68.600,+014.433,+0007.6,20040510,20250824
011580-99999,SETSA,NO,+67.167,+015.483,+0008.0,20100114,20250824
011600-99999,SKROVA FYR,NO,+68.150,+014.650,+0011.0,19730101,20250824
011610-99999,SVOLVAER/HELLE,NO,+68.250,+014.667,+0009.0,19730620,20250824
011620-99999,STORKMARKNES/SKAGEN,NO,+68.583,+015.017,+0003.0,19730620,20250824
011690-99999,SALTDAL-NORDNES,NO,+66.933,+015.317,+0037.0,19830101,20250824
011800-99999,HARSTAD,NO,+68.800,+016.533,+0045.0,20040510,20250824
011830-99999,EVENES / HARSTAD NARVIK,NO,+68.491,+016.678,+0025.6,19750905,20250824
011920-99999,STRAUMSNES,NO,+68.417,+017.650,+0200.0,20110203,20250824
011980-99999,DIVIDALEN II,NO,+68.783,+019.700,+0204.0,20100114,20250824
011990-99999,SIHCCAJAVRI,NO,+68.750,+023.533,+0382.0,19490101,20250824
012030-99999,KRAKENES,NO,+62.033,+004.983,+0041.0,19310904,20250824
012050-99999,SVINOY LH,NO,+62.333,+005.267,+0037.2,19730101,20250824
012090-99999,ORSTA-VOLDA/HOVDEN,NO,+62.183,+006.067,+0074.0,19841211,20250824
012100-99999,VIGRA / ALESUND,NO,+62.560,+006.110,+0021.0,19730101,20250824
012120-99999,ONA II,NO,+62.867,+006.533,+0015.0,19550101,20250818
012140-99999,REKDAL,NO,+62.650,+006.767,+0043.0,20090112,20250824
012170-99999,ARO,NO,+62.745,+007.263,+0003.0,19760201,20250824
012180-99999,TAFJORD,NO,+62.233,+007.417,+0017.0,19730101,20250824
012200-99999,MANNEN,NO,+62.450,+007.767,+1294.0,20100315,20250822
012210-99999,TAGDALEN,NO,+63.050,+009.083,+0415.0,20080115,20250824
012230-99999,KVERNBERGET,NO,+63.112,+007.825,+0062.2,19730101,20250824
012240-99999,AALESUND,NO,+62.467,+006.217,+0050.0,19841201,20250616
012250-99999,VEIHOLMEN,NO,+63.517,+007.950,+0005.0,19730101,20250824
012270-99999,INNERDALEN,NO,+62.717,+008.783,+0405.0,19730101,20250824
012280-99999,SULA,NO,+63.850,+008.467,+0006.0,19730101,20250824
012300-99999,BJORLI,NO,+62.267,+008.200,+0579.0,19730101,20250824
012320-99999,VINJEORA II,NO,+62.450,+007.850,+0067.0,19730101,20250824
012330-99999,DOMBAAS,NO,+62.083,+009.117,+0638.0,20061121,20250824
012340-99999,ORKDAL-THAMSHAMN,NO,+63.317,+009.850,+0004.0,20061121,20250824
012370-99999,HITRA,NO,+63.517,+009.117,+0013.0,20050402,20250824
012380-99999,FOKSTUA II,NO,+62.117,+009.283,+0974.0,19730101,20250824
012390-99999,HJERKINN II,NO,+62.217,+009.550,+1012.0,20100907,20250824
012400-99999,HALTEN FYR,NO,+64.167,+009.400,+0016.0,19850110,20250824
012410-99999,ORLAND,NO,+63.699,+009.604,+0008.5,19730101,20250824
012420-99999,AFJORD II,NO,+63.967,+010.217,+0030.0,20080115,20250824
012450-99999,OPPDAL-SETER,NO,+62.600,+009.667,+0606.0,19760201,20250824
012500-99999,FOLLDAL-FREDHEIM,NO,+62.133,+010.000,+0694.0,20110928,20250824
012530-99999,SOKNEDAL,NO,+62.950,+010.183,+0299.0,20090112,20250824
012540-99999,KOTSOY,NO,+62.983,+010.550,+0127.0,20090112,20250824
012570-99999,TRONDHEIM/VOLL,NO,+63.417,+010.450,+0131.5,20040406,20250824
012590-99999,BUHOLMRASA LH,NO,+64.400,+010.450,+0018.4,19730101,20250824
012620-99999,NORDOYAN FYR,NO,+64.800,+010.550,+0033.0,19280102,20250824
012650-99999,TYNSET-HANSMOEN,NO,+62.267,+010.733,+0482.3,19490101,20250824
012700-99999,KVITHAMAR,NO,+63.483,+010.883,+0040.0,20111003,20250807
012710-99999,VAERNES / TRONDHEIM,NO,+63.458,+010.940,+0017.1,19400413,20250824
012720-99999,FROSTA,NO,+63.567,+010.700,+0070.0,20110929,20250824
012730-99999,SELBU,NO,+63.233,+011.017,+0160.0,20071016,20250824
012770-99999,STEINKJER,NO,+64.017,+011.450,+0080.0,19730101,20250824
012810-99999,NAMSSKOGAN,NO,+64.733,+012.850,+0140.0,20070105,20250824
012820-99999,RORVIK/RYUM,NO,+64.837,+011.143,+0005.0,19950901,20250824
012870-99999,SOLENDET,NO,+62.683,+011.817,+0747.0,20080115,20250824
012880-99999,ROROS,NO,+62.567,+011.383,+0630.0,19730101,20250824
012900-99999,NAMSOS AIRPORT,NO,+64.467,+011.583,+0002.0,19730401,20250824
012910-99999,GARTLAND,NO,+64.533,+012.383,+0095.0,20090112,20250824
012930-99999,MERAKER-EGGE,NO,+63.417,+011.733,+0171.0,20050215,20250824
013000-99999,GULLFAKS C,NO,+61.200,+002.267,+0078.0,20010601,20250824
013005-99999,STATFJORD OIL PLATFORM HELIPORT,FO,+61.250,+001.850,+0117.7,19841204,20250824
013040-99999,YTTEROYANE FYR,NO,+61.567,+004.683,+0025.0,19840901,20250824
013070-99999,FEDJE,NO,+60.750,+004.717,+0020.0,20050218,20250824
013080-99999,FURUNESET,NO,+61.300,+005.050,+0007.0,20110928,20250807
013100-99999,FLORO,NO,+61.584,+005.025,+0011.3,19800407,20250824
013110-99999,FLESLAND / BERGEN,NO,+60.293,+005.218,+0051.8,19730101,20250824
013140-99999,FOSSMARK,NO,+60.517,+005.717,+0010.0,20120615,20250824
013150-99999,EVANGER,NO,+60.633,+006.100,+0017.0,20101214,20250824
013170-99999,BERGEN/FLORIDA,NO,+60.383,+005.333,+0036.0,19730101,20250824
013190-99999,TAKLE,NO,+61.033,+005.383,+0038.0,19730101,20250824
013200-99999,SANDANE/ANDA,NO,+61.833,+006.117,+0060.0,19810904,20250824
013210-99999,STRYN,NO,+61.900,+006.550,+0208.0,19730101,20250824
013230-99999,BRINGELAND / FORDE,NO,+61.393,+005.764,+0327.0,19840502,20250824
013260-99999,MODALEN III,NO,+60.850,+005.983,+0125.0,20081008,20250824
013270-99999,KVAMSKOGEN-JONSHOGDI,NO,+60.383,+005.967,+0455.0,20061121,20250824
013290-99999,KVAMSOY,NO,+60.350,+006.267,+0050.0,20050218,20250824
013320-99999,FJAERLAND BREMUSEET,NO,+61.430,+006.770,+0003.0,20060201,20250824
013360-99999,BULKEN,NO,+60.650,+006.217,+0328.0,19730101,20250824
013370-99999,VOSSEVANGEN,NO,+60.633,+006.433,+0055.0,20050218,20250824
013380-99999,VANGSNES,NO,+61.167,+006.650,+0051.0,20040706,20250824
013400-99999,FET I EIDFJORD,NO,+60.420,+007.280,+0737.0,20050726,20250824
013420-99999,ULLENSVANG,NO,+60.317,+006.650,+0012.0,19730101,20250824
013440-99999,MJOLFJELL,NO,+60.700,+006.950,+0695.0,19730101,20250824
013450-99999,KLEVAVATNET,NO,+60.717,+007.217,+0960.0,19731007,20250824
013460-99999,MIDTSTOVA,NO,+60.650,+007.267,+1162.0,20111125,20250814
013470-99999,SOGNDAL HAUKASEN,NO,+61.156,+007.137,+0511.0,19850118,20250824
013500-99999,FINSEVATN,NO,+60.600,+007.533,+1208.0,20030330,20250824
013520-99999,SANDHAUG,NO,+60.183,+007.483,+1250.0,20040107,20250824
013550-99999,LAERDAL IV,NO,+61.100,+007.500,+0005.0,19730101,20250824
013570-99999,HOLLEKOLTEN,NO,+60.867,+008.517,+0804.2,19730101,20250824
013580-99999,HEMSEDAL II,NO,+60.850,+008.600,+0604.0,20110929,20250818
013590-99999,GEILO-OLDEBRATEN,NO,+60.533,+008.200,+0773.0,19730101,20250824
013600-99999,BRATA-SLETTOM,NO,+61.900,+007.900,+0664.0,19730101,20250331
013610-99999,GROTLI III,NO,+62.017,+007.667,+0872.0,19730101,20250824
013620-99999,JUVVASSHOE,NO,+61.667,+008.367,+1894.0,20090626,20250818
013640-99999,FILEFJELL,NO,+61.183,+008.117,+0955.1,19490101,20250824
013650-99999,BEITOSTOLEN II,NO,+61.251,+008.917,+0965.0,19730404,20250824
013660-99999,SOGNEFJELL,NO,+61.567,+008.000,+1413.0,19790301,20250824
013670-99999,FAGERNES,NO,+60.983,+009.217,+0365.4,19821001,20250824
013680-99999,LEIRIN,NO,+61.016,+009.288,+0822.0,19881014,20250807
013700-99999,SKABU,NO,+61.517,+009.400,+0928.0,19730101,20250824
013710-99999,LOKEN I VOLBU,NO,+61.117,+009.067,+0521.0,19730101,20250824
013730-99999,NESBYEN-TODOKK,NO,+60.567,+009.133,+0166.0,19730101,20250824
013740-99999,VEST-TORPA II,NO,+60.933,+010.033,+0542.0,19810501,20250814
013750-99999,KVITFJELL,NO,+61.467,+010.133,+1028.0,19730101,20250824
013755-99999,GULLFAX (PLATFORM),NO,+61.033,+002.033,+0010.0,19891115,20250824
013760-99999,GULSVIK II,NO,+60.383,+009.600,+0142.0,19730101,20250824
013780-99999,LILLEHAMMER-SAETHERENGEN,NO,+61.100,+010.467,+0239.0,19730101,20250824
013800-99999,VENABU,NO,+61.650,+010.117,+0930.0,19850110,20250824
013810-99999,APELSVOLL,NO,+60.700,+010.867,+0264.0,20111003,20250820
013820-99999,KISE,NO,+60.767,+010.800,+0128.0,19730101,20250824
013830-99999,EVENSTAD-DIH,NO,+61.400,+011.080,+0255.0,19730101,20250824
013840-99999,GARDERMOEN / OSLO,NO,+60.194,+011.100,+0207.6,19400511,20250824
013850-99999,HAMER,NO,+60.817,+011.067,+0222.3,20061024,20250824
013860-99999,HAMAR II,NO,+60.800,+011.100,+0132.0,20090701,20250824
013870-99999,FAVANG,NO,+61.450,+010.183,+0200.0,20110929,20250824
013890-99999,RENA AP,NO,+61.183,+011.367,+0255.7,19730101,20250824
013920-99999,FLISA II,NO,+60.617,+012.017,+0185.0,20050218,20250824
013930-99999,DREVSJO,NO,+61.883,+012.033,+0673.5,19730101,20250824
013970-99999,TRYSIL VEGSTASJON,NO,+61.300,+012.267,+0361.4,19730101,20240619
014030-99999,UTSIRA FYR,NO,+59.300,+004.867,+0056.3,19280102,20250824
014033-99999,EKOFISK OIL PLTFRM,NO,+56.550,+003.250,+0048.8,19810506,20250824
014060-99999,SLATTEROY FYR,NO,+59.917,+005.067,+0016.0,19730101,20250824
014080-99999,KARMOY,NO,+59.345,+005.208,+0026.2,19840909,20250824
014110-99999,KVITSOY - NORDBO,NO,+59.067,+005.417,+0022.0,20050612,20250824
014120-99999,OBRESTAD,NO,+58.650,+005.567,+0026.0,19730101,20250824
014130-99999,SAERHEIM,NO,+58.750,+005.650,+0087.0,20110928,20250824
014140-99999,ROVER,NO,+59.433,+005.067,+0025.0,19890520,20250824
014150-99999,SOLA / STAVANGER,NO,+58.877,+005.638,+0008.8,19400410,20250824
014160-99999,STAVANGER VAALAND,NO,+58.950,+005.733,+0072.0,20080724,20250824
014170-99999,NEDRE VATS,NO,+59.483,+005.750,+0065.0,19730103,20250824
014180-99999,AUSTEVOLL,NO,+60.017,+005.200,+0032.0,19730101,20250824
014190-99999,LIARVATN,NO,+59.050,+006.117,+0300.0,20100702,20250824
014220-99999,FISTER SIGMUNDSTAD,NO,+59.167,+006.033,+0025.0,20050101,20250824
014240-99999,SAUDA,NO,+59.650,+006.367,+0006.0,19730101,20250824
014250-99999,EIK HOVE,NO,+58.517,+006.517,+0066.0,19730101,20250824
014260-99999,EIGEROYA,NO,+58.433,+005.867,+0049.0,20040425,20250824
014270-99999,LISTA FYR,NO,+58.117,+006.567,+0014.0,19280101,20250824
014281-99999,ULA OIL PLATFORM,NO,+59.111,+002.846,+0094.0,20130806,20250824
014300-99999,MANDAL II,NO,+58.017,+007.450,+0138.0,19730101,20250824
014310-99999,SIRDAL-SINNES,NO,+58.933,+006.917,+0557.0,20070806,20250824
014340-99999,VAAGSLI,NO,+59.767,+007.367,+0822.0,20040406,20250820
014350-99999,HAUKELISETER TESTFELT,NO,+59.817,+007.217,+0989.5,19850111,20250824
014360-99999,LINDESNES FYR,NO,+57.983,+007.050,+0013.0,19730101,20250824
014390-99999,KONSMO-HOYLAND,NO,+58.250,+007.442,+0260.0,19730101,20250824
014400-99999,BLASJO,NO,+59.333,+006.867,+1104.6,19730101,20250824
014410-99999,HOVDEN-LUNDANE,NO,+59.583,+007.383,+0836.0,19830101,20250824
014420-99999,BYGLANDSFJORD,NO,+58.667,+007.800,+0211.0,19730101,20250824
014440-99999,VALLE,NO,+59.200,+007.517,+0302.0,20110926,20250824
014470-99999,HOYDALSMO II,NO,+59.500,+008.200,+0562.0,20061121,20250824
014480-99999,OKSOY FYR,NO,+58.067,+008.050,+0008.0,19490101,20250824
014490-99999,GJERSTAD,NO,+58.867,+009.033,+0032.0,20120105,20250824
014500-99999,MOSSTRAND II,NO,+59.833,+008.183,+0977.0,19730101,20250824
014520-99999,KJEVIK,NO,+58.204,+008.085,+0017.4,19400501,20250824
014530-99999,HYNNEKLEIV,NO,+58.600,+008.417,+0162.0,20120105,20250824
014550-99999,TVEITSUND,NO,+59.033,+008.517,+0252.0,19730101,20250824
014590-99999,NELAUG,NO,+58.650,+008.633,+0142.0,19730101,20250824
014600-99999,GULLHOLMEN,NO,+59.433,+010.583,+0014.0,20121102,20250824
014611-99999,GAUSTATOPPEN,NO,+59.850,+008.650,+1803.7,20140605,20250824
014620-99999,PORSGRUNN,NO,+59.083,+009.667,+0090.0,20130729,20250824
014630-99999,AS,NO,+59.650,+010.767,+0089.0,20110929,20250819
014640-99999,LANDVIK,NO,+58.333,+008.517,+0006.0,20110928,20250824
014650-99999,TORUNGEN FYR,NO,+58.400,+008.783,+0015.0,19730101,20250824
014660-99999,KJELLER AP,NO,+59.967,+011.033,+0109.0,20110928,20250807
014670-99999,LYNGOR FYR,NO,+58.633,+009.150,+0005.0,19730101,20250824
014680-99999,KONGSVINGER,NO,+60.183,+012.000,+0148.0,20061003,20250824
014690-99999,HONEFOSS-HOYBY,NO,+60.167,+010.250,+0140.0,20050719,20250824
014700-99999,GVARV,NO,+59.383,+009.200,+0093.0,19730101,20250824
014703-99999,NOTODDEN,NO,+59.566,+009.212,+0019.2,19901019,20250824
014710-99999,VEGGLI II,NO,+60.050,+009.150,+0275.0,20061003,20250824
014730-99999,KONGSBERG BRANNSTASJON,NO,+59.617,+009.633,+0173.0,20040510,20250824
014760-99999,JOMFRULAND FYR,NO,+58.850,+009.550,+0005.0,19730101,20250824
014770-99999,KONNERUD,NO,+59.717,+010.150,+0193.0,19730101,20250824
014780-99999,SVENNER LH,NO,+58.967,+010.150,+0015.0,19730101,20250824
014800-99999,DRAMMEN BERSKOG,NO,+59.750,+010.133,+0008.0,20050218,20250824
014810-99999,MELSOM,NO,+59.233,+010.350,+0026.0,19740519,20250824
014820-99999,FERDER LH,NO,+59.033,+010.517,+0007.7,19310101,20250824
014825-99999,TORP,NO,+59.187,+010.259,+0087.2,20050101,20250824
014830-99999,TORP,NO,+59.183,+010.267,+0088.0,19730101,20250824
014840-99999,AURSKOG,NO,+59.917,+011.583,+0128.0,19730101,20250824
014843-99999,OSEBERG,NO,+59.317,+010.450,+0015.0,19901019,20250824
014850-99999,DANDE-GALLEBERG,NO,+59.617,+010.217,+0060.0,20110928,20250824
014860-99999,ASKER,NO,+59.850,+010.433,+0163.0,20040510,20250824
014880-99999,HAKADAL,NO,+60.117,+010.833,+0170.0,19400407,20250824
014881-99999,STATFJORD B OIL PLATFORM,NO,+61.206,+001.829,+0142.0,20101123,20250824
014890-99999,BJORNHOLT,NO,+60.050,+010.683,+0360.0,20110928,20250818
014900-99999,TRYVANNSHOGDA,NO,+59.983,+010.683,+0528.0,19730101,20250824
014920-99999,OSLO-BLINDERN,NO,+59.950,+010.717,+0097.0,19730803,20250824
014930-99999,SARPSBORG,NO,+59.283,+011.117,+0057.0,20040510,20250824
014940-99999,RYGGE,NO,+59.379,+010.786,+0053.0,19730101,20250824
014950-99999,STROMTANGEN FYR,NO,+59.150,+010.833,+0010.0,20040406,20250824
020001-99999,LJUNGBYHED,SW,+56.083,+013.213,+0042.7,20040510,20250824
020130-99999,RITSEM,SW,+67.733,+017.467,+0542.7,20010601,20250824
020190-99999,KATTERJAKK A,SW,+68.417,+018.167,+0516.0,20081027,20250824
020220-99999,ABISKO,SW,+68.354,+018.816,+0392.3,20011107,20250625
020240-99999,STORA SJOFALLET,SW,+67.500,+018.300,+0425.0,20010601,20250803
020290-99999,TARFALA,SW,+67.917,+018.600,+1146.0,20010601,20250507
020310-99999,RENSJON,SW,+68.067,+019.833,+0493.0,20010601,20241112
020360-99999,NIKKALUOKTA,SW,+67.850,+019.033,+0468.0,19770701,20241009
020380-99999,LATNIVAARA,SW,+67.250,+020.267,+0453.0,20010601,20241009
020440-99999,KIRUNA,SW,+67.822,+020.337,+0459.6,19770701,20250824
020450-99999,KIRUNA-SOL,SW,+67.833,+020.417,+0424.0,19950401,20250817
020490-99999,GALLIVARE,SW,+67.132,+020.815,+0313.0,19790803,20250824
020550-99999,NAIMAKKA,SW,+68.683,+021.533,+0402.0,19730101,20250805
020640-99999,SAITTAROVA,SW,+67.333,+022.233,+0240.0,19730101,20250816
020720-99999,PARKALOMPOLO,SW,+67.733,+022.833,+0313.0,20010601,20250808
020810-99999,KARESUANDO,SW,+68.450,+022.450,+0330.0,19550101,20250824
020910-99999,VISBY-SOL,SW,+57.667,+018.350,+0049.0,19730101,20250817
020950-99999,PAJALA,SW,+67.200,+023.383,+0171.0,19550101,20250820
021010-99999,HEMAVAN TARNABY,SE,+65.806,+015.083,+0458.1,19730102,20250824
021020-99999,STEKENJOKK,SW,+65.100,+014.517,+1036.0,19581101,20250618
021030-99999,HEMAVAN-GIEREVARTO,SW,+65.783,+015.067,+0793.0,19871118,20241210
021100-99999,GIELAS,SW,+65.333,+015.067,+0577.0,19870518,20250718
021190-99999,KVIKKJOKK ARRENJARKA,SW,+66.883,+018.017,+0320.0,19730101,20250818
021205-99999,STORUMAN,SW,+64.950,+017.700,+0279.0,20050419,20250822
021210-99999,MIERKENIS,SW,+66.683,+016.117,+0615.0,20010601,20250817
021240-99999,ARJEPLOG,SW,+66.050,+017.833,+0432.0,19770405,20250815
021410-99999,TJAKAAPE,SW,+66.317,+019.217,+0582.0,19730101,20250618
021470-99999,MALA-BRANNAN,SW,+65.150,+018.600,+0363.0,19730101,20241009
021510-99999,JOKKMOKK FPL,SW,+66.483,+020.167,+0275.0,19730101,20250817
021540-99999,VIDSEL,SW,+65.875,+020.150,+0182.0,19770701,20250824
021610-99999,NATTAVAARA,SW,+66.750,+020.933,+0327.0,19730101,20241009
021710-99999,BODEN,SW,+65.817,+021.633,+0018.0,19790802,20250616
021730-99999,ALVSBYN,SW,+65.667,+021.067,+0043.0,20010701,20241116
021740-99999,LAKATRASK,SW,+66.283,+021.133,+0186.0,20010701,20250817
021760-99999,PITE-RONNSKAR,SW,+65.033,+021.567,+0004.0,19970901,20250725
021810-99999,OVERKALIX SVARTBYN,SW,+66.267,+022.850,+0062.0,19960801,20250817
021840-99999,PAHAROVA,SW,+66.817,+022.333,+0229.0,20010701,20250205
021850-99999,LULEA-KALLAX,SW,+65.550,+022.133,+0034.0,20010402,20241009
021860-99999,KALLAX / LULEA,SE,+65.544,+022.122,+0019.8,19770701,20250824
021880-99999,RODKALLEN,SW,+65.317,+022.383,+0002.0,19730101,20250817
021910-99999,STORON,SW,+65.700,+023.100,+0004.0,20010701,20250724
021970-99999,HAPARANDA,SW,+65.817,+024.117,+0016.0,20081027,20250806
021990-99999,YLINENJARVI,SW,+66.617,+023.467,+0132.0,20010701,20250729
022050-99999,STORLIEN SOL,SW,+63.300,+012.117,+0647.0,20210628,20250817
022070-99999,STORLIEN-VISJOVALEN A,SW,+63.283,+012.117,+0583.0,19730101,20250727
022090-99999,SYLARNA,SW,+63.050,+012.283,+1030.0,19730101,20250819
022100-99999,BLAHAMMAREN,SW,+63.183,+012.167,+1090.0,20100920,20250817
022190-99999,GADDEDE A,SW,+64.500,+014.217,+0550.0,20080301,20250817
022210-99999,KORSVATTNET,SW,+63.833,+013.500,+0717.0,19971201,20250823
022260-99999,ARE OSTERSUND,SE,+63.200,+014.500,+0376.0,19350101,20250824
022290-99999,OSTERSUND-SOL,SW,+63.200,+014.483,+0374.0,19970901,20250817
022300-99999,GUBBHOGEN,SW,+64.217,+015.550,+0310.0,19730101,20241009
022310-99999,FOLLINGE,SW,+63.683,+014.600,+0362.0,20010701,20241009
022360-99999,HALLHAXASEN,SW,+63.767,+015.333,+0376.0,19770701,20250118
022420-99999,HOTING,SW,+64.083,+016.233,+0241.0,19730101,20250519
022430-99999,JUNSELE,SW,+63.683,+016.950,+0214.0,19730101,20241212
022450-99999,VILHELMINA,SW,+64.583,+016.850,+0349.0,19960801,20241009
022455-99999,LYCKSELE,SW,+64.548,+018.716,+0214.9,19980408,20250824
022470-99999,KRANGEDE,SW,+63.150,+016.167,+0184.0,19730101,20250119
022540-99999,ASELE,SW,+64.167,+017.317,+0308.0,19770701,20241009
022590-99999,KRAMFORS SOLLEFTEA,SW,+63.049,+017.769,+0010.4,19770701,20250824
022600-99999,VASTMARKUM,SW,+63.133,+018.250,+0143.0,19730101,20241009
022610-99999,LYCKSELE,SW,+64.550,+018.717,+0211.0,19730101,20250303
022630-99999,FREDRIKA,SW,+64.083,+018.367,+0327.0,20010701,20241009
022650-99999,HEMLING,SW,+63.650,+018.550,+0183.0,20010701,20241009
022670-99999,ORNSKOLDSVIK,SW,+63.408,+018.990,+0107.9,19790802,20250824
022690-99999,SKAGSUDDE,SW,+63.183,+019.017,+0011.0,19960801,20250611
022710-99999,NORSJO,SW,+64.933,+019.383,+0310.0,20010701,20250319
022820-99999,PETISTRASK,SW,+64.567,+019.700,+0258.0,20010701,20250817
022840-99999,JARNASKLUBB,SW,+63.433,+019.683,+0007.0,19730101,20250814
022860-99999,UMEA,SW,+63.792,+020.283,+0007.3,19770701,20250824
022870-99999,HOLMON,SW,+63.800,+020.867,+0008.0,20050724,20250821
022930-99999,SKELLEFTEA,SW,+64.625,+021.077,+0047.9,19790802,20250824
022970-99999,BJUROKLUBB,SW,+64.483,+021.583,+0043.0,20010601,20250819
023070-99999,IDRE FJALL,SW,+61.883,+012.850,+0869.0,19730101,20250530
023080-99999,TANNAS,SW,+62.450,+012.667,+0724.0,19960801,20250817
023170-99999,DRAVAGEN,SW,+62.100,+013.617,+0566.0,20010701,20250716
023190-99999,BORTNAN,SW,+62.750,+013.850,+0467.0,20010701,20250728
023210-99999,ALVDALEN,SW,+61.250,+014.033,+0253.0,19730101,20240923
023250-99999,KLOVSJOHOJDEN,SW,+62.500,+014.150,+0803.0,19730101,20250628
023270-99999,SVEG A,SW,+62.050,+014.400,+0362.0,20090929,20250428
023290-99999,HAMRA,SW,+61.667,+015.000,+0455.0,19730101,20241009
023310-99999,HUNGE,SW,+62.750,+015.083,+0343.0,20010701,20250128
023430-99999,TORPSHAMMAR,SW,+62.500,+016.283,+0100.0,19730101,20250510
023470-99999,DELSBO,SW,+61.833,+016.550,+0072.0,20010701,20250823
023550-99999,KUGGOREN,SW,+61.700,+017.533,+0010.0,19960801,20250630
023650-99999,SUNDSVALL-HARNOSAND,SW,+62.517,+017.450,+0008.0,19760801,20250816
023660-99999,SUNDSVALL HARNOSAND / SUNDSVALL TIMRA,SE,+62.528,+017.444,+0004.9,19770701,20250824
023680-99999,BRAMON,SW,+62.217,+017.750,+0018.0,19870521,20250518
023820-99999,LUNGO,SW,+62.650,+018.100,+0018.0,19730824,20250510
024030-99999,NAVEN,SW,+58.700,+013.117,+0053.0,20010701,20250721
024070-99999,MALUNG A,SW,+60.683,+013.700,+0306.0,20011124,20250520
024080-99999,BLOMSKOG,SW,+59.217,+012.083,+0171.0,19960801,20241212
024110-99999,ARVIKA,SW,+59.676,+012.639,+0072.2,20010701,20241008
024170-99999,PALGRUNDEN,SW,+58.750,+013.150,+0050.0,19781014,20250817
024180-99999,KARLSTAD,SW,+59.445,+013.337,+0107.3,19350101,20250824
024190-99999,KARLSTAD SOL,SW,+59.367,+013.467,+0046.0,19840520,20250817
024230-99999,SUNNE,SW,+59.867,+013.117,+0109.0,20010701,20241008
024260-99999,GUSTAVSFORS,SW,+60.150,+013.800,+0188.0,20010701,20240925
024283-99999,OREBRO,SW,+59.224,+015.038,+0057.3,19910827,20250824
024284-99999,MORA,SW,+60.958,+014.511,+0193.2,19910827,20250824
024285-99999,TORSBY,SW,+60.158,+012.991,+0119.8,20070226,20250824
024290-99999,DAGLOSEN,SW,+59.667,+014.183,+0133.0,20010701,20250702
024310-99999,KLOTEN,SW,+59.867,+015.250,+0289.0,20090811,20241008
024320-99999,OREBRO,SW,+59.233,+015.050,+0053.0,19960801,20241008
024350-99999,BORLANGE,SW,+60.422,+015.515,+0153.3,19790802,20250824
024400-99999,AMOT,SW,+60.967,+016.433,+0162.0,20010601,20241226
024410-99999,MORA,SW,+60.967,+014.500,+0197.0,20010701,20240521
024430-99999,ENKOPING,SW,+59.650,+017.117,+0026.0,19790803,20250618
024460-99999,VASTERAS,SW,+59.589,+016.634,+0006.4,19770701,20250824
024490-99999,ESKILSTUNA A,SW,+59.383,+016.450,+0015.0,20010701,20250514
024500-99999,EGGEGRUND,SW,+60.733,+017.567,+0004.0,19970901,20250824
024520-99999,KILSBERGEN-SUTTARBODA,SW,+59.300,+014.900,+0219.0,20010701,20250823
024530-99999,GAVLE/SANDVIKEN AIR FORCE BASE,SW,+60.717,+017.167,+0016.0,19960501,20241009
024560-99999,FILM,SW,+60.233,+017.900,+0035.0,19960201,20241009
024580-99999,UPPSALA,SW,+59.897,+017.589,+0020.7,19350101,20250824
024600-99999,ARLANDA,SW,+59.652,+017.919,+0041.8,19770630,20250824
024620-99999,UPPSALA UNIVERSITY,SW,+59.867,+017.633,+0013.0,20061108,20250817
024640-99999,BROMMA,SW,+59.354,+017.942,+0014.3,19310101,20250824
024690-99999,TULLINGE,SW,+59.183,+017.917,+0054.0,20010601,20241107
024760-99999,FLODA,SW,+59.050,+016.400,+0033.0,19960801,20250816
024810-99999,SALA,SW,+59.917,+016.683,+0058.0,20010701,20241008
024820-99999,KERSTINBO,SW,+60.267,+016.983,+0057.0,20010701,20241009
024840-99999,STOCKHOLM/OBSERVATORIET,SW,+59.350,+018.067,+0044.0,20010601,20250817
024850-99999,STOCKHOLM,SW,+59.350,+018.067,+0052.0,19840521,20250817
024853-99999,SKAVSTA,SW,+58.789,+016.912,+0042.7,19910827,20250824
024860-99999,ADELSO,SW,+59.367,+017.517,+0006.0,20010701,20241008
024870-99999,SKARPO A,SW,+59.350,+018.733,+0022.0,19970901,20241030
024880-99999,ORSKAR,SW,+60.533,+018.383,+0009.0,19960801,20250807
024890-99999,BERGA,SW,+59.067,+018.117,+0003.0,20010601,20250616
024900-99999,SVANBERGA,SW,+59.833,+018.633,+0016.0,20010701,20250824
024930-99999,SODERARM,SW,+59.750,+019.417,+0015.0,20010701,20250817
024980-99999,SVENSKA HOGARNA A,SW,+59.450,+019.500,+0012.0,20100602,20250627
025000-99999,NORDKOSTER,SW,+58.900,+011.000,+0035.0,19960201,20250309
025010-99999,VADEROARNA,SW,+58.583,+011.067,+0024.0,19770804,20241007
025030-99999,NORDKOSTER-SOL,SW,+58.900,+011.000,+0033.0,20210628,20250824
025050-99999,MASESKAR,SW,+58.100,+011.333,+0016.0,19960801,20250817
025103-99999,TROLLHATTAN VANERSBORG,SW,+58.318,+012.345,+0041.8,19910827,20250824
025120-99999,SAVE,SW,+57.775,+011.870,+0018.0,19350101,20250824
025130-99999,GOTEBORG,SW,+57.717,+012.000,+0002.0,19960501,20250817
025140-99999,ARVIDSJAUR,SW,+65.590,+019.282,+0379.5,19770701,20250824
025160-99999,VINGA,SW,+57.633,+011.617,+0019.0,19960901,20241007
025180-99999,NIDINGEN,SW,+57.300,+011.900,+0002.0,19730101,20241007
025200-99999,SATENAS,SW,+58.426,+012.714,+0055.2,19770701,20250824
025260-99999,LANDVETTER,SW,+57.663,+012.280,+0154.2,19771003,20250824
025270-99999,GOTEBORG/LANDVETTER,SW,+57.667,+012.291,+0164.0,19991219,20241007
025310-99999,GOTEBORG-SOL,SW,+57.683,+011.983,+0094.0,20210628,20241007
025360-99999,RANGEDALA,SW,+57.783,+013.167,+0299.0,19770701,20250605
025390-99999,ULLARED,SW,+57.117,+012.783,+0122.0,20010701,20250715
025400-99999,KROPPEFJALL-GRANAN,SW,+58.600,+012.200,+0174.0,20010701,20241007
025420-99999,HALLUM,SW,+58.317,+013.033,+0071.0,20010701,20241007
025440-99999,KARLSBORG,SW,+58.517,+014.517,+0094.0,19770701,20250506
025450-99999,AXSTAL,SW,+58.567,+014.567,+0093.0,20071104,20250616
025460-99999,GARDSJO,SW,+58.883,+014.383,+0212.0,20010701,20241007
025480-99999,VISINGSO,SW,+58.100,+014.417,+0095.0,20010601,20241007
025490-99999,TOMTABACKEN,SW,+57.500,+014.467,+0356.0,20010701,20250813
025500-99999,JONKOPING,SW,+57.758,+014.069,+0225.9,19310101,20250824
025520-99999,MALEXANDER,SW,+58.067,+015.233,+0197.0,20010701,20250724
025540-99999,KETTSTAKA,SW,+58.717,+015.033,+0225.0,20010701,20250501
025560-99999,HAGSHULT,SW,+57.292,+014.137,+0169.5,19770701,20250824
025570-99999,HORN,SW,+57.883,+015.867,+0091.0,20010701,20250603
025580-99999,KOLMARDEN-STROMSFORS,SW,+58.683,+016.317,+0155.0,20010701,20250710
025590-99999,GLADHAMMAR,SW,+57.700,+016.467,+0031.0,20010701,20241007
025610-99999,KVARN,SW,+58.650,+015.433,+0010.0,20100503,20250616
025620-99999,MALMEN,SW,+58.402,+015.526,+0093.9,19770701,20250824
025625-99999,SAAB,SW,+58.406,+015.681,+0052.4,19951012,20250824
025630-99999,HARSTENA,SW,+58.250,+017.017,+0018.0,20010701,20250817
025635-99999,ANGELHOLM,SW,+56.283,+012.833,+0047.0,20040810,20250824
025650-99999,HULTSFRED VIMMERBY,SE,+57.526,+015.823,+0111.6,19790806,20250407
025670-99999,LANDSORT,SW,+58.750,+017.867,+0020.0,19960801,20241008
025700-99999,NORRKOPING/BRAVALLA,SW,+58.617,+016.117,+0033.0,19770701,20240212
025710-99999,KUNGSANGEN,SW,+58.586,+016.251,+0009.8,19770701,20250824
025740-99999,NORRKOPING,SW,+58.583,+016.150,+0041.6,19970901,20241212
025750-99999,OLANDS NORRA UDDE,SW,+57.367,+017.100,+0004.0,19960801,20241007
025870-99999,FAROSUND-AR,SW,+57.917,+018.950,+0013.0,20010701,20250823
025890-99999,GOTSKA SANDON,SW,+58.400,+019.200,+0017.0,20010701,20240926
025900-99999,VISBY,SW,+57.663,+018.346,+0050.0,19310101,20250824
025910-99999,VISBY AEROLOGISKA STATION,SW,+57.650,+018.350,+0047.0,20020315,20250816
025980-99999,OSTERGARNSHOLM,SW,+57.433,+018.983,+0005.0,20010701,20250603
026030-99999,BROEN,SW,+56.867,+012.667,+0047.0,20010701,20250816
026040-99999,HALMSTAD,SW,+56.691,+012.820,+0030.8,19770701,20250824
026050-99999,HALLANDS VADERO,SW,+56.450,+012.550,+0010.0,19960801,20250824
026110-99999,HELSINGBORG,SW,+56.033,+012.767,+0044.0,19840618,20250728
026150-99999,FALSTERBO A,SW,+55.383,+012.817,+0005.0,20090713,20250723
026180-99999,TORUP,SW,+56.950,+013.067,+0130.0,20080229,20241210
026220-99999,LJUNGBY,SW,+56.850,+013.883,+0148.0,19770701,20250520
026230-99999,HORBY,SW,+55.867,+013.667,+0114.0,20010827,20240926
026250-99999,SKILLINGE,SW,+55.483,+014.317,+0005.0,19960801,20250817
026280-99999,HANO,SW,+56.017,+014.850,+0060.0,19960801,20250811
026290-99999,HASTVEDA,SW,+56.283,+013.933,+0010.0,20100503,20250616
026320-99999,UTKLIPPAN,SW,+55.950,+015.700,+0003.0,20010701,20250814
026330-99999,LUND SOL,SW,+55.717,+013.217,+0086.0,20160726,20250817
026350-99999,MALMO,SW,+55.567,+013.067,+0021.0,19350413,20250707
026360-99999,STURUP / MALMO,SE,+55.530,+013.372,+0071.9,19770630,20250824
026410-99999,KRONOBERG,SW,+56.929,+014.728,+0185.9,19790802,20250824
026430-99999,VAXJO-SOL,SW,+56.933,+014.733,+0182.0,20210628,20240926
026440-99999,OLANDS SODRA UDDE,SW,+56.200,+016.400,+0003.0,19960801,20240926
026480-99999,VAXJO,SW,+56.850,+014.833,+0200.0,20010601,20240926
026510-99999,KRISTIANSTAD,SW,+55.922,+014.086,+0023.2,19790802,20250824
026610-99999,KOSTA (ORREFORS),SW,+56.833,+015.467,+0232.0,20010916,20250817
026640-99999,RONNEBY,SW,+56.267,+015.265,+0058.2,19770701,20250824
026650-99999,KARLSKRONA-SOL,SW,+56.117,+015.617,+0008.0,20210920,20250817
026670-99999,KARLSKRONA-SODERSTJERNA,SW,+56.150,+015.583,+0008.0,20100503,20240926
026720-99999,KALMAR,SW,+56.686,+016.288,+0005.2,19350101,20250824
026790-99999,HOBURG A,SW,+56.917,+018.150,+0039.0,20090610,20250823
027010-99999,KILPISJARVI SAANA,FI,+69.050,+020.850,+1009.0,20080115,20250824
027020-99999,INARI KAAMANEN,FI,+69.133,+027.267,+0156.0,20140108,20250824
027040-99999,HATTULA LEPAA AWS,FI,+61.117,+024.317,+0087.0,20080115,20250824
027050-99999,PELKOSENNIEMI PYHATUNTURI,FI,+67.017,+027.217,+0487.5,20080116,20250824
027060-99999,LOHJA PORLA,FI,+60.250,+024.050,+0037.0,20080115,20250824
027080-99999,KARVIA ALKKIA,FI,+62.183,+022.800,+0161.0,20130805,20250824
027100-99999,VESANTO SONKARI,FI,+62.917,+026.417,+0120.0,20080116,20250824
027140-99999,VAALA PELSO,FI,+64.500,+026.440,+0114.0,20080116,20250824
027170-99999,KITTILA POKKA,FI,+68.167,+025.767,+0272.0,20080115,20250824
027180-99999,PUUMALA KK URHEILUKENTTA,FI,+61.517,+028.183,+0098.0,20130805,20250824
027190-99999,SODANKYLA KOKKA,FI,+67.817,+027.750,+0240.0,20080116,20250824
027200-99999,KITTILA,FI,+67.701,+024.847,+0196.3,20050101,20250824
027210-99999,KOKKOLA TANKAR,FI,+63.950,+022.850,+0006.3,20080116,20250824
027220-99999,INARI SAARISELKA,FI,+68.417,+027.417,+0302.0,20080123,20250824
027240-99999,LUMPARLAND LANGNAS HARBOUR,FI,+60.117,+020.300,+0011.0,20150216,20250824
027250-99999,HALSUA KANALA PUROLA,FI,+63.450,+024.450,+0153.0,20080115,20250824
027260-99999,ENONTEKIO NAKKALA,FI,+68.600,+023.583,+0374.0,20080115,20250824
027270-99999,ASIKKALA PULKKILANHARJU,FI,+61.267,+025.517,+0076.0,20080115,20250824
027320-99999,KUOPIO RITONIEMI,FI,+62.800,+027.900,+0087.0,20090701,20250824
027330-99999,LAPPEENRANTA KONNUNSUO,FI,+61.033,+028.567,+0046.4,20090701,20250824
027340-99999,PARIKKALA KOITSANLAHTI,FI,+61.450,+029.467,+0075.0,20090701,20250824
027350-99999,VIRRAT AIJANNEVA,FI,+62.333,+023.550,+0139.5,20090701,20250824
027360-99999,JUVA PARTALA,FI,+61.900,+027.883,+0111.5,20090701,20250824
027370-99999,TOHOLAMPI LAITALA,FI,+63.817,+024.167,+0084.5,20090701,20250824
027380-99999,PYHAJARVI OL OJAKYLA,FI,+63.733,+025.700,+0153.3,20090701,20250824
027390-99999,SOTKAMO KUOLANIEMI,FI,+64.117,+028.333,+0162.5,20090701,20250824
027410-99999,JOMALA JOMLABY,FI,+60.183,+019.983,+0011.0,20080116,20250824
027430-99999,KEMIONSAARI VANO,FI,+59.867,+022.200,+0008.0,20090701,20250824
027450-99999,SALLA NARUSKA,FI,+67.167,+029.183,+0214.7,20090701,20250824
027460-99999,HANKO TULLINIEMI,FI,+59.817,+022.917,+0027.5,20090701,20250824
027470-99999,TURKU RAJAKARI,FI,+60.383,+022.100,+0005.5,20090701,20250824
027500-99999,HANKO TVARMINNE,FI,+59.850,+023.250,+0003.0,20090701,20250824
027510-99999,PORI TAHKOLUOTO HARBOUR,FI,+61.633,+021.383,+0004.6,20080116,20250824
027520-99999,KRISTIINANKAUPUNKI LIGHTHOUSE,FI,+62.200,+021.167,+0021.7,20080115,20250824
027530-99999,KANKAANPAA NIINISALO AIRFIELD,FI,+61.833,+022.467,+0122.0,20080115,20250824
027540-99999,HAMEENLINNA KATINEN,FI,+61.000,+024.500,+0085.0,20080115,20250824
027550-99999,YLIVIESKA AIRFIELD,FI,+64.050,+024.717,+0076.0,20030330,20250824
027560-99999,SALO KARKKA,FI,+60.367,+023.117,+0002.0,20080115,20250824
027570-99999,RAASEPORI JUSSARO,FI,+59.817,+023.583,+0022.8,20080116,20250824
027580-99999,VIHTI MAASOJA,FI,+60.417,+024.400,+0044.2,20080115,20250824
027590-99999,PORVOO HARABACKA,FI,+60.400,+025.600,+0023.5,20080116,20250824
027600-99999,KUUSAMO RUKA TALVIJARVI,FI,+66.167,+029.133,+0306.5,20140108,20250521
027610-99999,RAUMA KYLMAPIHLAJA,FI,+61.150,+021.300,+0029.0,20080115,20250824
027630-99999,TAMPERE HARMALA,FI,+61.467,+023.750,+0086.0,20080115,20250824
027640-99999,KITTILA LOMPOLONVUOMA,FI,+68.000,+024.217,+0270.0,20140108,20250824
027650-99999,LUHANKA JUDINSALO,FI,+61.700,+025.500,+0083.2,20080115,20250824
027660-99999,ILOMANTSI POTSONVAARA,FI,+63.150,+031.050,+0236.5,20120618,20250606
027670-99999,HAMEENLINNA LAMMI PAPPILA,FI,+61.050,+025.050,+0125.0,20080115,20250824
027680-99999,HEINOLA ASEMANTAUS,FI,+61.200,+026.050,+0092.0,20080115,20250824
027690-99999,KAUHAJOKI KUJA-KOKKO,FI,+62.417,+022.183,+0093.0,20080116,20250824
027700-99999,JUUPAJOKI HYYTIALA,FI,+61.850,+024.283,+0153.0,20080115,20250824
027710-99999,JOUTSA LEIVONMAKI SAVENAHO,FI,+61.883,+026.100,+0146.0,20080115,20250824
027720-99999,RANTASALMI RUKKASLUOTO,FI,+62.067,+028.567,+0080.0,20080115,20250824
027730-99999,TURKU ARTUKAINEN,FI,+60.450,+022.183,+0009.1,20080115,20250824
027770-99999,SALO KIIKALA AIRFIELD,FI,+60.467,+023.650,+0117.0,20040510,20250824
027780-99999,SAVONLINNA PUNKAHARJU,FI,+61.800,+029.317,+0079.5,20080115,20250824
027800-99999,KORSNAS BREDSKARET,FI,+62.933,+021.183,+0002.8,20080115,20250824
027810-99999,STROMMINGSBADN,FI,+62.983,+020.733,+0003.7,20080115,20250824
027870-99999,ALAJARVI MOKSY,FI,+63.083,+024.267,+0171.4,20080115,20250824
027880-99999,KUOPIO MAANINKA,FI,+63.150,+027.317,+0091.3,20080115,20250824
027890-99999,RAUTAVAARA YLA-LUOSTA,FI,+63.383,+028.667,+0165.5,20080116,20250824
027900-99999,KUMLINGE KK,FI,+60.250,+020.750,+0022.5,20030330,20250824
027910-99999,JUUKA NIEMELA,FI,+63.233,+029.233,+0115.0,20080115,20250824
027930-99999,LIPERI TUISKAVANLUOTO,FI,+62.550,+029.667,+0079.5,20080115,20250824
027940-99999,KIRKKONUMMI MAKILUOTO,FI,+59.917,+024.350,+0002.0,20080115,20250824
027950-99999,HELSINKI HARMAJA,FI,+60.100,+024.983,+0006.4,20080116,20250824
027960-99999,LIEKSA LAMPELA,FI,+63.317,+030.050,+0098.0,20080115,20250824
027970-99999,HAAPAVEST MUSTIKKAMAKI,FI,+64.150,+025.417,+0112.0,20080115,20250824
027980-99999,VALTIMO KK,FI,+63.667,+028.833,+0115.0,20080115,20250824
027990-99999,KUHMO KALLIOJOKI,FI,+64.300,+030.167,+0198.4,20080115,20250824
028000-99999,RAAHE NAHKIAINEN,FI,+64.617,+023.900,+0023.8,20080116,20250824
028010-99999,ENONTEKIO KILPISJARVI,FI,+69.050,+020.783,+0482.7,19790601,20250824
028030-99999,SIIKAJOKI REVONLAHTI,FI,+64.683,+025.083,+0049.5,20080115,20250824
028040-99999,TAIVALKOSKI KK URHEILUTIE,FI,+65.583,+028.217,+0197.0,20080115,20250824
028050-99999,UTSJOKI KEVO,FI,+69.750,+027.000,+0106.3,19730101,20250824
028070-99999,IVALO,FI,+68.607,+027.405,+0146.6,19520101,20250824
028075-99999,ENONTEKIO,FI,+68.363,+023.424,+0306.3,19980419,20250824
028110-99999,KUUSAMO KIUTAKONGAS,FI,+66.367,+029.317,+0165.0,20080115,20250824
028120-99999,YLITORNIO MELTOSJARVI,FI,+66.533,+024.650,+0093.0,20080115,20250824
028130-99999,ROVANIEMI APUKKA,FI,+66.583,+026.017,+0107.4,20080115,20250824
028140-99999,KEMIJARVI AIRFIELD,FI,+66.717,+027.167,+0208.0,20080116,20250824
028150-99999,SAVUKOSKI KK,FI,+67.283,+028.183,+0180.0,20080115,20250824
028160-99999,SODANKYLA VUOTSO,FI,+68.083,+027.183,+0248.8,20080116,20250824
028170-99999,SAARISELKA KAUNISPAA,FI,+68.433,+027.450,+0438.0,20080115,20250331
028180-99999,INARI RAJAJOOSEPPI,FI,+68.483,+028.300,+0254.9,20080115,20250801
028190-99999,SALLA VARRIOTUNTURI,FI,+67.750,+029.617,+0360.0,20080115,20250824
028200-99999,MUONIO LAUKUKERO,FI,+68.067,+024.033,+0762.0,20080115,20250824
028210-99999,MUONIO SAMMALTUNTURI,FI,+67.967,+024.117,+0565.5,20080115,20250824
028230-99999,MUONIO ALAMUONIO,FI,+67.967,+023.683,+0252.6,19730101,20250824
028240-99999,KITTILA KENTTAROVA,FI,+67.983,+024.250,+0349.5,20080116,20250824
028250-99999,UTSJOKI NUORGAM,FI,+70.083,+027.900,+0022.0,20080115,20250824
028270-99999,INARI VAYLA,FI,+69.067,+027.500,+0123.5,20080115,20250618
028280-99999,KAARINA YLTOINEN,FI,+60.383,+022.550,+0005.2,20080115,20250824
028290-99999,HYVINKAA HYVINKAANKYLA,FI,+60.600,+024.800,+0087.5,20080115,20250824
028300-99999,KOUVOLA ANJALA,FI,+60.700,+026.817,+0033.0,20080115,20250824
028310-99999,VIROLAHTI KOIVUNIEMI,FI,+60.533,+027.667,+0005.0,20080115,20250824
028320-99999,TOHMAJARVI KEMIE,FI,+62.233,+030.350,+0090.0,20080115,20250824
028330-99999,SEINAJOKI PELMAA,FI,+62.933,+022.483,+0031.7,20080115,20250824
028340-99999,VIEREMA KAARAKKALA,FI,+63.833,+027.217,+0207.6,20080116,20250824
028350-99999,INARI NELLIM,FI,+68.850,+028.300,+0123.0,20080115,20250824
028360-99999,SODANKYLA,FI,+67.395,+026.619,+0183.5,19170101,20250824
028440-99999,PELLO CENTRE,FI,+66.767,+023.967,+0085.9,19730101,20250824
028450-99999,ROVANIEMI,FI,+66.565,+025.830,+0196.6,19730101,20250824
028470-99999,ROVANIEMI RAUTATIEASEMA,FI,+66.500,+025.717,+0082.3,20080115,20250824
028490-99999,SALLA KK MYLLYTIE,FI,+66.833,+028.667,+0221.7,20010601,20250824
028500-99999,VARKAUS KOLSUANNIEMI,FI,+62.317,+027.900,+0083.0,20130805,20250824
028510-99999,OULU OULUNSALO PELLONPAA,FI,+64.933,+025.367,+0012.0,20120101,20250817
028520-99999,KOKKOLA HOLLIHAKA,FI,+63.850,+023.117,+0008.1,20130805,20250824
028570-99999,INARI ANGELI LINTUPUOLISELKA,FI,+68.900,+025.733,+0285.0,20130805,20250824
028580-99999,INARI KIRAKKAJARVI,FI,+69.583,+028.900,+0106.0,20130805,20250824
028590-99999,PUOLANKA PALJAKKA,FI,+64.667,+028.050,+0341.0,20130805,20250824
028600-99999,KITTILA KK,FI,+67.650,+024.900,+0181.0,20130805,20250824
028620-99999,KEMI AJOS,FI,+65.667,+024.517,+0003.1,20040831,20250824
028630-99999,KEMI I LIGHTHOUSE,FI,+65.383,+024.100,+0019.0,20040213,20250824
028640-99999,KEMI TORNIO,FI,+65.782,+024.599,+0018.6,19520101,20250824
028660-99999,PUDASJARVI AIRFIELD,FI,+65.417,+026.967,+0120.0,20010601,20250824
028680-99999,KUUSAMO RUKATUNTURI,FI,+66.167,+029.150,+0362.8,20080115,20250824
028690-99999,KUUSAMO,FI,+65.988,+029.239,+0264.0,19090101,20250824
028720-99999,RAAHE LAPALUOTO HARBOUR,FI,+64.667,+024.400,+0002.0,20080116,20250824
028730-99999,HAILUOTO MARJANIEMI,FI,+65.033,+024.567,+0007.3,20040803,20250824
028740-99999,HAILUOTO ISLAND,FI,+65.033,+024.800,+0006.0,19730101,20250824
028750-99999,OULU,FI,+64.930,+025.355,+0014.3,19060101,20250824
028760-99999,OULU VIHREASAARI HARBOUR,FI,+65.000,+025.400,+0003.8,20080115,20250824
028800-99999,TORNIO TORPPI,FI,+65.850,+024.167,+0009.0,20130805,20250824
028810-99999,RANUA AIRFIELD,FI,+65.983,+026.367,+0161.0,20130805,20250824
028820-99999,KITTILA MATOROVA,FI,+68.000,+024.233,+0340.0,20130805,20250824
028830-99999,KAJAANI PETAISENNISKA,FI,+64.217,+027.750,+0161.5,20130805,20250824
028880-99999,INARI SEITALAASSA,FI,+69.050,+027.750,+0121.5,20130805,20250824
028890-99999,SUOMUSSALMI PESIO,FI,+64.933,+028.750,+0225.2,20010919,20250824
028900-99999,UTSJOKI KEVO KEVOJARVI,FI,+69.750,+027.017,+0076.0,20130805,20250824
028970-99999,KAJAANI,FI,+64.285,+027.692,+0147.2,19160101,20250824
029030-99999,KRUUNUPYY / KOKKOLA PIETARSAARI,FI,+63.721,+023.143,+0025.3,19601101,20250824
029060-99999,KEMIONSAARI KEMIO,FI,+60.167,+022.750,+0012.0,20130805,20250824
029070-99999,KALAJOKI ULKOKALLA,FI,+64.333,+023.450,+0005.0,19010101,20250824
029100-99999,MUSTASAARI VALASSAARET,FI,+63.433,+021.067,+0011.0,19730101,20250824
029110-99999,VAASA,FI,+63.051,+021.762,+0005.8,19170101,20250824
029130-99999,KAUHAVA,FI,+63.127,+023.051,+0046.0,19730101,20250824
029150-99999,VIITASAARI,FI,+63.083,+025.867,+0132.0,19730101,20250824
029170-99999,KUOPIO,FI,+63.007,+027.798,+0098.5,19060101,20250824
029190-99999,LAPPEENRANTA HIEKKAPAKKA,FI,+61.200,+028.467,+0077.0,19730101,20250824
029200-99999,PIETARSAARI KALLAN,FI,+63.750,+022.517,+0019.2,20040803,20250824
029240-99999,AHTARI MYLLYMAKI,FI,+62.533,+024.217,+0159.7,19730101,20250824
029245-99999,SEINAJOKI,FI,+62.692,+022.832,+0091.7,19990114,20250824
029260-99999,PORI RAILWAY STATION,FI,+61.483,+021.783,+0010.1,20120101,20250803
029270-99999,MULTIA KARHILA,FI,+62.517,+024.800,+0227.0,20130805,20250824
029280-99999,JOENSUU LINNUNLAHTI,FI,+62.600,+029.717,+0081.0,20130805,20250824
029290-99999,JOENSUU,FI,+62.663,+029.608,+0121.3,19520101,20250824
029310-99999,KASKINEN SALGRUND,FI,+62.333,+021.183,+0005.0,20130805,20250824
029350-99999,JYVASKYLA,FI,+62.399,+025.678,+0139.9,19170101,20250824
029370-99999,KOKEMAKI TULKKILA,FI,+61.250,+022.350,+0039.0,20120618,20250824
029390-99999,ILOMANTSI MEKRIJARVI,FI,+62.767,+030.983,+0156.5,20030330,20250824
029420-99999,KANKAANPAA NIINISALO PUOLVOIM,FI,+61.833,+022.467,+0124.8,19520101,20250801
029430-99999,TAMPERE SIILINKARI,FI,+61.517,+023.750,+0098.0,19730101,20250824
029440-99999,TAMPERE PIRKKALA,FI,+61.414,+023.604,+0118.9,19060101,20250824
029450-99999,HALLI,FI,+61.856,+024.787,+0146.0,19730101,20250824
029460-99999,JAMSA HALLI LENTOASEMANTIE,FI,+61.867,+024.817,+0144.0,20120618,20250824
029470-99999,MIKKELI,FI,+61.687,+027.202,+0100.3,19730101,20250824
029480-99999,SAVONLINNA,FI,+61.943,+028.945,+0094.8,19840813,20250824
029490-99999,SOMERO SALKOLA,FI,+60.650,+023.800,+0143.0,19730101,20250824
029500-99999,PARAINEN FAGERHOLM,FI,+60.117,+021.700,+0004.5,19010101,20250824
029520-99999,PORI,FI,+61.462,+021.800,+0013.4,19520101,20250824
029550-99999,KUOPIO SAVILAHTI,FI,+62.900,+027.633,+0088.3,20120618,20250824
029560-99999,KOUVOLA UTTI LENTOPORTINTIE,FI,+60.883,+026.933,+0099.0,20130805,20250824
029570-99999,VAASA KLEMETTILA,FI,+63.100,+021.639,+0009.0,20120101,20250824
029580-99999,LAPPEENRANTA,FI,+61.045,+028.144,+0106.4,19730101,20250824
029590-99999,LAPPEENRANTA LEPOLA,FI,+61.050,+028.217,+0104.4,20120618,20240827
029630-99999,JOKIOINEN,FI,+60.817,+023.500,+0103.0,19570402,20250824
029640-99999,KUSTAVI ISOKARI,FI,+60.717,+021.033,+0003.9,20040803,20250824
029650-99999,LAHTI LAUNE,FI,+60.967,+025.633,+0078.7,19730101,20250817
029660-99999,UTTI,FI,+60.896,+026.938,+0103.3,19730101,20250824
029670-99999,KOTKA HAAPASAARI,FI,+60.283,+027.183,+0005.5,20040803,20250824
029700-99999,MARIEHAMN,FI,+60.122,+019.898,+0005.2,19170101,20250824
029720-99999,TURKU,FI,+60.514,+022.263,+0049.1,19010101,20250824
029740-99999,HELSINKI VANTAA,FI,+60.317,+024.963,+0054.6,19520101,20250824
029750-99999,HELSINKI MALMI,FI,+60.255,+025.043,+0017.4,19170101,20250806
029760-99999,KOTKA RANKKI,FI,+60.383,+026.967,+0013.1,19520101,20250824
029780-99999,HELSINKI KAISANIEMI,FI,+60.183,+024.950,+0004.0,20080115,20250824
029790-99999,KOKAR BOGSKAR,FI,+59.500,+020.350,+0016.0,20040803,20250321
029800-99999,LEMLAND NYHAMN,FI,+59.967,+019.950,+0010.0,19730101,20250824
029810-99999,PARAINEN UTO,FI,+59.783,+021.367,+0006.8,19010101,20250824
029820-99999,HANKO RUSSARO,FI,+59.767,+022.950,+0006.5,19060101,20250824
029830-99999,NURMIJARVI GEOPHSICAL OBSERVATORY,FI,+60.517,+024.650,+0113.0,20120618,20250824
029840-99999,INKOO BAGASKAR,FI,+59.933,+024.017,+0012.0,19730101,20250824
029851-99999,ESPOO TAPIOLA,FI,+60.183,+024.783,+0007.5,20150217,20250824
029870-99999,PORVOO KALLBADAGRUND,FI,+59.983,+025.600,+0023.3,19821001,20250824
029890-99999,HELSINKI LIGHTHOUSE,FI,+59.950,+024.933,+0020.2,20120618,20250824
029910-99999,PORVOO EMASALO,FI,+60.200,+025.633,+0027.1,20040803,20250824
029920-99999,LOVIISA ORRENGRUND,FI,+60.283,+026.450,+0003.5,20040803,20250824
029930-99999,HAMMARLAND MARKET,FI,+60.300,+019.133,+0015.1,20040213,20250824
029980-99999,HELSINKI KUMPULA,FI,+60.200,+024.967,+0024.0,20130805,20250824
030020-99999,BALTASOUND NO.2,UK,+60.750,-000.850,+0015.0,19730101,20250824
030030-99999,SUMBURGH,UK,+59.879,-001.296,+0006.1,19770119,20250824
030050-99999,LERWICK,UK,+60.133,-001.183,+0084.0,19291001,20250824
030080-99999,FAIR ISLE,UK,+59.533,-001.633,+0057.0,19730103,20250824
030170-99999,KIRKWALL,UK,+58.958,-002.905,+0015.5,19730101,20250824
030180-99999,WOODVALE,UK,+53.582,-003.056,+0011.3,20050620,20250822
030220-99999,BENBECULA,UK,+57.481,-007.363,+0005.8,19730101,20250824
030230-99999,SOUTH UIST RANGE,UK,+57.333,-007.367,+0004.0,19920301,20250824
030260-99999,STORNOWAY,UK,+58.216,-006.331,+0007.9,19291001,20250824
030310-99999,LOCH GLASCARNOCH,UK,+57.717,-004.883,+0264.0,19921022,20250824
030340-99999,AULTBEA NO2,UK,+57.867,-005.633,+0010.0,19861001,20250824
030390-99999,BEALACH NA BA NO2,UK,+57.417,-005.683,+0773.0,19890301,20250824
030410-99999,AONACH MOR,UK,+56.817,-004.967,+1130.0,19920302,20250824
030440-99999,ALTNAHARRA NO2,UK,+58.283,-004.433,+0080.0,19930302,20250824
030470-99999,TULLOCH BRIDGE,UK,+56.867,-004.700,+0249.0,19830805,20250824
030590-99999,INVERNESS,UK,+57.543,-004.048,+0009.4,19730102,20250824
030620-99999,TAIN RANGE (SAWS),UK,+57.817,-003.967,+0004.0,19891019,20250824
030630-99999,AVIEMORE,UK,+57.200,-003.833,+0228.0,19821201,20250824
030650-99999,CAIRNGORM SUMMIT,UK,+57.117,-003.633,+1245.0,19850106,20250325
030660-99999,KINLOSS,UK,+57.649,-003.561,+0006.7,19730101,20250824
030680-99999,LOSSIEMOUTH,UK,+57.705,-003.339,+0012.8,19730103,20250824
030720-99999,CAIRNWELL,UK,+56.883,-003.417,+0933.0,19971201,20250824
030750-99999,WICK,UK,+58.459,-003.093,+0038.4,19291001,20250824
030800-99999,ABOYNE NO2,UK,+57.083,-002.833,+0140.0,19890412,20250824
030880-99999,INVERBERVIE NO.2,UK,+56.850,-002.267,+0134.0,19871202,20250824
030910-99999,ABERDEEN DYCE,GB,+57.202,-002.198,+0065.5,19260602,20250824
031000-99999,TIREE,UK,+56.499,-006.869,+0011.6,19291001,20250824
031050-99999,ISLAY: PORT ELLEN,UK,+55.683,-006.250,+0017.0,20010729,20250824
031110-99999,MACHRIHANISH,UK,+55.433,-005.700,+0010.0,19730101,20250824
031140-99999,OBAN,UK,+56.417,-005.467,+0004.0,19780902,20250824
031320-99999,WEST FREUGH (AUT),UK,+54.850,-004.950,+0012.0,19830804,20250824
031340-99999,GLASGOW BISHOPTON,UK,+55.900,-004.533,+0059.0,20030330,20250824
031350-99999,PRESTWICK,UK,+55.509,-004.587,+0019.8,19440101,20250824
031360-99999,PRESTWICK RNAS,UK,+55.517,-004.583,+0027.0,19930401,20250824
031394-99999,CAMPBELTOWN,UK,+55.437,-005.686,+0012.8,19990118,20250824
031400-99999,GLASGOW,UK,+55.872,-004.433,+0007.9,19291001,20250824
031401-99999,MAGNUS OIL PLATFORM,UK,+61.617,+001.300,+0470.0,20120301,20250824
031402-99999,BRUCE OIL PLATFORM,UK,+59.733,+001.667,+0470.0,20120301,20250824
031403-99999,HARDING OIL PLATFORM,UK,+59.267,+001.500,+0470.0,20120301,20250824
031405-99999,ANDREW OIL PLATFORM,UK,+58.033,+001.400,+0470.0,20120301,20250824
031406-99999,MUNGO OIL PLATFORM,UK,+57.367,+001.983,+0470.0,20120301,20250824
031407-99999,MARNOCK OIL PLATFORM,UK,+57.283,+001.650,+0470.0,20120301,20250824
031408-99999,RAVENSPURN N OIL PLATFORM,UK,+54.017,+001.100,+0470.0,20120301,20250824
031409-99999,WEST SOLE OIL PLATFORM,UK,+53.700,+001.133,+0470.0,20120301,20250824
031412-99999,CLAIR OIL PLATFORM,UK,+60.683,-002.533,+0470.0,20130312,20250824
031413-99999,CLEETON OIL PLATFORM,UK,+54.033,+000.717,+0470.0,20130312,20250824
031440-99999,STRATHALLEN AIRFIELD,UK,+56.317,-003.733,+0035.0,19890502,20250824
031530-99999,DUNDRENNAN,UK,+54.800,-004.000,+0113.0,19830804,20250824
031550-99999,DRUMALBIN,UK,+55.617,-003.733,+0245.0,19910502,20250824
031580-99999,CHARTERHALL,UK,+55.700,-002.383,+0111.0,19871002,20250824
031600-99999,EDINBURGH,UK,+55.950,-003.373,+0041.1,19730101,20250824
031620-99999,ESKDALEMUIR,UK,+55.317,-003.200,+0242.0,19291001,20250824
031634-99999,DUNDEE,UK,+56.452,-003.026,+0005.2,19830404,20250824
031650-99999,SPADEADAM,UK,+55.050,-002.550,+0325.0,19920911,20250824
031660-99999,EDINBURGH GOGARBANK,UK,+55.933,-003.350,+0057.0,20030330,20250824
031710-99999,LEUCHARS,UK,+56.373,-002.868,+0011.6,19291001,20250824
032040-99999,ISLE OF MAN,UK,+54.083,-004.624,+0016.8,19730101,20250824
032100-99999,ST BEES HEAD NO.2,UK,+54.517,-003.600,+0123.0,19840614,20250824
032120-99999,KESWICK,UK,+54.617,-003.167,+0081.0,19840614,20250824
032140-99999,WALNEY ISLAND,UK,+54.131,-003.264,+0014.3,19830804,20250824
032145-99999,WARTON,UK,+53.745,-002.883,+0016.8,20111130,20250822
032200-99999,CARLISLE,UK,+54.933,-002.967,+0027.0,19880601,20250824
032240-99999,SPADEADAM NO2,UK,+55.050,-002.550,+0286.0,19921201,20250824
032250-99999,SHAP,UK,+54.500,-002.683,+0255.0,19781101,20250824
032260-99999,WARCOP RANGE,UK,+54.567,-002.417,+0227.0,19830808,20250824
032270-99999,GREAT DUN FELL NO2,UK,+54.683,-002.450,+0847.0,19941001,20240421
032300-99999,REDESDALE CAMP,UK,+55.283,-002.283,+0212.0,19830804,20250824
032380-99999,ALBEMARLE,UK,+55.017,-001.867,+0146.0,20030330,20250824
032400-99999,BOULMER,UK,+55.424,-001.603,+0021.3,19751001,20250824
032433-99999,NEWCASTLE,UK,+55.038,-001.692,+0081.1,19880105,20250824
032570-99999,LEEMING,UK,+54.292,-001.535,+0040.2,19730101,20250824
032635-99999,DURHAM TEES VALLEY AIRPORT / TEESSIDE INTL,GB,+54.509,-001.429,+0036.6,19730101,20250824
032643-99999,TOPCLIFFE,UK,+54.206,-001.382,+0028.0,19940720,20250824
032650-99999,TOPCLIFFE,UK,+54.200,-001.383,+0028.0,19970501,20250824
032750-99999,LOFTUS,UK,+54.567,-000.867,+0159.0,19961101,20250824
032810-99999,FYLINGDALES,UK,+54.367,-000.667,+0262.0,19730101,20250824
032920-99999,BRIDLINGTON MRSC,UK,+54.100,-000.167,+0019.0,19870430,20250824
033010-99999,MONA,UK,+53.267,-004.367,+0062.0,19291001,20250824
033020-99999,VALLEY,UK,+53.248,-004.535,+0011.3,19260606,20250824
033050-99999,CAPEL CURIG NO3,UK,+53.100,-003.933,+0215.0,19941001,20250824
033130-99999,RHYL NO2,UK,+53.250,-003.500,+0076.0,19861001,20250824
033160-99999,CROSBY,UK,+53.500,-003.067,+0009.0,19840614,20250824
033180-99999,BLACKPOOL,UK,+53.772,-003.029,+0010.4,19730101,20250824
033210-99999,HAWARDEN,UK,+53.178,-002.978,+0013.7,19850904,20250824
033233-99999,LIVERPOOL,UK,+53.334,-002.850,+0024.4,19900424,20250824
033300-99999,LEEK THORNCLIFFE,UK,+53.133,-001.983,+0299.0,20040706,20250824
033340-99999,MANCHESTER,UK,+53.354,-002.275,+0078.3,19330930,20250824
033440-99999,BINGLEY NO.2,UK,+53.817,-001.867,+0267.0,19730101,20250824
033460-99999,EMLEY MOOR NO 2,UK,+53.600,-001.667,+0267.0,19761221,20250824
033463-99999,LEEDS BRADFORD,UK,+53.866,-001.661,+0207.6,19880105,20250824
033465-99999,NEWQUAY CORNWALL,UK,+50.433,-004.983,+0119.0,20090201,20250824
033475-99999,SHEFFIELD CITY / ST ATHAN,GB,+51.405,-003.434,+0050.0,19980408,20250824
033510-99999,ROSTHERNE NO 2,UK,+53.367,-002.383,+0035.0,20121130,20250824
033540-99999,NOTTINGHAM/WATNALL,UK,+53.000,-001.250,+0117.0,19730101,20250824
033723-99999,BARKSTON HEATH,UK,+52.962,-000.562,+0111.9,19951129,20250824
033735-99999,HUMBERSIDE,UK,+53.574,-000.351,+0036.9,19750109,20250824
033770-99999,WADDINGTON,UK,+53.166,-000.524,+0070.4,19500926,20250824
033790-99999,CRANWELL,UK,+53.030,-000.483,+0066.4,19290801,20250824
033820-99999,LECONFIELD,UK,+53.867,-000.433,+0007.0,20030330,20250824
033840-99999,LECONFIELD (AUT),UK,+53.867,-000.433,+0006.0,19810112,20250824
033850-99999,DONNA NOOK,UK,+53.467,+000.067,+0008.0,19921208,20250824
033851-99999,DONNA NOOK RAF,UK,+53.475,+000.152,+0003.0,20110512,20250824
033910-99999,CONINGSBY,UK,+53.093,-000.166,+0007.6,19430801,20250824
033920-99999,WAINFLEET (AUT),UK,+53.083,+000.267,+0005.0,19840614,20250824
033961-99999,SPURN HEAD (POINT),UK,+53.567,+000.117,+0007.0,20170925,20250824
034050-99999,ABERDARON,UK,+52.783,-004.733,+0094.0,19941001,20250824
034090-99999,BALA,UK,+52.900,-003.583,+0163.0,20110627,20250824
034100-99999,LAKE VYRNWY NO2,UK,+52.750,-003.467,+0359.0,19941001,20250824
034140-99999,SHAWBURY,UK,+52.798,-002.668,+0075.9,19730101,20250824
034145-99999,COSFORD,UK,+52.640,-002.306,+0082.9,19940831,20250824
034185-99999,NOTTINGHAM EAST MIDLANDS,UK,+52.831,-001.328,+0093.3,19730101,20250824
034620-99999,WITTERING,UK,+52.613,-000.476,+0083.2,19730301,20250824
034690-99999,HOLBEACH (AUT),UK,+52.867,+000.150,+0003.0,19851201,20250824
034820-99999,MARHAM,UK,+52.648,+000.551,+0022.9,19490401,20250824
034880-99999,WEYBOURNE,UK,+52.950,+001.133,+0020.0,19860119,20250824
034920-99999,NORWICH,UK,+52.676,+001.283,+0035.7,19871202,20250824
034940-99999,CROMER,UK,+52.933,+001.317,+0044.0,19730309,20240914
035020-99999,ABERPORTH,UK,+52.133,-004.567,+0134.0,19730101,20250824
035030-99999,TRAWSGOED,UK,+52.350,-003.950,+0062.0,19830820,20250824
035070-99999,SENNYBRIDGE NO2,UK,+52.067,-003.617,+0307.0,19840614,20250824
035200-99999,SHOBDON AIRFIELD,UK,+52.250,-002.883,+0099.0,19920801,20250824
035220-99999,HEREFORD/CREDENHILL,UK,+52.083,-002.800,+0076.0,19291001,20250824
035290-99999,PERSHORE,UK,+52.150,-002.033,+0031.0,19780301,20250824
035340-99999,BIRMINGHAM,UK,+52.454,-001.748,+0099.7,19730101,20250824
035350-99999,COLESHILL,UK,+52.483,-001.683,+0096.0,20010706,20250824
035440-99999,CHURCH LAWFORD,UK,+52.367,-001.333,+0106.0,19830824,20250824
035573-99999,CRANFIELD,UK,+52.072,-000.617,+0109.1,19900208,20250824
035600-99999,BEDFORD,UK,+52.217,-000.483,+0084.0,19870409,20250824
035661-99999,ISLAY,UK,+55.682,-006.257,+0017.1,20040510,20250824
035715-99999,CAMBRIDGE,UK,+52.205,+000.175,+0014.3,19770201,20250822
035770-35046,MILDENHALL RAF,UK,+52.367,+000.483,+0010.0,19990101,20250824
035830-35034,LAKENHEATH RAF,UK,+52.417,+000.567,+0010.0,19990102,20250824
035900-99999,WATTISHAM,UK,+52.127,+000.956,+0086.6,19730101,20250824
036040-99999,MILFORD HAVEN CONSERVANCY BOARD,UK,+51.700,-005.050,+0032.0,19730101,20250824
036050-99999,PEMBRY SANDS,UK,+51.717,-004.367,+0003.0,19930301,20250824
036090-99999,MUMBLES HEAD,UK,+51.567,-003.983,+0032.0,19730104,20240604
036130-99999,CWMBARGOED,UK,+51.750,-003.333,+0372.0,19730101,20240907
036333-99999,GLOUCESTERSHIRE,UK,+51.894,-002.167,+0030.8,19771001,20250824
036440-99999,FAIRFORD,UK,+51.682,-001.790,+0087.2,19520610,20250824
036470-99999,LITTLE RISSINGTON,UK,+51.867,-001.683,+0210.0,19840614,20250824
036490-99999,BRIZE NORTON,UK,+51.750,-001.584,+0087.8,19510801,20250824
036580-99999,BENSON,UK,+51.616,-001.096,+0068.9,19730101,20250824
036584-99999,COLERNE,UK,+51.439,-002.286,+0180.7,19420401,20241103
036720-99999,NORTHOLT,UK,+51.553,-000.418,+0037.8,19730101,20250824
036733-99999,LONDON LUTON,GB,+51.875,-000.368,+0160.3,19880105,20250824
036800-99999,ROTHAMSTED,UK,+51.800,-000.358,+0128.0,20130820,20250824
036830-99999,LONDON STANSTED,GB,+51.885,+000.235,+0106.1,19730101,20250824
036840-99999,ANDREWSFIELD,UK,+51.883,+000.450,+0087.0,19980301,20250824
036913-99999,SOUTHEND,UK,+51.571,+000.696,+0014.9,19880105,20250824
036930-99999,SHOEBURYNESS  LANDWICK,UK,+51.550,+000.833,+0003.0,19291001,20250824
037070-99999,CHIVENOR,UK,+51.087,-004.150,+0008.2,19730101,20250824
037100-99999,LISCOMBE,UK,+51.083,-003.600,+0347.0,19930113,20250824
037150-99999,CARDIFF,UK,+51.397,-003.343,+0067.1,19730101,20250824
037160-99999,ST ATHAN,UK,+51.405,-003.436,+0049.7,20010706,20250824
037243-99999,BRISTOL,UK,+51.383,-002.719,+0189.6,19880105,20250824
037400-99999,LYNEHAM,UK,+51.505,-001.993,+0156.4,19730101,20250824
037430-99999,LARKHILL,UK,+51.200,-001.800,+0133.0,19890601,20250824
037460-99999,BOSCOMBE DOWN,UK,+51.152,-001.747,+0124.1,19310101,20250824
037490-99999,MIDDLE WALLOP,UK,+51.150,-001.567,+0091.0,19730809,20250824
037610-99999,ODIHAM,UK,+51.234,-000.943,+0123.4,19730101,20250824
037663-99999,BIGGIN HILL,UK,+51.331,+000.033,+0182.3,19880105,20250824
037680-99999,FARNBOROUGH,UK,+51.276,-000.776,+0072.5,19880501,20250824
037683-99999,LONDON CITY,GB,+51.505,+000.055,+0005.8,19880129,20250824
037690-99999,CHARLWOOD,UK,+51.144,-000.229,+0068.0,19920301,20250824
037700-99999,ST JAMES PARK,UK,+51.500,-000.117,+0005.0,20091218,20250824
037720-99999,LONDON HEATHROW,GB,+51.478,-000.461,+0025.3,19481201,20250824
037760-99999,LONDON GATWICK,GB,+51.148,-000.190,+0061.6,19730101,20250824
037810-99999,KENLEY AIRFIELD,UK,+51.300,-000.083,+0170.0,19880201,20250824
037960-99999,LANGDON BAY,UK,+51.133,+001.350,+0117.0,19730308,20250824
037970-35047,MANSTON,UK,+51.350,+001.333,+0050.0,19300228,20250824
038000-99999,SCILLY/ST. MARY'S,UK,+49.917,-006.283,+0045.0,19890124,20250824
038030-99999,SCILLY/SAINT MARY'S,UK,+49.917,-006.300,+0031.0,19860101,20250824
038060-99999,LANDS END ARPT,UK,+50.064,-005.709,+0063.0,19730308,20250823
038080-99999,CAMBORNE,UK,+50.217,-005.317,+0088.0,19730101,20250824
038090-99999,CULDROSE,UK,+50.086,-005.256,+0081.4,19730101,20250824
038230-99999,CARDINHAM  BODMIN,UK,+50.500,-004.667,+0199.0,19870708,20250824
038270-99999,PLYMOUTH/MOUNTBATTE,UK,+50.350,-004.117,+0027.0,19730101,20250824
038321-99999,OKEHAMPTON - EAST OKEMENT FARM,UK,+50.703,-003.977,+0408.0,20210721,20240705
038390-99999,EXETER,UK,+50.734,-003.414,+0031.1,19730101,20250824
038400-99999,DUNKESWELL AERODROME,UK,+50.867,-003.233,+0253.0,19910531,20250824
038530-99999,YEOVILTON,UK,+51.009,-002.639,+0022.9,19730101,20250824
038570-99999,ISLE OF PORTLAND,UK,+50.517,-002.450,+0052.0,19730809,20250824
038620-99999,BOURNEMOUTH,UK,+50.780,-001.843,+0011.6,19730101,20250824
038650-99999,SOUTHAMPTON,UK,+50.950,-001.357,+0013.4,19730101,20250824
038660-99999,WIGHT: ST. CATHERINES POINT,UK,+50.583,-001.300,+0024.0,19730101,20250824
038720-99999,THORNEY ISLAND,UK,+50.817,-000.917,+0003.0,19840703,20250824
038760-99999,SHOREHAM,UK,+50.836,-000.297,+0002.1,19861201,20250824
038820-99999,HERSTMONCEUX  WEST END,UK,+50.900,+000.317,+0052.0,19921201,20250824
038873-99999,LYDD,UK,+50.956,+000.939,+0004.0,19880105,20250824
038915-99999,ALDERNEY,UK,+49.706,-002.215,+0088.4,19870629,20250824
038940-99999,GUERNSEY,UK,+49.435,-002.602,+0102.4,19291001,20250824
038950-99999,JERSEY,UK,+49.208,-002.196,+0084.4,19730101,20250824
038960-99999,ST. HELIER,UK,+49.200,-002.100,+0054.0,19840801,20250824
039010-99999,THOMASTOWN,UK,+54.333,-007.600,+0072.0,20120720,20250824
039040-99999,CASTLEDERG,UK,+54.700,-007.583,+0050.0,19971201,20250824
039070-99999,MAGILLIGAN NO 2,UK,+55.150,-006.933,+0006.0,20110901,20250824
039084-99999,LONDONDERRY EGLINTON,UK,+55.043,-007.161,+0006.7,19900424,20250824
039110-99999,LOUGH FEA,UK,+54.717,-006.817,+0227.0,19941003,20250824
039150-99999,PORTGLENONE,UK,+54.867,-006.450,+0065.0,19730308,20250824
039160-99999,BALLYPATRICK FOREST,UK,+55.183,-006.167,+0156.0,19870301,20250824
039170-99999,BELFAST ALDERGROVE,GB,+54.658,-006.216,+0081.7,19300228,20250824
039230-99999,GLENANNE NO2,UK,+54.233,-006.500,+0160.0,19850207,20250824
039240-99999,BELFAST CITY,GB,+54.618,-005.873,+0004.6,19730101,20250824
039270-99999,HELENS BAY,UK,+54.669,-005.748,+0043.0,19920301,20240909
039510-99999,SHERKIN ISLAND,EI,+51.467,-009.417,+0021.0,20091020,20250824
039520-99999,ROCHES POINT,EI,+51.800,-008.250,+0041.0,19291001,20250824
039530-99999,VALENTIA OBSERVATORY,EI,+51.933,-010.250,+0030.0,19260102,20250824
039550-99999,CORK,EI,+51.841,-008.491,+0153.0,19730101,20250824
039560-99999,JOHNSTOWN CASTLE,EI,+52.283,-006.483,+0053.0,20070806,20250824
039610-99999,OAK PARK - CARLOW,EI,+52.850,-006.900,+0063.0,20080721,20250824
039620-99999,SHANNON,EI,+52.702,-008.925,+0014.0,19730101,20250824
039630-99999,MACE HEAD,EI,+53.317,-009.900,+0023.0,20091020,20250824
039660-99999,GURTEEN,EI,+53.017,-008.000,+0076.0,19291001,20250824
039670-99999,CASEMENT,EI,+53.302,-006.451,+0097.2,19870201,20250824
039690-99999,DUBLIN,EI,+53.421,-006.270,+0073.8,19730101,20250824
039700-99999,CLAREMORRIS,EI,+53.717,-008.983,+0069.0,19730101,20250824
039710-99999,MULLINGAR,EI,+53.533,-007.367,+0100.0,19730101,20250824
039730-99999,CONNAUGHT / IRELAND WEST,IE,+53.910,-008.818,+0202.7,19291001,20250824
039760-99999,BELMULLET,EI,+54.233,-010.000,+0009.7,19730101,20250824
039780-99999,FINNER,EI,+54.483,-008.233,+0034.7,20010601,20250824
039790-99999,BALLYHAISE,EI,+54.050,-007.300,+0079.0,20080721,20250824
039800-99999,MALIN HEAD,EI,+55.367,-007.333,+0025.0,19260701,20250824
040050-99999,BOLUNGAVIK,IC,+66.150,-023.250,+0024.0,19520201,20250824
040070-99999,HOLAR I DYRAFIRDI,IC,+65.867,-023.600,+0030.0,20051230,20250824
040130-99999,STYKKISHOLMUR,IC,+65.083,-022.733,+0008.0,19730101,20250824
040131-99999,ISAFJORDUR,IC,+66.058,-023.135,+0002.4,20090403,20250824
040170-99999,AEDEY,IC,+66.100,-022.667,+0005.0,20010923,20250824
040180-16201,KEFLAVIK NAVAL AIR STATION,IC,+63.967,-022.600,+0052.1,19421001,20250824
040300-99999,REYKJAVIK,IC,+64.130,-021.941,+0014.6,19310101,20250824
040340-99999,STAFHOLTSEY,IC,+64.617,-021.600,+0014.0,19490101,20250824
040380-99999,EYRARBAKKI,IC,+63.867,-021.150,+0005.0,19740601,20250824
040480-99999,VESTMANNAEYJAR,IC,+63.424,-020.279,+0099.4,19310103,20250824
040520-99999,BASAR,IC,+64.683,-019.483,+0240.0,20250702,20250824
040560-99999,HVERAVELLIR,IC,+64.867,-019.567,+0642.0,19740731,20250824
040630-99999,AKUREYRI,IC,+65.660,-018.073,+0001.8,19310103,20250824
040640-99999,KIRKJUBAEJARKLAUSTUR,IC,+63.783,-018.067,+0038.0,19490101,20250824
040650-99999,GRIMSEY ISLAND,IC,+66.533,-018.017,+0016.0,19130101,20250824
040655-99999,BILDUDALUR,IC,+65.641,-023.546,+0005.5,20130220,20250824
040690-99999,STADARHOLL,IC,+65.817,-017.200,+0042.0,20190315,20250824
040710-99999,MANARBAKKI,IC,+66.200,-017.100,+0017.0,19800502,20250824
040720-99999,FAGURHOLSMYRI,IC,+63.883,-016.650,+0046.0,19490101,20250824
040730-99999,GRIMSSTADIR,IC,+65.633,-016.117,+0386.0,19490101,20250824
040770-99999,RAUFARHOFN,IC,+66.450,-015.950,+0010.0,19490101,20250824
040820-99999,HORNAFJORDUR,IC,+64.296,-015.227,+0007.3,19730101,20250824
040850-99999,SKJALDTHINGSSTADIR,IC,+65.750,-014.833,+0048.0,19750311,20250824
040890-99999,EGILSSTADIR,IC,+65.283,-014.401,+0023.2,19490101,20250824
040940-99999,NUPUR,IC,+64.700,-014.100,+0025.0,20240404,20240404
040970-99999,DALATANGI,IC,+65.267,-013.583,+0011.0,19310103,20250824
041010-99999,BJARGTANGAR,IC,+65.500,-024.517,+0036.0,20040925,20250824
041030-99999,PATREKSFJORDUR,IC,+65.600,-024.000,+0004.0,20040909,20250824
041040-99999,GUFUSKALAR,IC,+64.900,-023.933,+0007.0,20060912,20250824
041090-99999,THVERFJALL,IC,+66.050,-023.317,+0753.0,20141113,20250824
041200-99999,GRINDAVIK,IC,+63.850,-022.417,+0004.0,20050222,20250824
041230-99999,HORNBJARGSVITI,IC,+66.417,-022.383,+0022.0,20050317,20250824
041240-99999,STRAUMSVIK,IC,+64.050,-022.333,+0005.0,20121204,20250824
041300-99999,REYKJAVIK,IC,+64.133,-021.900,+0053.0,20031104,20250824
041310-99999,GJOGUR,IC,+65.983,-021.350,+0032.0,20040612,20250824
041370-99999,AKUREYRI A,IC,+65.683,-018.117,+0031.0,20080429,20250824
041460-99999,VESTMANNAEYJABAER,IC,+63.433,-020.283,+0040.0,20071016,20250824
041490-99999,KOLKA,IC,+65.400,-019.717,+0505.0,20141113,20250824
041540-99999,BURFELL,IC,+64.083,-019.733,+0249.0,20040116,20250824
041600-99999,THUFUVER,IC,+64.583,-018.600,+0614.0,20031104,20250824
041620-99999,VEIDIVATNAHRAUN,IC,+64.400,-018.500,+0648.0,20070226,20250824
041650-99999,GRIMSEY,IC,+66.533,-018.017,+0017.0,19630101,20250824
041660-99999,JOKULHEIMAR,IC,+64.317,-018.217,+0727.0,20040809,20250824
041680-99999,SANDBUDIR,IC,+64.933,-017.983,+0821.0,20001204,20250824
041700-99999,SKARDSFJORUVITI,IC,+63.517,-017.983,+0009.0,20040504,20250824
041750-99999,ICELAND SITE,IC,+66.510,-016.540,+0059.3,19630101,20250824
041760-99999,KARAHNJUKAR,IC,+64.933,-015.783,+0639.0,20071016,20250824
041830-99999,FONTUR,IC,+66.383,-014.533,+0044.0,20041028,20250824
041930-99999,GAGNHEIDI,IC,+65.217,-014.267,+0949.0,20050923,20250824
041950-99999,ICELAND SITE,IC,+65.280,-014.000,+0092.4,19801201,20250824
041960-99999,KAMBANES,IC,+64.800,-013.850,+0034.0,20141113,20250824
041970-99999,DALATANGI,IC,+65.267,-013.583,+0011.0,20031009,20250824
042020-99999,PITUFFIK SPACE BASE,GL,+76.531,-068.703,+0076.5,19511101,20250824
042021-99999,AASIAAT MITTARFIA,GL,+68.717,-052.800,+0027.0,20040510,20250807
042022-99999,JAKOBSHAVN LUFTHAVN,GL,+69.233,-051.067,+0031.0,20040510,20250824
042023-99999,QAARSUT MITTARFIA,GL,+70.733,-052.700,+0089.0,20040831,20250824
042024-99999,SISIMIUT,GL,+66.950,-053.733,+0050.0,20040510,20250824
042030-99999,KITSISSUT (CAREY OEER),GL,+76.633,-073.000,+0011.0,19730701,20250824
042040-99999,MANIITSOQ,GL,+65.417,-052.933,+0015.0,20040803,20250824
042050-99999,MITTARFIK QAANAAQ,GL,+77.483,-069.383,+0016.0,19730102,20250824
042080-99999,KITSISSORSUIT (EDDERFUGLE OEER),GL,+74.033,-057.817,+0040.0,19820104,20250824
042110-99999,MITTARFIK UPERNAVIK (UPERNAVIK LUFTHAVN),GL,+72.783,-056.133,+0129.0,20040706,20250824
042140-99999,NUUSSUAATAA (NUUSSUAQ),GL,+70.683,-054.617,+0027.0,19821001,20250824
042200-99999,AASIAAT (EGEDESMINDE),GL,+68.700,-052.850,+0041.0,19430109,20250824
042280-99999,KITSISSUT (ATTU),GL,+67.783,-053.967,+0012.0,19830812,20250824
042310-99999,SONDRE STROMFJORD / KANGERLUSSUAQ,GL,+67.017,-050.689,+0050.3,19411201,20250824
042420-99999,SIORALIK,GL,+65.017,-052.550,+0014.0,19830701,20250824
042500-99999,NUUK (GODTHAAB),GL,+64.167,-051.750,+0084.0,19490101,20250824
042530-99999,UKIIVIK (FREDERIKSHAAB ISBLINK),GL,+62.567,-050.417,+0022.0,19821101,20250824
042605-99999,FREDICKSHAB/PAAMIUT AIRPORT,GL,+61.983,-049.700,+0013.0,20050101,20250824
042660-99999,NUNARSUIT,GL,+60.750,-048.450,+0030.0,19820104,20250824
042700-99999,NARSARSUAQ,GL,+61.161,-045.426,+0034.1,19410722,20250824
042720-99999,JULIANEHAAB,GL,+60.717,-046.050,+0034.0,19360501,20241009
042850-99999,ANGISOQ,GL,+59.983,-045.200,+0016.0,19811202,20250824
043010-99999,KAP MORRIS JESUP,GL,+83.650,-033.367,+0004.0,19811029,20250824
043120-99999,STATION NORD AWS,GL,+81.600,-016.650,+0036.0,19850801,20250824
043130-99999,HENRIK KROEYER HOLME,GL,+80.650,-013.717,+0010.0,19840901,20250824
043200-99999,DANMARKSHAVN (PORT),GL,+76.767,-018.667,+0012.0,19490101,20250824
043300-99999,DANEBORG (AUT),GL,+74.300,-020.217,+0044.0,19450901,20250824
043390-99999,SCORESBYSUND,GL,+70.483,-021.950,+0069.0,19360501,20250824
043410-99999,CONSTABLE POINT,GL,+70.750,-022.650,+0010.0,19860510,20250824
043510-99999,APUTITEEQ,GL,+67.783,-032.283,+0023.0,19870301,20250824
043600-99999,TASIILAQ,GL,+65.600,-037.633,+0052.0,19360501,20250824
043610-99999,KULUSUK LUFTHAVN,GL,+65.583,-037.150,+0037.0,19431005,20250824
043730-99999,IKERMIIT,GL,+64.783,-040.300,+0080.0,19861201,20250824
043820-99999,IKERMIUARSUK,GL,+61.933,-042.067,+0039.0,19431101,20250824
043900-99999,PRINS CHRISTIAN,GL,+60.033,-043.117,+0019.0,19430101,20250824
060050-99999,MYKINES,DA,+62.100,-007.683,+0100.0,20010601,20250824
060090-99999,AKRABERG,DA,+61.400,-006.667,+0102.0,19730101,20250824
060100-99999,VAGAR,FO,+62.064,-007.277,+0085.3,19740805,20250824
060110-99999,TORSHAVN,DA,+62.017,-006.767,+0061.0,19310103,20250824
060120-99999,KIRKJA,DA,+62.317,-006.317,+0056.0,20010716,20250824
060160-99999,HORNS REV A,FO,+55.500,+007.867,+0021.0,20091110,20250824
060170-99999,HORNS REV B HELIDECK,DA,+55.600,+007.624,+0010.0,20090925,20250824
060190-99999,SILSTRUP,DA,+56.933,+008.633,+0041.0,20050405,20250824
060210-99999,HANSTHOLM,DA,+57.117,+008.600,+0003.0,19310101,20250824
060221-99999,GORM C  OIL PLATFORM HELIPAD,DA,+55.580,+004.759,+0096.0,20120822,20241031
060222-99999,HALFDAN A  OIL PLATFORM HELIPAD,DA,+55.531,+005.004,+0094.5,20120821,20241031
060223-99999,TYRA E OIL PLATFORM HELIPAD,DA,+55.722,+004.802,+0095.1,20120821,20241031
060224-99999,HARALD HELIDECK OIL RIG,DA,+56.344,+004.272,+0095.0,20120904,20241031
060300-99999,FLYVESTATION AALBORG,DA,+57.093,+009.849,+0003.0,19400401,20250824
060310-99999,TYLSTRUP,DA,+57.183,+009.950,+0013.0,20050405,20250824
060320-99999,STENHOJ,DA,+57.383,+010.333,+0055.0,20050405,20250824
060330-99999,HIRTSHALS,DA,+57.600,+009.967,+0003.0,19770110,20250824
060410-99999,SKAGEN,DA,+57.733,+010.633,+0005.0,19280101,20250824
060440-99999,HALS,DA,+56.983,+010.317,+0016.0,19860614,20250824
060490-99999,HALD V,DA,+56.567,+010.100,+0089.0,20010918,20250824
060520-99999,THYBOROEN,DA,+56.700,+008.217,+0004.0,19730101,20240130
060550-99999,TORSMINDE,DA,+56.367,+008.117,+0005.0,20020722,20250824
060560-99999,MEJRUP,DA,+56.383,+008.667,+0053.0,20120411,20250824
060580-99999,HVIDE SANDE,DA,+56.000,+008.150,+0005.0,19890216,20250824
060600-99999,KARUP / MIDTJYLLANDS LUFTHAVN,DK,+56.297,+009.125,+0051.8,19730101,20250824
060650-99999,AARS SYD,DA,+56.750,+009.500,+0033.0,19780415,20250824
060660-99999,STAUNING,DA,+55.990,+008.354,+0005.2,19730621,20250824
060680-99999,ISENVAD,DA,+56.100,+009.183,+0062.0,20120411,20250824
060690-99999,FOULUM,DA,+56.500,+009.567,+0058.0,19881001,20250824
060700-99999,AARHUS,DA,+56.300,+010.619,+0025.0,19730101,20250824
060720-99999,OEDUM,DA,+56.300,+010.133,+0062.0,20120411,20250824
060730-99999,SLETTERHAGE FYR,DA,+56.100,+010.517,+0006.0,19770401,20250824
060740-99999,AARHUS SYD,DA,+56.083,+010.133,+0055.0,19770226,20250824
060790-99999,ANHOLT,DA,+56.717,+011.517,+0004.0,19730101,20250824
060800-99999,ESBJERG,DA,+55.526,+008.553,+0029.6,19730621,20250824
060810-99999,BLAAVANDSHUK,DA,+55.550,+008.083,+0018.0,19280103,20250824
060820-99999,BORRIS,DA,+55.967,+008.633,+0025.0,20120411,20250824
060930-99999,VESTER VEDSTED,DA,+55.300,+008.667,+0004.0,20120411,20240627
060960-99999,ROEMOE/JUVRE,DA,+55.183,+008.567,+0009.0,19840905,20250824
061020-99999,HORSENS/BYGHOLM,DA,+55.867,+009.783,+0024.0,20120411,20250824
061040-99999,BILLUND,DA,+55.740,+009.152,+0075.3,19730101,20250824
061080-99999,KOLDING VAMDRUP,DA,+55.436,+009.331,+0043.6,19900911,20250824
061090-99999,ASKOV,DA,+55.467,+009.117,+0062.0,20120411,20250824
061100-99999,SKRYDSTRUP,DA,+55.226,+009.264,+0043.0,19730101,20250824
061180-99999,SONDERBORG,DA,+54.964,+009.792,+0007.3,19730621,20250824
061190-99999,KEGNAES,DA,+54.850,+009.983,+0019.0,19730101,20250824
061200-99999,ODENSE / HANS CHRISTIAN ANDERSON AIRPORT,DK,+55.477,+010.331,+0017.1,19730101,20250824
061230-99999,ASSENS/TOROE,DA,+55.250,+009.883,+0003.0,20010601,20250824
061240-99999,SYDFYNS/TASINGE ISL,DA,+55.017,+010.567,+0006.0,19830401,20250824
061245-99999,AVNO AIR BASE,DA,+55.083,+011.783,+0004.0,20120704,20250824
061260-99999,AARSLEV,DA,+55.317,+010.433,+0051.0,20120411,20250824
061350-99999,FLAKKEBJERG,DA,+55.317,+011.383,+0034.0,20120411,20250824
061360-99999,TYSTOFTE,DA,+55.250,+011.333,+0012.0,20050405,20250824
061380-99999,LANGOE,DA,+54.817,+011.000,+0004.0,20010726,20250824
061410-99999,ABED,DA,+54.833,+011.333,+0009.0,20010919,20250824
061430-99999,LOLLAND FALSTER MARIBO,DA,+54.699,+011.440,+0004.9,19860401,20240923
061470-99999,VINDEBAEK KYST,DA,+54.883,+012.183,+0003.0,19730101,20250824
061490-99999,GEDSER,DA,+54.567,+011.950,+0005.0,19530101,20250824
061510-99999,OMOE,DA,+55.167,+011.133,+0003.0,19730101,20250824
061540-99999,BRANDELEV,DA,+55.200,+011.867,+0046.0,20120411,20250824
061551-99999,RINGSTED ARPT,DA,+55.426,+011.807,+0035.1,20190301,20250824
061560-99999,HOLBAEK,DA,+55.733,+011.600,+0013.0,19740805,20250824
061590-99999,ROESNAES,DA,+55.750,+010.867,+0015.0,19740906,20250824
061680-99999,NAKKEHOVED,DA,+56.117,+012.350,+0043.0,19881101,20250824
061690-99999,GNIBEN,DA,+56.017,+011.283,+0012.0,19740731,20250824
061700-99999,ROSKILDE,DA,+55.586,+012.131,+0044.5,19770419,20250824
061740-99999,TESSEBOELLE,DA,+55.400,+012.150,+0022.0,20050405,20250824
061800-99999,KASTRUP,DA,+55.618,+012.656,+0005.2,19290801,20250824
061810-99999,JAEGERSBORG,DA,+55.767,+012.533,+0042.0,19990119,20250824
061830-99999,DROGDEN,DA,+55.533,+012.717,+0006.0,19830201,20250824
061880-99999,SJAELSMARK,DA,+55.883,+012.417,+0040.0,20120411,20250824
061900-99999,BORNHOLM RONNE,DA,+55.063,+014.760,+0015.8,19740110,20250824
061930-99999,HAMMER ODDE FYR,DA,+55.300,+014.767,+0009.0,19310101,20250824
061970-99999,NEXOE VEST,DA,+55.050,+015.100,+0025.0,20070807,20250824
062010-99999,D15-FA-1 HELIPAD OIL PLATFORM,NL,+54.317,+002.933,+0036.0,20080826,20250824
062030-99999,P11-B / DE RUYTER,NL,+52.367,+003.350,+0024.0,20091109,20250824
062040-99999,K14-FA-1C,NL,+53.267,+003.633,+0027.0,20070815,20250824
062050-99999,A12-CPP HELIPAD OIL PLATFORM,NL,+55.417,+003.817,+0048.4,20090209,20250824
062070-99999,L9-FF-1,NL,+53.617,+004.967,+0030.0,20070105,20250824
062080-99999,AWG-1,NL,+53.500,+005.950,+0027.0,20070105,20250824
062090-99999,IJMOND,NL,+52.467,+004.517,+0000.0,20010701,20250824
062110-99999,J6-A HELIPAD OIL PLATFORM,NL,+53.817,+002.950,+0034.0,20090209,20250824
062250-99999,IJMUIDEN,NL,+52.467,+004.567,+0004.0,19531101,20250824
062290-99999,TEXELHORS WP,NL,+53.000,+004.717,+0000.0,19960901,20250824
062350-99999,DE KOOY,NL,+52.923,+004.781,+0000.9,19730101,20250824
062390-99999,F3 - NETHERLANDS,NL,+54.850,+004.733,+0000.0,19940301,20250824
062400-99999,SCHIPHOL,NL,+52.309,+004.764,-0003.4,19320503,20250824
062420-99999,VLIELAND ISLAND,NL,+53.250,+004.917,+0005.0,19730102,20250824
062480-99999,WIJDENES,NL,+52.633,+005.167,+0004.0,19970204,20250824
062490-99999,BERKHOUT,NL,+52.650,+004.983,-0003.0,20010701,20250824
062510-99999,TERSCHELLING HOORN AWS,NL,+53.400,+005.350,+0002.0,19960801,20250824
062520-99999,K13-A,NL,+53.217,+003.217,+0030.0,19960801,20250515
062570-99999,WIJK AAN ZEE,NL,+52.500,+004.600,+0010.0,20010701,20250824
062580-99999,HOUTRIBDIJK,NL,+52.650,+005.400,+0007.0,20060809,20250824
062600-99999,DE BILT,NL,+52.100,+005.183,+0004.0,19310101,20250824
062670-99999,STAVOREN AWS,NL,+52.900,+005.383,+0003.0,19940901,20250824
062690-99999,LELYSTAD,NL,+52.460,+005.527,-0004.0,19940901,20250824
062693-99999,VLISSINGEN,NL,+51.450,+003.600,+0008.0,20040510,20250824
062700-99999,LEEUWARDEN,NL,+53.229,+005.761,+0000.9,19490101,20250824
062730-99999,MARKNESSE AWS,NL,+52.700,+005.883,-0003.0,19940901,20250824
062750-99999,DEELEN,NL,+52.061,+005.873,+0048.2,19491017,20250824
062770-99999,LAUWERSOOG AWS,NL,+53.417,+006.200,+0000.0,19940901,20250824
062780-99999,HEINO AWS,NL,+52.433,+006.267,+0005.0,19940901,20250824
062790-99999,HOOGEVEEN AWS,NL,+52.733,+006.573,+0016.0,19940901,20250824
062800-99999,EELDE,NL,+53.120,+006.579,+0005.2,19310601,20250824
062830-99999,HUPSEL AWS,NL,+52.067,+006.650,+0029.0,19940901,20250824
062850-99999,HUIBERTGAT WP,NL,+53.567,+006.400,+0000.0,19960901,20250824
062860-99999,NIEUW BEERTA,NL,+53.200,+007.150,+0000.0,19940901,20250824
062900-99999,TWENTE,NL,+52.270,+006.874,+0034.7,19490101,20250824
063080-99999,CADZAND WP,NL,+51.383,+003.383,+0007.0,19960901,20250824
063100-99999,VLISSINGEN,NL,+51.450,+003.600,+0010.0,19280102,20250824
063120-99999,OOSTERSCHELDE WP,NL,+51.767,+003.617,+0000.0,19960901,20250824
063130-99999,VLAKTE VAN RAAN,NL,+51.500,+003.250,+0000.0,20010704,20250824
063150-99999,HANSWEERT,NL,+51.433,+004.017,+0000.0,20010704,20250824
063160-99999,OOSTERSCHELDE 4,NL,+51.650,+003.700,+0000.0,19960901,20250824
063190-99999,WESTDORPE,NL,+51.233,+003.867,+0002.0,19940901,20250824
063200-99999,LE GOEREE,NL,+51.933,+003.667,+0019.0,19490101,20250824
063210-99999,EURO PLATFORM,NL,+52.000,+003.283,+0018.0,19960801,20250824
063230-99999,WILHELMINADORP AWS,NL,+51.533,+003.883,+0001.0,19940901,20250824
063240-99999,STAVENISSE,NL,+51.600,+004.000,+0000.0,20010704,20250824
063300-99999,HOEK VAN HOLLAND,NL,+51.983,+004.100,+0014.0,19490214,20250824
063310-99999,MAROLLEGAT,NL,+51.483,+004.200,+0000.0,19960901,20250824
063400-99999,WOENSDRECHT,NL,+51.449,+004.342,+0019.2,19490103,20250824
063430-99999,ROTTERDAM GEULHAVEN AWS,NL,+51.900,+004.317,+0004.0,19940901,20250824
063440-99999,ROTTERDAM,NL,+51.957,+004.437,-0004.6,19570101,20250824
063480-99999,CABAUW TOWER,NL,+51.967,+004.933,+0002.0,19960101,20250824
063500-99999,GILZE RIJEN,NL,+51.567,+004.932,+0014.9,19490101,20250824
063560-99999,HERWIJNEN AWS,NL,+51.850,+005.133,+0001.0,19940901,20250824
063700-99999,EINDHOVEN,NL,+51.450,+005.375,+0022.6,19490101,20250824
063750-99999,VOLKEL,NL,+51.656,+005.709,+0021.9,19510601,20250824
063770-99999,ELL AWS,NL,+51.200,+005.767,+0030.0,20010701,20250824
063800-99999,MAASTRICHT AACHEN,NL,+50.912,+005.770,+0114.3,19490101,20250824
063910-99999,ARCEN AWS,NL,+51.500,+006.200,+0019.0,19940901,20250730
064000-99999,KOKSIJDE,BE,+51.090,+002.653,+0006.1,19490101,20250824
064070-99999,OOSTENDE,BE,+51.199,+002.862,+0004.0,19360103,20250824
064140-99999,BEITEM,BE,+50.900,+003.117,+0025.0,20080115,20250824
064180-99999,ZEEBRUGGE,BE,+51.350,+003.200,+0009.0,20091026,20250824
064280-99999,SEMMERZAKE,BE,+50.933,+003.667,+0037.5,19730101,20250824
064320-99999,SHAPE AIRFIELD AT CHIEVRES AB,BE,+50.576,+003.831,+0058.8,19730101,20250824
064325-99999,CASTEAU/HELI (MET),BE,+50.500,+003.980,+0078.0,20100419,20250824
064340-99999,MELLE,BE,+50.983,+003.817,+0015.0,20091026,20250824
064390-99999,SINT KATELIJNE-WAVER,BE,+51.083,+004.517,+0011.0,20121001,20250824
064470-99999,UCCLE,BE,+50.800,+004.350,+0101.0,19490101,20250824
064490-99999,BRUSSELS SOUTH,BE,+50.459,+004.454,+0187.1,19730101,20250824
064500-99999,DEURNE,BE,+51.189,+004.460,+0011.9,19400605,20250824
064510-99999,BRUSSELS NATL,BE,+50.901,+004.484,+0056.1,19300302,20250824
064550-99999,DOURBES,BE,+50.100,+004.600,+0233.0,20091026,20250824
064560-99999,FLORENNES,BE,+50.243,+004.646,+0285.0,19490101,20250824
064580-99999,BEAUVECHAIN,BE,+50.759,+004.768,+0112.8,19730101,20250824
064590-99999,ERNAGE,BE,+50.583,+004.683,+0157.0,19311105,20250824
064640-99999,RETIE,BE,+51.217,+005.033,+0021.0,20091026,20250824
064650-99999,SCHAFFEN,BE,+51.000,+005.067,+0054.0,19730101,20250824
064720-99999,HUMAIN,BE,+50.200,+005.250,+0296.0,20091026,20250824
064760-99999,SAINT HUBERT MIL,BE,+50.036,+005.404,+0588.3,19490101,20250824
064765-99999,SAINT HUBERT,BE,+50.033,+005.400,+0557.0,20090604,20240705
064770-99999,DIEPENBEEK,BE,+50.917,+005.450,+0039.0,20091026,20250824
064780-99999,LIEGE,BE,+50.637,+005.443,+0200.9,19490101,20250824
064790-99999,KLEINE BROGEL,BE,+51.168,+005.470,+0061.0,19730101,20250824
064840-99999,BUZENOL,BE,+49.617,+005.583,+0324.0,20091026,20250824
064900-99999,SPA/LA SAUVENIERE,BE,+50.483,+005.917,+0482.0,19501001,20250824
064901-99999,SEMMERZAKE (BAFB),BE,+50.933,+003.650,+0037.0,20040510,20250824
064940-99999,MONT-RIGI,BE,+50.517,+006.067,+0673.0,20080115,20250824
064960-99999,ELSENBORN (MIL),BE,+50.467,+006.183,+0570.0,19840501,20250824
065900-99999,LUXEMBOURG,LU,+49.627,+006.212,+0376.1,19490101,20250824
066010-99999,BASEL-BINNINGEN,CH,+47.550,+007.583,+0317.0,19901101,20250824
066020-99999,DELEMONT,CH,+47.350,+007.350,+0439.4,20121126,20250824
066040-99999,NEUCHATEL (AUT),CH,+47.000,+006.950,+0487.0,19820114,20250824
066045-99999,LES EPLATURES,CH,+47.084,+006.793,+1026.6,20040803,20250824
066050-99999,CHASSERAL,CH,+47.133,+007.067,+1631.0,19881201,20250824
066060-99999,CRESSIER,CH,+47.050,+007.067,+0431.0,20110124,20250824
066080-99999,CHAUMONT,CH,+47.050,+006.983,+1136.1,20130905,20250824
066090-99999,LE MOLESON,CH,+46.550,+007.017,+1973.0,19901101,20250824
066099-99999,DUBENDORF,CH,+47.399,+008.648,+0448.1,20040903,20250824
066100-99999,PAYERNE,CH,+46.817,+006.950,+0490.5,19590319,20250824
066120-99999,LA CHAUX-DE-FONDS,SZ,+47.083,+006.800,+1018.1,19800208,20240617
066130-99999,FRUTIGEN,CH,+46.600,+007.650,+0756.0,20050727,20250824
066140-99999,MEIRINGEN,CH,+46.743,+008.110,+0579.1,20050727,20250824
066160-99999,FAHY-BONCOURT,CH,+47.433,+006.950,+0597.0,19810101,20250824
066170-99999,LA BREVINE,CH,+46.983,+006.617,+1050.0,20130905,20250824
066180-99999,MATHOD,CH,+46.733,+006.567,+0437.4,20060207,20250824
066190-99999,BULLET-LA FRETAZ,CH,+46.833,+006.583,+1210.0,19901101,20250824
066200-99999,SCHAFFHAUSEN,CH,+47.683,+008.617,+0437.0,19550101,20250824
066210-99999,GUETTINGEN,CH,+47.600,+009.283,+0440.0,19901101,20250824
066230-99999,SALEN-REUTENEN,CH,+47.650,+009.017,+0719.7,20110124,20250824
066240-99999,HALLAU,CH,+47.683,+008.467,+0420.0,20120124,20250824
066250-99999,FRIBOURG-POSIEUX,CH,+46.767,+007.117,+0633.0,20111011,20250824
066260-99999,GOESGEN,CH,+47.367,+007.983,+0380.0,20080721,20250824
066270-99999,CHATEAU-D'OEX,CH,+46.483,+007.133,+1030.0,20120208,20250824
066280-99999,PLAFFEIEN,CH,+46.750,+007.267,+1041.0,19900205,20250824
066303-99999,BERN BELP,CH,+46.914,+007.497,+0510.2,19900424,20250824
066304-99999,SAMEDAN,CH,+46.534,+009.884,+1706.9,20070301,20250824
066310-99999,BERN-ZOLLIKOFEN,CH,+46.983,+007.467,+0567.0,19901101,20250824
066320-99999,GRENCHEN,CH,+47.183,+007.417,+0429.0,19790402,20250824
066330-99999,BUCHS-AARAU,CH,+47.383,+008.083,+0389.0,19901101,20250824
066350-99999,KOPPIGEN,CH,+47.133,+007.617,+0482.0,20121130,20250824
066360-99999,MUEHLEBERG,CH,+46.983,+007.283,+0483.0,20080604,20250824
066370-99999,MEIRINGEN,CH,+46.717,+008.167,+0590.6,20111011,20250824
066380-99999,LANGNAU IE,CH,+46.933,+007.800,+0706.0,20111011,20250824
066390-99999,NAPF,CH,+47.000,+007.933,+1406.0,19821101,20250824
066400-99999,MARSENS,CH,+46.650,+007.067,+0718.0,20150818,20250824
066410-99999,MOEHLIN,CH,+47.583,+007.883,+0340.0,20110201,20250824
066430-99999,WYNAU,CH,+47.250,+007.783,+0416.0,19780101,20250824
066440-99999,MOSEN,CH,+47.250,+008.233,+0453.5,20121130,20250824
066450-99999,RUENENBERG,CH,+47.433,+007.883,+0610.0,19900316,20250824
066460-99999,BEZNAU,CH,+47.567,+008.233,+0327.0,20080604,20250824
066470-99999,WUERENLINGEN,CH,+47.533,+008.233,+0337.0,20050321,20250824
066480-99999,EGOLZWIL,CH,+47.183,+008.000,+0522.0,20110124,20250824
066500-99999,LUZERN,CH,+47.033,+008.300,+0456.0,19901101,20250824
066510-99999,SCHUEPFHEIM,CH,+46.950,+008.017,+0743.7,20110124,20250824
066520-99999,FLUEHLI,CH,+46.883,+008.017,+0939.8,20020331,20250824
066550-99999,ENGELBERG,CH,+46.817,+008.417,+1018.0,19901101,20250824
066560-99999,BRIENZ,CH,+46.750,+008.067,+0580.0,20121130,20250824
066570-99999,GISWIL,CH,+46.850,+008.200,+0475.0,20110124,20250824
066580-99999,ALPNACH,CH,+46.944,+008.284,+0445.0,19771212,20250824
066590-99999,PILATUS,CH,+46.983,+008.250,+2110.0,19891016,20250824
066600-99999,ZUERICH-FLUNTERN,CH,+47.383,+008.567,+0557.6,19350101,20250824
066621-99999,GRENCHEN,CH,+47.182,+007.417,+0430.1,20040510,20250824
066640-99999,ZUERICH-AFFOLTERN,CH,+47.433,+008.517,+0441.0,19901101,20250824
066660-99999,LEIBSTADT,CH,+47.600,+008.183,+0341.0,20080604,20250824
066690-99999,LAEGEREN,CH,+47.483,+008.400,+0843.0,19740101,20250824
066700-99999,ZURICH,CH,+47.465,+008.549,+0431.6,19550101,20250824
066710-99999,STECKBORN,CH,+47.667,+008.983,+0398.0,20120209,20250824
066720-99999,ALTDORF,CH,+46.867,+008.633,+0451.0,19790401,20250824
066730-99999,WAEDENSWIL,CH,+47.217,+008.683,+0486.5,19901101,20250824
066740-99999,CHAM,CH,+47.183,+008.467,+0443.4,20140701,20250824
066750-99999,EINSIEDELN,CH,+47.133,+008.750,+0910.0,20070226,20250824
066760-99999,OBERAEGERI,CH,+47.133,+008.617,+0724.0,20070226,20250824
066780-99999,BISCHOFSZELL,CH,+47.500,+009.233,+0470.0,20150818,20250824
066790-99999,AADORF-TAENIKON,CH,+47.483,+008.900,+0539.5,19901101,20250824
066800-99999,SAENTIS,CH,+47.250,+009.350,+2500.0,19350101,20250824
066810-99999,ST. GALLEN,CH,+47.433,+009.400,+0777.8,19811101,20250824
066811-99999,ST GALLEN ALTENRHEIN,CH,+47.485,+009.561,+0398.1,20040510,20250824
066820-99999,ELM,CH,+46.917,+009.183,+0965.0,20111011,20250824
066830-99999,SCHMERIKON,CH,+47.217,+008.933,+0409.4,20111031,20250824
066850-99999,GLARUS,CH,+47.033,+009.067,+0517.5,19901101,20250824
066860-99999,BAD RAGAZ,CH,+47.017,+009.500,+0497.5,20120206,20250824
066870-99999,QUINTEN,CH,+47.133,+009.217,+0423.0,20111024,20250824
066880-99999,CRAP MASEGN,CH,+46.850,+009.183,+2480.0,20111011,20250824
066890-99999,HOERNLI,CH,+47.367,+008.950,+1124.0,19940301,20250824
066900-99999,ALTENRHEIN,CH,+47.483,+009.567,+0398.4,20140127,20250824
066930-99999,EBNAT-KAPPEL,CH,+47.267,+009.100,+0623.0,20041224,20250824
066950-99999,ANDERMATT,CH,+46.633,+008.583,+1438.1,20140127,20250824
066990-99999,LA DOLE,CH,+46.433,+006.100,+1680.0,20240226,20240617
067000-99999,GENEVA COINTRIN,CH,+46.238,+006.109,+0430.1,19350101,20250824
067020-99999,LA DOLE,CH,+46.433,+006.100,+1670.2,19730101,20250824
067030-99999,LES CHARBONNIERES,CH,+46.667,+006.317,+1045.1,20020407,20250824
067040-99999,BIERE,CH,+46.517,+006.333,+0684.0,20070226,20250824
067050-99999,NYON-CHANGINS,CH,+46.400,+006.233,+0432.0,19901101,20250824
067060-99999,ST-PREX,CH,+46.483,+006.450,+0425.0,20111206,20250824
067070-99999,VILLARS-TIERCELIN,CH,+46.617,+006.717,+0859.0,20140402,20250824
067080-99999,ORON,CH,+46.567,+006.867,+0828.8,20120124,20250824
067090-99999,BOUVERET,CH,+46.400,+006.867,+0375.0,20060103,20250824
067110-99999,PULLY,CH,+46.517,+006.667,+0462.0,19901101,20250824
067120-99999,AIGLE,CH,+46.333,+006.917,+0383.0,19810501,20250824
067140-99999,LES DIABLERETS,CH,+46.333,+007.200,+2964.3,20070226,20250824
067150-99999,EVIONNAZ,CH,+46.183,+007.033,+0480.0,20140127,20250824
067160-99999,MOTTEC,CH,+46.150,+007.617,+1580.0,19901101,20250824
067170-99999,COL DU GRAND ST BERNARD,CH,+45.867,+007.167,+2479.0,19901101,20250824
067180-99999,NOVILLE,CH,+46.383,+006.900,+0373.0,19770104,20240901
067200-99999,SION,CH,+46.220,+007.327,+0481.9,19550101,20250824
067210-99999,BINN,CH,+46.367,+008.183,+1448.0,20140128,20250824
067220-99999,EVOLENE-VILLAZ,CH,+46.117,+007.517,+1828.0,19901101,20250824
067230-99999,VERBIER-LES ATTLELAS,CH,+46.100,+007.267,+2733.0,20070226,20250824
067240-99999,MONTANA,CH,+46.300,+007.467,+1508.0,19790401,20250824
067250-99999,BLATTEN-LOETSCHENTAL,CH,+46.417,+007.817,+1538.2,20130905,20250816
067270-99999,VISP,CH,+46.300,+007.850,+0642.0,19900401,20250824
067280-99999,GRAECHEN,CH,+46.200,+007.833,+1605.2,20070226,20250824
067300-99999,JUNGFRAUJOCH,CH,+46.550,+007.983,+3576.0,19350101,20250824
067330-99999,BOLTIGEN,CH,+46.633,+007.383,+0820.0,20070226,20250824
067340-99999,INTERLAKEN,CH,+46.667,+007.867,+0578.6,19770616,20250824
067350-99999,ADELBODEN,CH,+46.500,+007.567,+1328.1,19901101,20250824
067390-99999,EGGISHORN,CH,+46.433,+008.083,+2893.0,20070226,20250824
067400-99999,TITLIS,CH,+46.767,+008.433,+3094.3,20130905,20250824
067440-99999,GRIMSEL-HOSPIZ,CH,+46.567,+008.333,+1965.0,19901101,20250824
067450-99999,ULRICHEN,CH,+46.500,+008.317,+1347.1,19901101,20250824
067480-99999,ZERMATT,CH,+46.033,+007.750,+1624.0,19901101,20250824
067490-99999,GORNERGRAT,CH,+45.983,+007.783,+3129.3,20130905,20250824
067500-99999,GUETSCH OB ANDERMATT,CH,+46.650,+008.617,+2284.2,19550101,20250824
067510-99999,ROBIEI,CH,+46.450,+008.517,+1891.0,19910806,20250824
067520-99999,CEVIO,CH,+46.317,+008.600,+0422.4,20131001,20250824
067530-99999,PIOTTA,CH,+46.517,+008.683,+1016.0,19790202,20250824
067540-99999,MATRO,CH,+46.417,+008.933,+2171.0,20050222,20250824
067560-99999,ACQUAROSSA-COMPROVASCO,CH,+46.467,+008.933,+0552.0,19881001,20250824
067580-99999,GRONO,CH,+46.250,+009.167,+0324.3,20060114,20250824
067590-99999,CIMETTA,CH,+46.200,+008.800,+1648.0,19740101,20250824
067600-99999,LOCARNO-MONTI,CH,+46.167,+008.783,+0380.0,19730101,20250824
067620-99999,MAGADINO-CADENAZZO,CH,+46.167,+008.933,+0204.2,19550101,20250824
067700-99999,LUGANO,CH,+46.004,+008.911,+0278.9,19350101,20250824
067710-99999,STABIO,CH,+45.850,+008.933,+0352.4,19820401,20250824
067770-99999,MONTE GENEROSO,CH,+45.933,+009.017,+1601.2,20121130,20250824
067780-99999,BUFFALORA,CH,+46.650,+010.267,+1970.0,20070226,20250824
067790-99999,SEGL-MARIA,CH,+46.433,+009.767,+1804.2,20140401,20250824
067800-99999,WEISSFLUHJOCH,CH,+46.833,+009.817,+2667.0,19881201,20250824
067820-99999,DISENTIS-SEDRUN,CH,+46.700,+008.850,+1180.0,19770701,20250824
067830-99999,S BERNARDINO,CH,+46.467,+009.183,+1638.0,19820401,20250824
067840-99999,DAVOS,CH,+46.817,+009.850,+1592.0,19901101,20250824
067850-99999,AROSA,CH,+46.800,+009.683,+1878.2,20160118,20250824
067860-99999,CHUR,CH,+46.867,+009.533,+0556.0,19800208,20250824
067870-99999,ANDEER,CH,+46.617,+009.433,+0989.0,20010811,20250824
067880-99999,VICOSOPRANO,CH,+46.350,+009.633,+1075.0,19901101,20250824
067890-99999,ILANZ,CH,+46.783,+009.217,+0698.0,20140401,20250824
067900-99999,SCHIERS,CH,+46.983,+009.667,+0626.0,20011106,20250824
067910-99999,PIZ CORVATSCH,CH,+46.417,+009.817,+3299.0,19770701,20250824
067920-99999,SAMEDAM,SZ,+46.533,+009.883,+1706.0,19800208,20240617
067930-99999,VALBELLA,CH,+46.750,+009.550,+1560.0,20050321,20250824
067940-99999,POSCHIAVO-ROBBIA,CH,+46.350,+010.067,+1079.1,19780718,20250824
067950-99999,PIZ MARTEGNAS,CH,+46.583,+009.533,+2670.0,20111011,20250824
067960-99999,STA MARIA VAL MUESTAIR,CH,+46.600,+010.433,+1390.0,20121130,20250824
067970-99999,PASSO DEL BERNINA,CH,+46.417,+010.017,+2260.2,20150818,20250824
067980-99999,SCUOL,CH,+46.800,+010.283,+1295.0,19901101,20250824
067990-99999,NALUNS,CH,+46.817,+010.267,+2400.0,20060124,20250824
068065-99999,BUOCHS AIRPORT / STANS,CH,+46.967,+008.400,+0450.0,20060817,20250824
068460-99999,SCALOTTAS,CH,+46.717,+009.517,+2323.0,20090127,20250124
068470-99999,BRIENZER ROTHORN,CH,+46.783,+008.050,+2280.0,20100126,20250817
068480-99999,PFAEFERS,CH,+46.933,+009.502,+1420.0,20100126,20250124
068490-99999,SALEZ,CH,+47.233,+009.500,+0436.0,20110124,20240901
068560-99999,KLEWENALP,CH,+46.933,+008.483,+1700.0,20240901,20240901
069010-99999,BERN-BOLLWERK,CH,+46.950,+007.433,+0561.0,20240901,20240901
069900-99999,VADUZ,LS,+47.133,+009.517,+0463.0,19730101,20250824
070020-99999,BOULOGNE,FR,+50.733,+001.600,+0074.0,19730101,20250807
070030-99999,LE TOUQUET PARIS PLAGE / LE TOUQUET ELIZABETH II,FR,+50.515,+001.627,+0011.0,19730101,20250824
070050-99999,ABBEVILLE,FR,+50.143,+001.832,+0067.1,19261004,20250603
070090-99999,CALAIS/DUNKERQUE,FR,+50.967,+001.950,+0003.0,19290801,20250113
070100-99999,DUNKERQUE,FR,+51.050,+002.333,+0017.0,19730101,20250216
070150-99999,LILLE LESQUIN,FR,+50.562,+003.089,+0047.9,19450301,20250824
070190-99999,BARFLEUR (POINT),FR,+49.700,-001.267,+0007.0,19850701,20250113
070200-99999,LA HAGUE,FR,+49.717,-001.933,+0012.0,19360706,20250813
070220-99999,VIGITE DU HAUMET,FR,+49.650,-001.500,+0130.0,19760302,20250113
070240-99999,MAUPERTUS / CHERBOURG MANCHE,FR,+49.650,-001.470,+0139.9,19360101,20250824
070270-99999,CAEN CARPIQUET,FR,+49.173,-000.450,+0078.0,19730101,20250824
070280-99999,LE HAVRE OCTEVILLE,FR,+49.534,+000.088,+0095.4,19310101,20250824
070290-99999,PORT EN BESSIN,FR,+49.350,-000.767,+0073.0,19840101,20250113
070310-99999,ST GATIEN / DEAUVILLE NORMANDIE,FR,+49.365,+000.154,+0146.0,19730102,20250824
070340-99999,CARTERET,FR,+49.367,-001.800,+0065.0,19861001,20250113
070370-99999,ROUEN VALLEE DE SEINE,FR,+49.384,+001.175,+0156.1,19730101,20250824
070380-34061,FAUVILLE,FR,+49.029,+001.220,+0141.4,19730101,20250824
070400-99999,DIEPPE,FR,+49.933,+001.100,+0038.0,19730101,20250715
070460-99999,LE HAVRE-OCTEVILLE,FR,+49.533,+000.083,+0094.0,20010919,20250517
070530-99999,CORMEILLES,FR,+49.083,+002.033,+0088.0,19730107,20250113
070550-99999,BEAUVAIS TILLE,FR,+49.454,+002.113,+0109.4,19360101,20250824
070590-99999,MEAULTE,FR,+49.967,+002.704,+0111.0,19400617,20250216
070610-99999,ST. QUENTIN/ROUPY,FR,+49.817,+003.200,+0101.0,19360103,20250326
070720-99999,REIMS-PRUNAY,FR,+49.217,+004.150,+0096.0,19361010,20250824
070750-99999,CHARLEVILLE MEZIERES,FR,+49.784,+004.647,+0149.0,19400703,20250425
070930-99999,METZ NANCY LORRAINE,FR,+48.982,+006.251,+0265.2,19920408,20250824
071000-99999,OUESSANT,FR,+48.483,-005.050,+0068.0,19360102,20250716
071020-99999,POINTE ST MATHIEU,FR,+48.333,-004.767,+0017.0,19831208,20250113
071030-99999,POINTE DU RAZ,FR,+48.033,-004.733,+0089.0,19730101,20250113
071060-99999,LANDIVISIAU,FR,+48.530,-004.152,+0106.1,19730102,20250824
071070-99999,BRIGNOGAN,FR,+48.683,-004.333,+0018.0,19831207,20250113
071090-99999,LANVEOC POULMIC,FR,+48.282,-004.445,+0087.5,19810202,20250824
071100-99999,GUIPAVAS / BREST BRETAGNE,FR,+48.448,-004.419,+0099.1,19290801,20250824
071160-99999,BATZ ISLAND,FR,+48.750,-004.017,+0037.0,19760708,20250113
071170-99999,PLOUMANAC'H PERROS GUIREC,FR,+48.833,-003.467,+0058.0,19831208,20250221
071180-99999,LANNION,FR,+48.754,-003.472,+0088.4,20010919,20250824
071200-99999,SAINT BRIEUC ARMOR,FR,+48.538,-002.854,+0138.1,19860101,20250824
071210-99999,BREHAT ISLAND,FR,+48.850,-003.000,+0036.0,19360105,20250113
071250-99999,DINARD PLEURTUIT SAINT MALO,FR,+48.588,-002.080,+0066.8,19730101,20250824
071300-99999,RENNES SAINT JACQUES,FR,+48.070,-001.735,+0037.8,19310105,20250824
071330-99999,POINTE DU ROC,FR,+48.833,-001.617,+0042.0,19730101,20250113
071340-99999,LAVAL-ETRONNIER,FR,+48.033,-000.733,+0097.0,19880621,20250824
071390-99999,ALENCON/VALFRAMBERT,FR,+48.450,+000.117,+0141.0,19730101,20250722
071400-99999,CHATEAUDUN,FR,+48.058,+001.377,+0132.0,19730101,20250812
071430-99999,CHARTRES/CHAMPOL,FR,+48.467,+001.517,+0156.0,19360617,20250113
071450-99999,TRAPPES,FR,+48.767,+002.000,+0168.0,19870518,20250327
071460-99999,TOUSSUS LE NOBLE / PARIS SACLAY VERSAILLES,FR,+48.752,+002.106,+0164.0,19730101,20250824
071470-99999,VILLACOUBLAY VELIZY,FR,+48.774,+002.202,+0178.0,19420101,20250824
071490-99999,ORLY,FR,+48.725,+002.359,+0088.7,19370601,20250824
071500-99999,LE BOURGET,FR,+48.969,+002.441,+0066.4,19280104,20250824
071515-99999,CASTRES MAZAMET,FR,+43.556,+002.289,+0240.2,20061025,20250824
071530-99999,MELUN VILLAROCHE,FR,+48.605,+002.671,+0092.0,19730328,20250824
071540-99999,PARIS ST-MAUR,FR,+48.800,+002.500,+0050.0,19840504,20240807
071560-99999,PARIS-MONTSOURIS,FR,+48.817,+002.333,+0077.0,19831201,20250113
071570-99999,CHARLES DE GAULLE,FR,+49.013,+002.550,+0119.5,19740419,20250824
071604-99999,MORLAIX PLOUJEAN,FR,+48.603,-003.816,+0082.9,20141229,20250824
071650-99999,CHALONS VATRY,FR,+48.776,+004.184,+0178.9,19751203,20250824
071660-99999,VATRY AERO,FR,+48.767,+004.150,+0179.0,20111129,20250708
071680-99999,TROYES BARBEREY,FR,+48.322,+004.017,+0118.3,19750618,20250824
071690-99999,SAINT DIZIER ROBINSON,FR,+48.636,+004.899,+0139.6,19420101,20250824
071790-34051,TOUL ROSIERES,FR,+48.783,+005.983,+0285.9,19730101,20250824
071800-99999,NANCY ESSEY,FR,+48.692,+006.230,+0228.9,19260404,20250824
071810-99999,NANCY OCHEY,FR,+48.583,+005.955,+0337.1,19730101,20250824
071825-99999,EPINAL MIRECOURT,FR,+48.325,+006.070,+0330.4,20070227,20250824
071900-99999,STRASBOURG ENTZHEIM,FR,+48.538,+007.628,+0153.9,19310101,20250824
071970-99999,MEYENHEIM,FR,+47.917,+007.400,+0211.2,19730101,20250113
072000-99999,PENMARCH,FR,+47.800,-004.367,+0019.0,19360102,20250113
072010-99999,QUIMPER PLUGUFFAN,FR,+47.975,-004.168,+0090.5,19730102,20250824
072030-99999,BEG MELEN,FR,+47.650,-003.500,+0054.0,19811104,20250129
072050-99999,LORIENT LANN BIHOUE,FR,+47.761,-003.440,+0048.8,19730101,20250824
072070-99999,BELLE ILE-LE TALUT,FR,+47.300,-003.218,+0043.0,19310102,20250811
072100-99999,VANNES/SENE,FR,+47.600,-002.717,+0003.0,19870601,20250824
072160-99999,CHEMOULIN,FR,+47.233,-002.300,+0020.0,20010919,20250113
072170-99999,SAINT NAZAIRE MONTOIR,FR,+47.312,-002.149,+0004.0,19730101,20250824
072220-99999,NANTES ATLANTIQUE,FR,+47.153,-001.611,+0027.4,19370601,20250824
072300-99999,BEAUCOUZE,FR,+47.483,-000.600,+0050.0,19360616,20250113
072350-99999,LE MANS ARNAGE,FR,+47.949,+000.202,+0059.1,19730103,20250824
072400-99999,TOURS VAL DE LOIRE,FR,+47.432,+000.728,+0108.8,19310101,20250824
072450-99999,BLOIS LE BREUIL,FR,+47.678,+001.209,+0121.3,20010919,20250113
072470-99999,ROMORANTIN/PRUNIERS,FR,+47.317,+001.683,+0086.0,19360701,20250824
072490-99999,ORLEANS BRICY,FR,+47.988,+001.761,+0125.6,19360102,20250824
072550-99999,BOURGES,FR,+47.058,+002.370,+0161.2,19730101,20250113
072553-99999,DOLE TAVAUX,FR,+47.039,+005.427,+0196.6,19980201,20250824
072554-99999,AVORD,FR,+47.053,+002.633,+0176.8,19980201,20250824
072570-99999,AVORD,FR,+47.050,+002.650,+0177.0,19310401,20250701
072600-99999,NEVERS FOURCHAMBAULT,FR,+47.003,+003.113,+0183.5,19730102,20250824
072660-99999,AUXERRE BRANCHES,FR,+47.850,+003.497,+0159.4,20050101,20250824
072800-99999,DIJON LONGVIC,FR,+47.269,+005.090,+0221.3,19310101,20250824
072830-99999,LANGRES,FR,+47.850,+005.333,+0467.0,19730101,20250414
072880-99999,BESANCON/THISE(AUT),FR,+47.250,+005.983,+0309.0,19730101,20250331
072920-99999,LUXEUIL SAINT SAUVEUR,FR,+47.783,+006.364,+0278.3,19410301,20250824
072960-99999,DORANS,FR,+47.592,+006.833,+0401.0,20100611,20250113
072990-99999,BALE MULHOUSE,FR,+47.590,+007.530,+0269.7,19730101,20250824
073000-99999,SAINT-SAUVEUR,FR,+46.700,-002.333,+0032.0,19730101,20250603
073060-99999,LA ROCHE SUR YON LES AJONCS,FR,+46.702,-001.379,+0091.1,19830405,20250824
073110-99999,POINTE DES BALEINES,FR,+46.250,-001.567,+0010.0,19880111,20250113
073140-99999,CHASSIRON,FR,+46.050,-001.417,+0022.0,19730101,20250124
073160-99999,LA ROCHELLE ILE DE RE,FR,+46.179,-001.195,+0022.6,20040803,20250824
073170-99999,BISCAROSSE / PARENTIS,FR,+44.433,-001.250,+0039.0,20040803,20250824
073175-99999,ALBERT BRAY,FR,+49.972,+002.698,+0110.9,20070822,20250824
073300-99999,SOUCHE / NIORT MARAIS POITEVIN,FR,+46.311,-000.402,+0061.9,19860101,20250310
073350-99999,POITIERS BIARD,FR,+46.588,+000.307,+0128.9,19360615,20250824
073540-34048,DEOLS,FR,+46.862,+001.731,+0161.2,19360102,20250824
073610-99999,GUERET ST LAURENT,FR,+46.183,+001.950,+0366.0,20120103,20250425
073740-99999,VICHY CHARMEIL,FR,+46.170,+003.404,+0249.0,19730101,20250824
073790-99999,SAINT YAN,FR,+46.413,+004.013,+0242.6,19730103,20250824
073850-99999,MACON CHARNAY,FR,+46.295,+004.796,+0221.9,19730101,20250430
073860-99999,DOLE-TAVAUX,FR,+47.033,+005.417,+0195.0,20010919,20250113
073865-99999,CHALON CHAMPFORGEUIL,FR,+46.826,+004.818,+0189.9,19840911,20250602
073901-99999,ANGERS MARCE,FR,+47.560,-000.312,+0059.1,20040510,20250824
074120-99999,COGNAC CHATEAUBERNARD,FR,+45.658,-000.318,+0031.1,19730101,20250824
074200-99999,CHAMPNIERS,FR,+45.717,+000.217,+0133.0,19310402,20250824
074280-99999,PERIGUEUX BASSILLAC,FR,+45.198,+000.816,+0100.0,19730101,20250823
074340-99999,LIMOGES BELLEGARDE,FR,+45.863,+001.179,+0396.2,19730101,20250824
074380-99999,LA ROCHE,FR,+45.151,+001.469,+0115.5,19871001,20250626
074600-99999,CLERMONT FERRAND AUVERGNE,FR,+45.787,+003.169,+0332.2,19310102,20250824
074701-99999,LA FLEGERE,FR,+45.963,+006.889,+1850.0,20171209,20250411
074710-99999,LE PUY LOUDES,FR,+45.081,+003.763,+0832.4,19831201,20250824
074750-99999,BOUTHEON / SAINT ETIENNE LOIRE,FR,+45.541,+004.296,+0403.9,19730101,20250824
074760-99999,AVIGNON CAUMONT,FR,+43.907,+004.902,+0037.8,20040831,20250824
074765-99999,PONTOISE CORMEILLES EN VEXIN,FR,+49.097,+002.041,+0099.1,20081022,20250824
074770-99999,LES SAUVAGES,FR,+45.933,+004.383,+0720.0,19730101,20250113
074800-99999,LYON BRON,FR,+45.727,+004.944,+0200.9,19730101,20250824
074810-99999,LYON SAINT EXUPERY,FR,+45.726,+005.091,+0250.2,19310103,20250824
074820-99999,AMBERIEU,FR,+45.987,+005.328,+0250.9,19801029,20250310
074860-99999,SAINT GEOIRS / GRENOBLE ALPES ISERE,FR,+45.363,+005.329,+0396.8,19730101,20250824
074870-99999,GRENONBLE LVD,FR,+45.220,+005.850,+0220.0,20050201,20250113
074900-99999,ANNECY MEYTHET,FR,+45.929,+006.099,+0463.6,20070226,20250824
074910-99999,CHAMBERY AIX LES BAINS,FR,+45.638,+005.880,+0237.4,19730101,20250824
074970-99999,BOURG ST-MAURICE,FR,+45.617,+006.767,+0868.0,19730101,20250221
074990-99999,CHAMONIX-OBS,FR,+45.918,+006.866,+1025.0,20100612,20250818
075000-99999,CAP FERRET,FR,+44.633,-001.250,+0010.0,19730101,20250113
075020-99999,CAZAUX,FR,+44.533,-001.125,+0025.6,19360706,20250824
075030-99999,BISCAROSSE/PARENTIS,FR,+44.433,-001.250,+0039.0,19740301,20250824
075100-99999,BORDEAUX MERIGNAC,FR,+44.828,-000.716,+0049.4,19310101,20250824
075240-99999,AGEN LA GARENNE,FR,+44.175,+000.591,+0062.2,19730101,20250824
075300-99999,ROUMANIERE / BERGERAC DORDOGNE PERIGORD,FR,+44.825,+000.519,+0052.1,19880502,20250824
075350-99999,GOURDON,FR,+44.750,+001.400,+0261.0,19730101,20250602
075400-99999,MONTAUBAN,FR,+44.026,+001.378,+0107.0,20010919,20250115
075490-99999,AURILLAC,FR,+44.891,+002.422,+0638.9,19790215,20250824
075520-99999,MARCILLAC / RODEZ AVEYRON,FR,+44.408,+002.483,+0582.2,19740318,20250824
075540-99999,MENDE,FR,+44.533,+003.450,+0716.0,19850301,20250208
075580-99999,MILLAU,FR,+44.117,+003.017,+0720.0,19360618,20250813
075600-99999,MONT AIGOUAL,FR,+44.117,+003.583,+1565.0,19360107,20250121
075630-99999,AVIGNON,FR,+43.900,+004.900,+0048.0,20050201,20250611
075700-99999,LANAS SYN,FR,+44.533,+004.367,+0280.0,19880301,20250712
075770-99999,MONTELIMAR/ANCONE,FR,+44.583,+004.733,+0074.0,19310401,20250731
075790-99999,ORANGE CARITAT,FR,+44.140,+004.867,+0060.0,19730101,20250824
075795-99999,VALENCE CHABEUIL,FR,+44.922,+004.970,+0160.0,20140901,20250824
075860-99999,CARPENTRAS,FR,+44.083,+005.050,+0105.0,19760309,20250708
075880-99999,ST-AUBAN-SUR-DURANC,FR,+44.067,+006.000,+0461.0,19730101,20250113
075890-99999,ST CHRISTOPHE,FR,+44.947,+006.188,+1570.0,19360702,20240614
075900-99999,LES PORTES EN VALGAUDEMAR,FR,+44.810,+006.195,+1270.0,20060109,20250729
075910-99999,EMBRUN,FR,+44.567,+006.500,+0876.0,19730101,20250807
075930-99999,BRIANCON,FR,+44.917,+006.650,+1336.0,19340801,20240924
076000-99999,SOCOA,FR,+43.400,-001.683,+0025.0,19840616,20250801
076020-99999,ANGLET / BIARRITZ PAYS BASQUE,FR,+43.468,-001.523,+0074.7,19290801,20250824
076030-99999,DAX SEYRESSE,FR,+43.683,-001.067,+0033.0,19730101,20250824
076070-99999,MONT DE MARSAN,FR,+43.912,-000.508,+0061.9,19310401,20250824
076100-99999,PAU PYRENEES,FR,+43.380,-000.419,+0187.8,19360615,20250824
076210-99999,TARBES LOURDES PYRENEES,FR,+43.179,-000.006,+0384.0,19730101,20250824
076220-99999,LAMOTHE / AUCH GERS,FR,+43.688,+000.602,+0125.3,19841201,20250716
076270-99999,SAINT GIRONS ANTICHAN,FR,+43.008,+001.103,+0417.0,19730101,20250617
076280-99999,MURET-LHERM,FR,+43.450,+001.250,+0189.0,20100611,20250113
076293-99999,MURET LHERM,FR,+43.449,+001.263,+0189.6,20100611,20250824
076300-99999,TOULOUSE BLAGNAC,FR,+43.629,+001.364,+0152.1,19730101,20250824
076310-99999,TOULOUSE FRANCAZAL,FR,+43.546,+001.368,+0163.1,19310101,20250824
076320-99999,ALBI LE SEQUESTRE,FR,+43.914,+002.113,+0171.9,19890101,20250711
076350-99999,CARCASSONNE SALVAZA,FR,+43.216,+002.306,+0132.0,19730101,20250824
076380-99999,BEZIERS VIAS,FR,+43.317,+003.350,+0016.0,20050201,20250522
076410-99999,SETE,FR,+43.400,+003.700,+0081.0,19360615,20250704
076415-99999,BEZIERS VIAS,FR,+43.324,+003.354,+0017.1,19750717,20250824
076430-99999,MONTPELLIER MEDITERRANEE,FR,+43.576,+003.963,+0005.2,19730101,20250824
076450-99999,NIMES/COURBESSAC,FR,+43.867,+004.400,+0062.0,19360615,20250113
076460-99999,NIMES GARONS,FR,+43.757,+004.416,+0094.2,19730101,20250824
076470-99999,ISTRES LE TUBE,FR,+43.523,+004.924,+0025.0,19360702,20250824
076480-99999,SALON DE PROVENCE,FR,+43.606,+005.109,+0059.4,19730202,20250824
076500-99999,MARSEILLE PROVENCE,FR,+43.436,+005.214,+0022.6,19310101,20250824
076510-99999,L'ESPIGUETTE,FR,+44.222,+004.345,+0318.0,19841201,20250113
076530-99999,CAP COURONNE,FR,+43.333,+005.050,+0027.0,19750715,20250113
076560-99999,BEC DE LAIGLE,FR,+43.183,+005.583,+0315.0,19760309,20250113
076610-99999,CAP CEPET,FR,+43.083,+005.933,+0134.0,19760302,20250113
076660-99999,LEUCATE,FR,+42.917,+003.067,+0050.0,20010919,20250812
076670-99999,HYERES LE PALYVESTRE,FR,+43.097,+006.146,+0002.1,19730101,20250824
076700-99999,PORQUEROLLES,FR,+43.000,+006.233,+0147.0,19730101,20240814
076750-99999,LE LUC LE CANNET,FR,+43.385,+006.387,+0080.8,19760309,20250824
076770-99999,CAPE CAMARAT,FR,+43.200,+006.683,+0112.0,19750715,20250113
076780-99999,TOULON/ILE DU LEVAN,FR,+43.033,+006.467,+0131.0,19760309,20250113
076810-99999,LE DRAMONT,FR,+43.417,+006.850,+0126.0,20090801,20250113
076840-99999,CANNES MANDELIEU,FR,+43.542,+006.953,+0004.0,19810203,20250824
076880-99999,LA GAROUPE,FR,+43.567,+007.133,+0082.0,19750916,20250113
076900-99999,NICE COTE D AZUR,FR,+43.658,+007.216,+0003.7,19451001,20250824
076950-99999,CAP FERRAT,FR,+43.683,+007.333,+0144.0,19730101,20240905
077470-99999,PERPIGNAN RIVESALTES,FR,+42.740,+002.871,+0043.9,19290801,20250824
077490-99999,CAP BEAR,FR,+42.517,+003.133,+0086.0,19730102,20250712
077520-99999,LA PARATA,FR,+41.917,+008.617,+0040.0,19360617,20250113
077530-99999,ILE ROUSSE,FR,+42.633,+008.917,+0153.0,19881001,20250822
077540-99999,CALVI SAINTE CATHERINE,FR,+42.531,+008.793,+0063.7,19730101,20250824
077610-99999,CAMPO DELL ORO / AJACCIO NAPOLEON BONAPARTE,FR,+41.924,+008.803,+0005.5,19360616,20250824
077650-99999,SOLENZARA,FR,+41.924,+009.406,+0008.5,19730101,20250824
077680-99999,LA CHIAPPA,FR,+41.600,+009.367,+0068.0,19360615,20250113
077700-99999,CAP PERTUSATO,FR,+41.367,+009.167,+0116.0,19360703,20250221
077750-99999,ALISTRO,FR,+42.267,+009.533,+0074.0,20010919,20250729
077800-99999,FIGARI SUD CORSE,FR,+41.501,+009.098,+0026.5,19800401,20250824
077850-99999,CAP CORSE,FR,+43.000,+009.367,+0113.0,19360615,20250107
077900-99999,BASTIA PORETTA,FR,+42.553,+009.484,+0007.9,19450518,20250824
077910-99999,CAPE SAGRO,FR,+42.800,+009.483,+0120.0,19431204,20250113
078760-99999,LE GRAND BORNAND,FR,+45.972,+006.454,+1270.0,20090901,20250401
080001-99999,MADEIRA,PO,+32.698,-016.774,+0058.5,20040510,20250824
080010-99999,LA CORUNA,SP,+43.367,-008.417,+0067.0,19310101,20250824
080020-99999,A CORUNA,SP,+43.302,-008.377,+0098.5,19741001,20250824
080050-99999,EL FERROL,SP,+43.483,-008.233,+0009.0,19730101,20250818
080080-99999,LUGO/ROZAS,SP,+43.117,-007.450,+0446.0,19730101,20250824
080110-99999,ASTURIAS,SP,+43.564,-006.035,+0126.8,19730101,20250824
080141-99999,CIUDAD REAL,SP,+38.983,-003.917,+0629.0,20040510,20250824
080142-99999,BARDENAS REALES,SP,+42.200,-001.450,+0295.0,20040510,20250824
080143-99999,VALENCIA,SP,+39.583,-000.450,+0050.0,20040510,20250824
080144-99999,ARMILLA,SP,+37.133,-003.636,+0700.1,20040525,20250822
080150-99999,OVIEDO,SP,+43.350,-005.867,+0339.0,19730313,20250821
080210-99999,SANTANDER,SP,+43.427,-003.820,+0004.9,19730101,20250824
080230-99999,SANTANDER,SP,+43.483,-003.800,+0059.0,19730101,20250824
080250-99999,BILBAO,SP,+43.301,-002.911,+0042.1,19730101,20250824
080270-99999,SAN SEBASTIAN/IGUELDO,SP,+43.300,-002.033,+0259.0,19730101,20250824
080290-99999,SAN SEBASTIAN,SP,+43.357,-001.791,+0004.6,19730101,20250824
080420-99999,SANTIAGO,SP,+42.896,-008.415,+0369.7,19730101,20250824
080440-99999,PONTEVEDRA,SP,+42.433,-008.617,+0108.0,19730101,20250824
080450-99999,VIGO,SP,+42.232,-008.627,+0260.6,19730101,20250824
080480-99999,ORENSE,SP,+42.333,-007.867,+0147.0,19730101,20250824
080530-99999,PONFERRADA,SP,+42.567,-006.600,+0550.0,19730102,20250824
080550-99999,LEON,SP,+42.589,-005.656,+0916.2,19730101,20250824
080720-99999,PALENCIA-AUTILLA PINO,SP,+42.000,-004.600,+0860.0,20170712,20250824
080750-99999,BURGOS,SP,+42.358,-003.621,+0897.6,19730101,20250824
080800-99999,VITORIA,SP,+42.883,-002.724,+0512.7,19730101,20250824
080840-99999,LOGRONO/AGONCILLO,SP,+42.450,-002.333,+0363.0,19730101,20250824
080850-99999,PAMPLONA,SP,+42.770,-001.646,+0458.4,19730313,20250824
080870-99999,BARDENAS REALES,SP,+42.200,-001.450,+0295.0,19700119,20250820
080910-99999,JACA,SP,+42.567,-003.133,+0828.0,19830613,20250824
080940-99999,HUESCA-PIRINEOS,SP,+42.083,-000.333,+0554.0,19730102,20250824
080960-99999,CANDANCHU,SP,+42.783,-000.533,+1608.0,19730105,20250801
081120-99999,TALAR,SP,+42.200,+000.867,+0800.0,19840503,20250824
081170-99999,LA MOLINA,SP,+42.333,+001.933,+1702.0,19730103,20250808
081300-99999,ZAMORA,SP,+41.517,-005.733,+0667.0,19730101,20250824
081400-99999,VALLADOLID,SP,+41.706,-004.852,+0845.8,19730101,20250824
081410-99999,VALLADOLID,SP,+41.633,-004.750,+0735.0,19730101,20250824
081480-99999,SORIA,SP,+41.783,-002.483,+1082.0,19730101,20250824
081570-99999,DAROCA I,SP,+41.117,-001.417,+0779.0,19730101,20250610
081600-99999,ZARAGOZA AB,SP,+41.666,-001.042,+0263.0,19730101,20250824
081710-99999,LERIDA,SP,+41.633,+000.600,+0199.0,19730101,20250824
081750-99999,REUS,SP,+41.147,+001.167,+0071.3,19730101,20250824
081763-99999,SABADELL,SP,+41.517,+002.100,+0250.0,20000830,20250824
081800-99999,BARCELONA CITY,SP,+41.417,+002.133,+0176.0,19730101,20250605
081810-99999,BARCELONA,SP,+41.297,+002.078,+0003.7,19730101,20250824
081840-99999,GIRONA,SP,+41.901,+002.761,+0142.6,19731129,20250824
081860-99999,SAN LORENZO,SP,+41.633,+002.017,+1092.0,19731108,20250824
082010-99999,SALAMANCA,SP,+40.950,-005.650,+0787.0,19751105,20250810
082020-99999,SALAMANCA,SP,+40.952,-005.502,+0791.0,19730101,20250824
082100-99999,AVILA,SP,+40.667,-004.683,+1132.0,19730101,20250708
082130-99999,SEGOVIA,SP,+40.950,-004.133,+1005.0,19730101,20250813
082150-99999,NAVACERRADA PUERTO,SP,+40.800,-004.017,+1888.0,19730101,20250824
082190-99999,MADRI-COLMENAR,SP,+40.650,-003.733,-0999.9,19970506,20250824
082200-99999,MADRID/C. UNIVERSITARIA,SP,+40.450,-003.717,+0669.0,19791201,20250605
082210-99999,ADOLFO SUAREZ MADRID BARAJAS,ES,+40.494,-003.567,+0609.6,19310102,20250824
082220-99999,MADRID RETIRO,SP,+40.417,-003.683,+0667.0,19990412,20250605
082230-99999,CUATRO VIENTOS,SP,+40.371,-003.785,+0691.0,19730719,20250824
082240-99999,GETAFE,SP,+40.294,-003.724,+0618.4,19730101,20250824
082260-99999,GUADALAJARA,SP,+40.667,-003.167,+0640.0,19730101,20250824
082270-99999,TORREJON,SP,+40.497,-003.446,+0617.5,19571001,20250824
082280-99999,TORREJON DE VELASCO,SP,+40.183,-003.717,+0707.0,20240830,20240830
082310-99999,CUENCA,SP,+40.067,-002.133,+0946.0,19730101,20250824
082320-99999,MOLINA DE ARAGON,SP,+40.850,-001.883,+1063.0,19730102,20250824
082330-99999,CALAMOCHA,SP,+40.933,-001.300,+0889.0,19730101,20250816
082350-99999,TERUEL,SP,+40.350,-001.117,+0902.0,19730101,20250724
082380-99999,TORTOSA,SP,+40.817,+000.500,+0050.0,19730101,20250824
082610-99999,CACERES,SP,+39.467,-006.333,+0405.0,19730101,20250824
082720-99999,TOLEDO,SP,+39.883,-004.050,+0516.0,19730101,20250816
082800-99999,ALBACETE,SP,+38.949,-001.864,+0701.6,19730101,20250824
082840-99999,VALENCIA,SP,+39.489,-000.482,+0068.6,19730101,20250824
082850-99999,VALENCIA VIVEROS,SP,+39.483,-000.383,+0011.0,19730101,20250605
082860-99999,CASTELLON-ALMAZORA,SP,+39.950,-000.067,+0043.5,19730101,20250824
082900-99999,ALCIRA/ALZIRA,SP,+39.150,-000.433,+0020.0,19730102,20250814
083010-99999,PALMA DE MALLORCA CMT,SP,+39.550,+002.633,+0006.0,19800418,20250815
083020-99999,MALLORCA-SON BONET,SP,+39.600,+002.700,+0041.0,20210712,20250824
083030-99999,ALFABIA MTN RANGE,SP,+39.733,+002.717,+1015.0,19730101,20250819
083060-99999,PALMA DE MALLORCA,SP,+39.550,+002.733,+0008.0,19730101,20250824
083080-99999,LLUCMATOR,SP,+39.383,+002.783,+0113.0,20240903,20240903
083140-99999,MENORCA,SP,+39.863,+004.219,+0090.8,19310103,20250824
083300-99999,TALAVERA LA REAL / BADAJOZ,ES,+38.891,-006.821,+0185.6,19730101,20250824
083350-99999,HINOJOSA DEL DUQUE,SP,+38.517,-005.117,+0540.0,19730101,20250629
083480-99999,CIUDAD REAL,SP,+38.983,-003.917,+0629.0,19730101,20250824
083590-99999,ALICANTE,SP,+38.367,-000.500,+0082.0,19730101,20250824
083600-99999,ALICANTE,SP,+38.282,-000.558,+0043.3,19730101,20250824
083650-99999,DENIA,SP,+38.833,+000.117,+0015.0,19730102,20250821
083730-99999,IBIZA,SP,+38.873,+001.373,+0006.1,19730101,20250824
083830-99999,HUELVA,SP,+37.283,-006.917,+0020.0,19730101,20250824
083905-99999,SEVILLA HELIPORT,SP,+37.317,-006.000,+0005.0,20070629,20250822
083910-99999,SEVILLA,SP,+37.418,-005.893,+0033.8,19730101,20250824
083970-99999,MORON AB,SP,+37.175,-005.616,+0086.9,19580102,20250824
084100-99999,CORDOBA,SP,+37.842,-004.849,+0090.5,19730101,20250824
084170-99999,JAEN,SP,+37.783,-003.817,+0580.0,19730201,20250605
084190-99999,GRANADA,SP,+37.189,-003.777,+0566.9,19730101,20250824
084200-99999,GRANADA / ARMILLA,SP,+37.133,-003.617,+0717.0,19730101,20250824
084290-99999,ALCANTARILLA,SP,+37.951,-001.230,+0076.2,19730101,20250824
084300-99999,MURCIA,SP,+38.000,-001.167,+0062.0,19730101,20250824
084330-99999,MURCIA SAN JAVIER,SP,+37.775,-000.812,+0003.4,19730101,20250824
084490-13025,ROTA NAVAL AIR STATION,SP,+36.650,-006.350,+0025.6,19730101,20250824
084510-99999,JEREZ,SP,+36.745,-006.060,+0028.3,19730101,20250824
084515-99999,LLEIDA-ALGUAIRE AIRPORT,SP,+41.728,+000.536,+0350.0,20100114,20250824
084520-99999,CADIZ OBS,SP,+36.500,-006.250,+0009.0,19730101,20250818
084530-99999,SAN FERNANDO,SP,+36.467,-006.200,+0030.0,19310103,20250605
084580-99999,TARIFA,SP,+36.000,-005.600,+0025.0,19730101,20250713
084820-99999,MALAGA,SP,+36.675,-004.499,+0015.8,19730101,20250824
084870-99999,ALMERIA,SP,+36.844,-002.370,+0021.3,19310102,20250824
084880-99999,ALMERIA,SP,+36.833,-002.467,+0007.0,20020109,20250824
084950-99999,GIBRALTAR,GI,+36.151,-005.350,+0004.6,19580101,20250824
085010-99999,FLORES,PO,+39.455,-031.131,+0034.1,19781201,20250824
085020-99999,CORVO ISLAND AZORES,PO,+39.670,-031.120,+0026.0,20031023,20250630
085050-99999,HORTA,PO,+38.520,-028.716,+0036.0,19760201,20250824
085060-99999,HORTA (ACORES),PO,+38.517,-028.633,+0062.0,19310101,20250808
085090-99999,LAJES,PO,+38.762,-027.091,+0054.9,19470101,20250824
085095-99999,SAO JORGE,PO,+38.666,-028.176,+0094.8,20061010,20250818
085110-99999,ANGRA DO HEROISMO (ACORES),PO,+38.667,-027.217,+0076.0,19971201,20250816
085120-99999,PONTA DELGADA,PO,+37.741,-025.698,+0078.9,19310103,20250824
085125-99999,PICO,PO,+38.554,-028.441,+0033.2,20050628,20250712
085130-99999,PONTA DELGADA/OBS. (ACORES),PO,+37.750,-025.667,+0036.0,20020416,20250805
085150-99999,SANTA MARIA,PO,+36.971,-025.171,+0093.9,19440807,20250824
085155-99999,GRACIOSA,PO,+39.092,-028.030,+0026.2,20050719,20250816
085210-99999,FUNCHAL/S.CATARINA,PO,+32.683,-016.767,+0058.0,19480111,20250824
085220-99999,FUNCHAL,PO,+32.633,-016.900,+0056.0,19310101,20250824
085240-99999,PORTO SANTO,PO,+33.073,-016.350,+0103.9,19480113,20250824
085310-99999,CABO CARVOEIRO,PT,+39.350,-009.400,+0034.0,20070822,20250814
085320-99999,SINTRA,PO,+38.831,-009.340,+0134.1,19901001,20250822
085330-99999,SAGRES,PO,+37.000,-008.950,+0026.0,20010705,20250722
085340-99999,MONTIJO,PO,+38.704,-009.036,+0014.0,19830503,20250824
085350-99999,LISBOA/GEOF,PO,+38.717,-009.150,+0095.0,19901101,20250812
085360-99999,LISBOA,PO,+38.781,-009.136,+0114.0,19310103,20250824
085370-99999,ALVERCA,PO,+38.883,-009.030,+0003.4,19990104,20250822
085400-99999,MONTE REAL,PO,+39.831,-008.887,+0057.0,19901006,20250824
085410-99999,SINES/MONTES CHAOS,PO,+37.950,-008.867,+0103.0,19890422,20250715
085440-99999,OVAR/MACEDA,PO,+40.917,-008.633,+0022.0,19901101,20250824
085450-99999,PORTO,PO,+41.248,-008.681,+0069.5,19310103,20250824
085460-99999,PORTO/SERRA DO PILAR,PO,+41.133,-008.600,+0100.0,19901006,20250810
085510-99999,VIANA DO CASTELO-CHAPE,PO,+41.633,-008.800,+0048.0,20061010,20250728
085540-99999,FARO,PO,+37.014,-007.966,+0007.3,19480111,20250824
085580-99999,EVORA/C. COORD,PO,+38.533,-007.900,+0246.0,19950701,20250724
085581-99999,OVAR,PO,+40.916,-008.646,+0017.1,20040525,20250824
085600-99999,VISEU,PO,+40.717,-007.883,+0644.0,19971201,20250821
085610-99999,BEJA/B. AEREA,PO,+38.067,-007.917,+0203.0,19971201,20250824
085620-99999,BEJA,PO,+38.079,-007.932,+0193.9,19480808,20250824
085670-99999,VILA REAL,PO,+41.274,-007.720,+0550.2,19920501,20250720
085680-99999,PENHAS DOURADAS,PO,+40.417,-007.550,+1388.0,19480113,20250810
085700-99999,CASTELO BRANCO,PO,+39.833,-007.483,+0384.0,19860604,20250811
085710-99999,PORTALEGRE,PO,+39.283,-007.417,+0590.0,19480112,20241009
085750-99999,BRAGANCA,PO,+41.860,-006.706,+0690.4,19480112,20250807
085790-99999,LISBOA/GAGO COUTINHO,PO,+38.767,-009.133,+0105.0,19840502,20250429
085830-99999,MINDELO,CV,+16.833,-025.050,+0020.0,19310103,20250824
085890-99999,PRAIA,CV,+14.933,-023.483,+0095.0,19330309,20250824
085940-99999,AMILCAR CABRAL INTL,CV,+16.741,-022.949,+0053.9,19480304,20250824
085944-99999,BOA VISTA RABIL,CV,+16.137,-022.889,+0021.0,20080902,20250824
085945-99999,SAO PEDRO,CV,+16.834,-025.057,+0020.1,20071004,20250824
089110-99999,ARAGUES DEL PUERTO- LIZARRA,SP,+42.767,-000.633,+1540.0,20191211,20250824
089120-99999,ISABA EL FERIAL,SP,+42.950,-000.800,+1591.0,20151207,20250409
089130-99999,ANSO REFUGIO DE LINZA,SP,+42.900,-000.800,+1340.0,20191211,20250824
089140-99999,CANDANCHU  'ETUKSA',SP,+42.783,-000.533,+1560.0,20031016,20250331
089160-99999,ASTUN  'ESQUI 1730',SP,+42.817,-000.500,+1730.0,20191219,20250730
089170-99999,SALLENT DE GALLEGO   'FURCO',SP,+42.767,-000.383,+1855.0,20060201,20250420
089180-99999,SALLENT DE GALLEGO   'FORMIGAL',SP,+42.767,-000.367,+1500.0,20191212,20240730
089200-99999,SALLENT DE GALLEGO   'RESPOMUSO',SP,+42.817,-000.300,+2145.0,20051101,20250824
089220-99999,PANTICOSA  'REFUGIO CASA PIEDRA',SP,+42.767,-000.233,+1645.0,20050111,20250824
089240-99999,PANTICOSA PETROSOS,SP,+42.704,-000.275,+1850.0,20191211,20250819
089250-99999,ERISTE REFUGIO ANGEL ORUS,SP,+42.633,+000.450,+2115.0,20191211,20250824
089260-99999,FANLO  'REFUGIO DE GORIZ',SP,+42.667,+000.017,+2195.0,20191211,20250824
089270-99999,BIELSA REFUGIO DE PINETA,SP,+42.667,+000.100,+1240.0,20191211,20250824
089280-99999,BENASQUE  'REFUGIO DE ESTOS',SP,+42.683,+000.483,+1890.0,20191211,20250824
089300-99999,CERLER ESQUI COTA 2000,SP,+42.567,+000.550,+2020.0,20191212,20250201
089360-99999,CAP DE VAQUEIRA,SP,+42.700,+000.967,+2467.0,20210527,20250812
089380-99999,PORT AINE L'ORRI,SP,+42.417,+001.217,+2410.0,20210527,20250822
089400-99999,CAP DE RAC,SP,+42.433,+001.667,+1940.0,20210527,20250806
089600-99999,VALDELINARES  'ESQUI',SP,+40.383,-000.633,+1955.0,20031222,20250822
100001-99999,NIEDERRHEIN,GM,+51.602,+006.142,+0032.3,20050101,20250824
100180-99999,WESTERLAND SYLT,GM,+54.913,+008.340,+0015.5,19890318,20250824
100330-99999,MEIERWIK,GM,+54.833,+009.500,+0033.0,19360101,20250824
100370-99999,SCHLESWIG,GM,+54.459,+009.516,+0021.3,19420101,20250824
100380-99999,HOHN,GM,+54.312,+009.538,+0011.9,19730101,20250824
100460-99999,KIEL/HOLTENAU(GNVY),GM,+54.383,+010.150,+0031.0,19290801,20250507
100465-99999,KIEL HOLTENAU,GM,+54.380,+010.145,+0030.8,19950827,20250824
101260-99999,WITTMUNDHAFEN,GM,+53.548,+007.667,+0007.9,19730101,20250824
101360-99999,NORDHOLZ,GM,+53.768,+008.659,+0022.6,19460901,20250824
101470-99999,HAMBURG,GM,+53.630,+009.988,+0016.2,19280401,20250824
101490-99999,HAMBURG FINKENWERDER,GM,+53.536,+009.837,+0006.7,19881028,20250823
101560-99999,LUBECK BLANKENSEE,GM,+53.805,+010.719,+0016.2,19730101,20250824
101720-99999,LAAGE,GM,+53.918,+012.278,+0042.1,19911218,20250824
101935-99999,HERINGSDORF,GM,+53.879,+014.152,+0028.3,19950315,20250824
102000-99999,EMDEN,GM,+53.391,+007.227,+0000.6,19830506,20250824
102240-99999,BREMEN,GM,+53.048,+008.787,+0004.3,19290801,20250824
102380-99999,BERGEN (MIL),GM,+52.817,+009.933,+0069.0,19730102,20250115
102460-99999,FASSBERG,GM,+52.919,+010.198,+0074.7,19360102,20250824
102810-99999,NEUBRANDENBURG,GM,+53.602,+013.306,+0069.5,19920630,20250823
103040-99999,MEPPEN (MIL),GM,+52.717,+007.317,+0026.0,19761201,20250824
103150-99999,MUNSTER OSNABRUCK,GM,+52.135,+007.685,+0048.8,19881027,20250824
103210-99999,DIEPHOLZ,GM,+52.586,+008.341,+0038.7,19730102,20250822
103340-99999,WUNSTORF,GM,+52.457,+009.427,+0057.0,19370507,20250824
103350-99999,BUCKEBURG,GM,+52.279,+009.082,+0070.1,19730102,20250824
103380-99999,HANNOVER,GM,+52.461,+009.685,+0055.8,19260101,20250824
103430-99999,CELLE,GM,+52.591,+010.022,+0039.3,19360102,20250824
103480-99999,BRAUNSCHWEIG WOLFSBURG,GM,+52.319,+010.556,+0089.9,19310102,20250824
103850-99999,SCHONEFELD / BRANDENBURG,DE,+52.380,+013.523,+0047.9,19400408,20250824
104000-99999,DUSSELDORF,GM,+51.289,+006.767,+0044.8,19310102,20250824
104100-99999,ESSEN/MULHEIM,GM,+51.400,+006.967,+0161.0,19310101,20250716
104160-99999,DORTMUND,GM,+51.518,+007.612,+0129.5,19310101,20250824
104260-99999,PADERBORN LIPPSTADT,GM,+51.614,+008.616,+0213.1,19381104,20250824
104360-99999,KASSEL CALDEN,GM,+51.408,+009.378,+0276.8,19881223,20250824
104374-99999,MONCHENGLADBACH,GM,+51.230,+006.504,+0038.1,19960715,20250824
104390-99999,FRITZLAR,GM,+51.115,+009.286,+0172.5,19380722,20250824
104690-99999,LEIPZIG HALLE,GM,+51.424,+012.236,+0141.7,19290311,20250824
104760-99999,HOLZDORF,GM,+51.768,+013.168,+0080.8,19911020,20250824
104880-99999,DRESDEN,GM,+51.133,+013.767,+0230.1,19310101,20250824
105000-99999,GEILENKIRCHEN,GM,+50.961,+006.042,+0090.2,19820625,20250824
105020-99999,NORVENICH,GM,+50.831,+006.658,+0117.7,19730101,20250824
105130-99999,KOLN BONN,GM,+50.866,+007.143,+0092.0,19310101,20250824
105536-99999,ALTENBURG NOBITZ / LEIPZIG ALTENBURG,DE,+50.982,+012.506,+0195.1,19960321,20250824
105540-99999,ERFURT WEIMAR,DE,+50.980,+010.958,+0315.8,19310101,20250824
106070-99999,SPANGDAHLEM AB,GM,+49.973,+006.693,+0364.8,19530518,20250824
106130-99999,BUCHEL,GM,+50.174,+007.063,+0477.9,19730101,20250824
106140-99999,RAMSTEIN AB,GM,+49.437,+007.600,+0238.1,19520301,20250824
106160-99999,FRANKFURT HAHN,GM,+49.949,+007.264,+0502.6,19530722,20250824
106162-99999,SIEGERLAND,GM,+50.708,+008.083,+0599.2,20040510,20250824
106164-99999,MAGDEBURG COCHSTEDT,DE,+51.855,+011.419,+0180.0,20100716,20250824
106190-99999,BAUMHOLDER AAF,GM,+49.650,+007.300,+0553.0,19650201,20250824
106330-99999,WIESBADEN AAF,GM,+50.050,+008.325,+0140.5,19380106,20250824
106370-99999,FRANKFURT MAIN,GM,+50.026,+008.543,+0110.9,19260101,20250824
106850-99999,HOF PLAUEN,GM,+50.289,+011.855,+0597.4,19310101,20250824
106870-99999,GRAFENWOHR AAF,GM,+49.699,+011.940,+0415.4,19390901,20250824
107080-99999,SAARBRUCKEN,GM,+49.215,+007.110,+0322.5,19350701,20250824
107275-99999,KARLSRUHE BADEN BADEN,GM,+48.779,+008.081,+0124.4,19970723,20250824
107290-99999,MANNHEIM CITY,GM,+49.473,+008.514,+0094.2,19470729,20250824
107380-99999,STUTTGART,GM,+48.690,+009.222,+0388.9,19390902,20250824
107430-99999,NIEDERSTETTEN,GM,+49.392,+009.958,+0468.2,19730102,20250824
107450-99999,SCHWABISCH HALL,GM,+49.118,+009.784,+0399.6,19360102,20250824
107520-99999,ILLESHEIM AHP,GM,+49.474,+010.388,+0328.6,19390901,20250824
107550-99999,ANSBACH AHP / KATTERBACH GERMANY,GM,+49.308,+010.639,+0467.0,19390101,20250824
107630-99999,NURNBERG,GM,+49.499,+011.078,+0318.8,19310101,20250824
107750-99999,HOHENFELS AAF,GM,+49.218,+011.836,+0443.5,19610918,20250824
108050-99999,LAHR,GM,+48.369,+007.828,+0155.8,19730101,20250824
108270-99999,MESSSTETTEN,GM,+48.183,+009.000,+0920.0,19740820,20250115
108370-99999,LAUPHEIM,GM,+48.220,+009.910,+0538.3,19730102,20250824
108520-99999,AUGSBURG,GM,+48.425,+010.932,+0461.8,19371101,20250824
108530-99999,NEUBURG,GM,+48.711,+011.212,+0380.7,19380804,20250824
108560-99999,LECHFELD,GM,+48.186,+010.861,+0555.3,19281114,20250824
108570-99999,LANDSBERG LECH,GM,+48.071,+010.906,+0623.0,19380103,20240904
108600-99999,INGOLSTADT MANCHING,GM,+48.716,+011.534,+0366.4,19391101,20250824
108644-99999,OBERPFAFFENHOFEN,GM,+48.081,+011.283,+0593.4,19920831,20250824
108660-99999,MUNCHEN,GM,+48.354,+011.786,+0453.2,19290801,20250824
109290-99999,KONSTANZ,GM,+47.683,+009.183,+0447.0,19360102,20250611
109350-99999,FRIEDRICHSHAFEN,GM,+47.671,+009.511,+0416.7,19290801,20250824
109470-99999,ALLGAU / MEMMINGEN,DE,+47.989,+010.240,+0629.1,19370401,20250824
109500-99999,MEMMINGEN (RADAR),GM,+48.050,+010.217,+0667.0,20240902,20240902
109540-99999,ALTENSTADT,GM,+47.833,+010.867,+0760.0,19321122,20250824
110010-99999,WOLFSEGG,AU,+48.100,+013.667,+0615.6,19730715,20250824
110080-99999,ROHRBACH,AU,+48.567,+014.000,+0602.0,19761101,20250824
110100-99999,LINZ,AU,+48.233,+014.188,+0298.1,19341001,20250824
110120-99999,KREMSMUENSTER,AU,+48.050,+014.133,+0389.0,19730802,20250824
110160-99999,FREISTADT-FLUGFELD,AU,+48.517,+014.417,+0682.0,20010807,20240902
110161-99999,WIENER NEUSTADT EAST,AU,+47.843,+016.260,+0273.1,20040510,20250824
110162-99999,LUGPLATZ VOSLAU,AU,+47.967,+016.267,+0233.0,20040510,20250824
110165-99999,WIENER NEUSTADT,AU,+47.850,+016.250,+0272.0,20040510,20250824
110180-99999,AMSTETTEN,AU,+48.100,+014.900,+0271.0,19650526,20250824
110190-99999,ALLENTSTEIG,AU,+48.683,+015.367,+0607.0,19940601,20250824
110200-99999,STIFT ZWETTL,AU,+48.617,+015.200,+0506.0,19791002,20250824
110210-99999,LITSCHAU,AU,+48.950,+015.033,+0556.7,19761021,20250824
110220-99999,RETZ,AU,+48.767,+015.950,+0323.0,19650526,20250824
110240-99999,JAUERLING,AU,+48.333,+015.333,+0959.0,19730623,20250824
110250-99999,WEITRA,AU,+48.700,+014.883,+0471.0,20140521,20250824
110270-99999,STOCKERAU,AU,+48.400,+016.200,+0205.1,19330102,20250824
110300-99999,TULLN,AU,+48.321,+016.112,+0175.3,19400311,20250824
110320-99999,POYSDORF,AU,+48.667,+016.633,+0207.0,19730821,20250824
110340-99999,WIEN/INNERE STADT,AU,+48.200,+016.367,+0171.0,19900705,20250824
110350-99999,WIEN/HOHE WARTE,AU,+48.250,+016.367,+0200.0,19310102,20250824
110360-99999,WIEN SCHWECHAT,AT,+48.110,+016.570,+0182.9,19520101,20250824
110370-99999,GROSSENZERSDORF,AU,+48.200,+016.567,+0153.0,20080310,20250824
110400-99999,WIEN/UNTERLAA,AU,+48.133,+016.417,+0199.0,20010919,20250824
110510-99999,RANSHOFEN,AU,+48.217,+013.033,+0388.1,19950801,20250824
110520-99999,FELDKIRCHEN,AU,+48.067,+013.067,+0550.0,20041018,20240807
110530-99999,RIED IM INNKREIS,AU,+48.217,+013.483,+0429.2,20010919,20250824
110550-99999,SCHAERDING,AU,+48.467,+013.433,+0318.0,19941012,20250824
110590-99999,WELS/SCHLEISSHEIM,AU,+48.167,+014.067,+0314.0,20050928,20250824
110600-99999,LINZ/STADT,AU,+48.300,+014.283,+0263.0,19940601,20250824
110700-99999,KREMS,AU,+48.417,+015.617,+0204.0,20010919,20250824
110750-99999,LANGENOIS (AUT),AU,+48.467,+015.700,+0210.0,19901201,20250824
110780-99999,LILIENFELD/TARSCHBERG,AU,+48.033,+015.583,+0696.0,19940201,20250824
110800-99999,WIEN/MARIABRUNN,AU,+48.200,+016.233,+0227.0,20031021,20250824
110820-99999,GUMPOLDSKIRCHEN,AU,+48.033,+016.283,+0233.0,19920201,20250824
110830-99999,LEISER BERGE,AU,+48.567,+016.367,+0451.0,20040306,20250824
110850-99999,ZWERNDORF-MARCHEGG,AU,+48.333,+016.833,+0146.0,20040430,20250824
110900-99999,WEIN-DONAUFELD,AU,+48.250,+016.433,+0161.0,20140521,20250709
111010-99999,BREGENZ,AU,+47.500,+009.750,+0441.9,19650526,20250824
111050-99999,FELDKIRCH,AU,+47.267,+009.617,+0439.0,19661006,20250824
111090-99999,ST ANTON AM ARLBERG,AU,+47.133,+010.317,+1275.0,19820301,20250331
111100-99999,GALZIG,AU,+47.133,+010.233,+2080.0,19821030,20250824
111110-99999,TANNHEIM,AU,+47.500,+010.500,+1099.0,20240923,20240923
111120-99999,LANDECK,AU,+47.140,+010.564,+0806.5,19650526,20250824
111130-99999,NAUDERS,AU,+46.883,+010.483,+1330.0,20141207,20250331
111160-99999,REUTTE/TIROL,AU,+47.500,+010.750,+0870.0,19790807,20250709
111190-99999,SEEFELD,AU,+47.317,+011.183,+1183.7,19670622,20250824
111200-99999,INNSBRUCK,AU,+47.260,+011.344,+0580.9,19310104,20250824
111210-99999,INNSBRUCK-FLUGHAFEN,AU,+47.250,+011.350,+0579.0,20140521,20250824
111220-99999,SCHWAZ (HELIPORT),AU,+47.333,+011.700,+0543.0,19760930,20240813
111260-99999,PATSCHERKOFEL,AU,+47.217,+011.467,+2254.0,19670622,20250824
111270-99999,OBERGURGL,AU,+46.867,+011.033,+1937.0,19840102,20250824
111290-99999,PASSO DEL BRENNERO,IT,+47.000,+011.500,-0999.9,19870519,20250824
111300-99999,KUFSTEIN,AU,+47.583,+012.167,+0493.0,19650526,20250824
111360-99999,KRIMML,AU,+47.233,+012.183,+1010.7,19730704,20250824
111370-99999,MARIA ALM,AU,+47.400,+012.900,+0792.0,20050719,20240901
111380-99999,ALPINZENTRUM RUDOLFSHUETTE,AU,+47.133,+012.633,+2310.0,19810401,20250824
111400-99999,LOFER,AU,+47.583,+012.700,+0629.0,19730724,20250824
111410-99999,BISCHOFSHOFEN,AU,+47.400,+013.217,+0548.0,19810303,20250824
111420-99999,ST. JOHANN/PONGAU,AU,+47.317,+013.183,+0647.0,20010919,20250824
111440-99999,ZELL AM SEE (AUT),AU,+47.333,+012.800,+0763.0,19661003,20250709
111480-99999,ST. MICHAEL IM LUNGAU,AU,+47.100,+013.650,+1094.0,19730712,20250824
111490-99999,OBERTAUERN,AU,+47.250,+013.567,+1744.9,19730425,20250824
111500-99999,SALZBURG,AU,+47.793,+013.004,+0430.1,19380601,20250824
111520-99999,MATTSEE,AU,+47.983,+013.100,+0503.0,19730821,20250824
111530-99999,MONDSEE,AU,+47.850,+013.367,+0491.0,19730814,20250824
111550-99999,FEUERKOGEL,AU,+47.817,+013.717,+1620.1,19650526,20250824
111570-99999,AIGEN/ENNSTAL (MIL),AU,+47.533,+014.133,+0649.0,19380103,20250824
111610-99999,PRAEBICHL,AU,+47.517,+014.950,+1214.2,19730821,20250824
111650-99999,ZELTWEG,AU,+47.203,+014.744,+0676.7,19380601,20250824
111700-99999,LUNZ,AU,+47.850,+015.067,+0615.0,19730624,20250824
111710-99999,ST SEBASTIAN/MARIAZELL,AU,+47.800,+015.300,+0872.0,19870901,20250824
111730-99999,FISHBACH,AU,+47.450,+015.650,+1050.0,20060711,20250709
111750-99999,BRUCK/MUR,AU,+47.417,+015.267,+0482.0,19661006,20250824
111760-99999,KAPFENBERG-FLUGFELD,AU,+47.467,+015.333,+0527.0,20181107,20250824
111800-99999,RAX/SEILBAHN-BERGSTATION,AU,+47.717,+015.783,+1554.0,19770114,20250824
111820-99999,WIENER NEUSTADT,AU,+47.833,+016.217,+0285.0,19340501,20250824
111850-99999,MOENICHKIRCHEN,AU,+47.517,+016.033,+0994.0,19650526,20250824
111900-99999,EISENSTADT,AU,+47.850,+016.533,+0189.3,19730627,20250824
111920-99999,KLEINZICKEN,AU,+47.200,+016.333,+0267.0,19780502,20250824
111930-99999,BAD TATZMANNSDORF,AU,+47.333,+016.217,+0340.0,20060726,20250824
112010-99999,SILLIAN,AU,+46.750,+012.417,+1081.0,20080310,20250824
112040-99999,LIENZ,AU,+46.833,+012.817,+0666.0,19380401,20250824
112120-99999,VILLACHERALPE,AU,+46.600,+013.667,+2160.0,19650526,20240901
112130-99999,VILLACH,AU,+46.617,+013.883,+0494.0,19761102,20250824
112140-99999,PREITENEGG,AU,+46.933,+014.917,+1035.0,19650526,20250824
112200-99999,NEUMARKT,AU,+47.067,+014.417,+0870.0,19761101,20250824
112250-99999,WEITENSFELD,AU,+46.850,+014.183,+0712.4,19761102,20250824
112270-99999,FELDKIRCHEN,AU,+46.717,+014.100,+0551.0,20080310,20250824
112280-99999,FRIESACH,AU,+46.967,+014.400,+0641.3,20141230,20240820
112290-99999,ST. ANDRAE I.L.,AU,+46.767,+014.833,+0404.0,19771101,20250824
112310-99999,KLAGENFURT(CIV/MIL),AU,+46.650,+014.333,+0452.0,19310107,20250824
112320-99999,FEISTRITZ OB BLEIBURG,AU,+46.567,+014.767,+0527.0,19930101,20250824
112340-99999,BAD EISENKAPPEL,AU,+46.500,+014.593,+0620.0,20040619,20250709
112400-99999,GRAZ,AU,+46.991,+015.440,+0339.9,19340201,20250824
112410-99999,SCHOECKL,AU,+47.200,+015.467,+1442.0,19761101,20250824
112420-99999,ST RADEGUND,AU,+47.167,+015.483,+0725.0,20140521,20250709
112440-99999,BAD GLEICHENBERG,AU,+46.867,+015.900,+0282.0,20071016,20250824
112520-99999,VIRGEN,AU,+47.000,+012.450,+1190.0,19940201,20250824
112550-99999,KOETSCHACH-MAUTHEN,AU,+46.683,+013.000,+0711.0,19901201,20250824
112600-99999,MALLNITZ-BAD,AU,+47.000,+013.167,+1201.2,19901201,20250810
112630-99999,WEISSENSEE/GATSCHACH,AU,+46.717,+013.283,+0954.0,20040610,20250709
112650-99999,VILLACHER ALPE AUTOM,AU,+46.600,+013.667,+2160.0,20010919,20250824
112700-99999,DELLACH IM DRAUTAL,AU,+46.733,+013.083,+0625.0,19910214,20250824
112720-99999,SPITTAL/DRAU,AU,+46.783,+013.483,+0542.0,20050815,20250824
112750-99999,ARRIACH,AU,+46.733,+013.850,+0892.3,19901201,20250824
112780-99999,POERTSCHACH,AU,+46.633,+014.167,+0453.0,20080310,20250709
112800-99999,MURAU,AU,+47.117,+014.183,+0813.0,19901201,20250824
112850-99999,DEUTSCHLANDSBERG,AU,+46.817,+015.233,+0355.0,20040223,20250824
112900-99999,GRAZ UNIVERSITAET,AU,+47.083,+015.450,+0378.0,19920215,20250824
112920-99999,LASSNITZHOEHE,AU,+47.067,+015.583,+0533.0,19901201,20250824
112960-99999,LEIBNITZ,AU,+46.767,+015.550,+0265.7,20140521,20250824
112980-99999,FELDBACH,AU,+46.933,+015.867,+0283.0,20091117,20250824
113010-99999,ALBERSCHWENDE,AU,+47.450,+009.850,+0719.0,20100224,20250824
113020-99999,DORNBIRN,AU,+47.433,+009.733,+0410.0,19951001,20250824
113040-99999,BRAND,AU,+47.100,+009.733,+1029.0,20140521,20250824
113070-99999,LANGEN/ARLBERG,AU,+47.117,+010.117,+1221.0,20141211,20250331
113080-99999,WARTH,AU,+47.250,+010.183,+1471.0,19910205,20250824
113100-99999,ISCHGL/IDALPE,AU,+46.983,+010.317,+2319.0,19901201,20250824
113120-99999,GALTUER,AU,+46.967,+010.183,+1584.0,20100224,20250824
113150-99999,HOLZGAU,AU,+47.250,+010.333,+1140.0,20141024,20250331
113160-99999,PITZTALER GLETSCHER,AU,+46.933,+010.883,+2843.0,20070226,20250824
113180-99999,BRUNNENKOGEL/OETZTALER ALPEN,AU,+46.917,+010.867,+3429.5,20050218,20250824
113250-99999,JENBACH,AU,+47.383,+011.750,+0531.4,20091117,20250824
113300-99999,MAYRHOFEN,AU,+47.167,+011.850,+0633.0,20140521,20250824
113310-99999,KLAGENFURT-FLUGHAFEFN,AU,+46.633,+014.317,+0450.0,20140521,20250824
113320-99999,MISTELBACH,AU,+48.567,+016.600,+0195.0,20140521,20250824
113360-99999,KITZBUEHEL,AU,+47.433,+012.383,+0746.0,20141024,20241028
113370-99999,LOFERER ALM,AU,+47.600,+012.650,+1626.0,20091117,20250824
113400-99999,SCHMITTENHOEHE,AU,+47.333,+012.733,+1954.4,19900601,20250824
113430-99999,SONNBLICK - AUTOM.,AU,+47.050,+012.950,+3113.8,20010919,20250824
113450-99999,ST VEIT IM PONGAU,AU,+47.333,+013.150,+0749.2,19900601,20250824
113460-99999,RAURIS,AU,+47.217,+013.000,+0935.0,19940601,20250824
113480-99999,MARIAPFARR,AU,+47.150,+013.750,+1151.0,19911102,20250824
113490-99999,KATSCHBERG,AU,+47.067,+013.617,+1637.3,20140521,20250824
113500-99999,SALZBURG/FREISAAL,AU,+47.783,+013.050,+0423.0,19941001,20250824
113510-99999,RAMSAU/DACHSTEIN,AU,+47.433,+013.633,+1209.7,19911102,20250824
113540-99999,BAD GOISERN,AU,+47.633,+013.617,+0503.0,20010919,20240816
113550-99999,WINDISCHGARSTEN,AU,+47.733,+014.333,+0614.0,19900601,20250824
113560-99999,BAD AUSSEE,AU,+47.617,+013.750,+0747.0,19950102,20250824
113570-99999,ST. WOLFGANG,AU,+47.733,+013.450,+0537.0,19900601,20250824
113580-99999,BAD MITTERNDORF,AU,+47.550,+013.933,+0803.0,19950102,20250824
113590-99999,GROEBMING,AU,+47.433,+013.900,+0765.0,20140521,20250824
113620-99999,KALWANG,AU,+47.417,+014.767,+0744.0,20040512,20250824
113650-99999,ZELTWEG/AUTOM. STAT.,AU,+47.200,+014.767,+0682.0,20091117,20250824
113660-99999,SAALBACH,AU,+47.383,+012.650,+0980.6,20141111,20250824
113670-99999,BAERNKOPF,AU,+48.383,+015.000,+0970.0,20140521,20250824
113750-99999,AFLENZ,AU,+47.550,+015.233,+0774.0,20091117,20250824
113780-99999,GUTENSTEIN-MARIAHILFBERG,AU,+47.867,+015.883,+0709.0,20091117,20250824
113800-99999,REICHENAU/RAX,AU,+47.700,+015.833,+0486.0,19910206,20250824
113820-99999,PUCHBERG,AU,+47.783,+015.900,+0582.0,19910401,20250824
113830-99999,SEMMERING,AU,+47.617,+015.817,+0985.0,19910217,20250824
113840-99999,HIRSCHENKOGEL,AU,+47.617,+015.833,+1319.0,19950701,20250521
113850-99999,HOHE WAND/HOCHKOGELHAUS,AU,+47.817,+016.033,+0939.0,19940201,20250824
113860-99999,KRUMBACH ID BUCKLIGEN WELT,AU,+47.517,+016.183,+0545.0,20140521,20250824
113870-99999,SEIBERSDORF,AU,+47.983,+016.500,+0186.0,20040820,20250824
113890-99999,ST POELTEN LANDHAUS,AU,+48.183,+015.617,+0273.0,20071016,20250824
113900-99999,HARTBERG,AU,+47.283,+015.983,+0335.0,20091117,20250824
113930-99999,LUTZMANNSBURG,AU,+47.467,+016.667,+0199.0,20041214,20250824
113950-99999,ANDAU,AU,+47.767,+017.033,+0122.0,20091117,20250824
114060-99999,CHEB,EZ,+50.067,+012.383,+0490.0,19370102,20250824
114140-99999,KARLOVY VARY,EZ,+50.203,+012.915,+0606.2,19390101,20250824
114230-99999,PRIMDA,EZ,+49.667,+012.683,+0747.4,19400102,20250824
114232-99999,KBELY,EZ,+50.121,+014.544,+0286.2,20040510,20250824
114233-99999,KUNOVICE,EZ,+49.029,+017.440,+0177.1,20040510,20250824
114380-99999,TUSIMICE,EZ,+50.383,+013.333,+0326.2,19780608,20250824
114480-99999,PLZEN LINE,EZ,+49.675,+013.275,+0362.1,19390401,20250824
114500-99999,PLZEN-MIKULKA,EZ,+49.767,+013.383,+0371.5,19370301,20250824
114570-99999,CHURANOV,EZ,+49.067,+013.617,+1122.2,19730101,20250824
114640-99999,MILESOVKA,EZ,+50.550,+013.933,+0842.6,19310202,20250824
114870-99999,KOCELOVICE,EZ,+49.467,+013.833,+0521.9,19750801,20250824
115020-99999,USTI NAD LABEM,EZ,+50.683,+014.033,+0378.6,19780714,20250824
115090-99999,DOKSANY,EZ,+50.467,+014.167,+0160.2,19950401,20250824
115180-99999,RUZYNE,EZ,+50.101,+014.260,+0380.1,19290801,20250824
115190-99999,PRAHA-KARLOV / KLEMENTINUM,EZ,+50.067,+014.433,+0254.0,19310101,20250824
115200-99999,PRAHA-LIBUS,EZ,+50.000,+014.450,+0303.7,19730101,20250824
115351-99999,BECHYNE ARPT,EZ,+49.274,+014.502,+0431.0,20180816,20250824
115380-99999,TEMELIN,EZ,+49.200,+014.350,+0508.0,19891201,20250824
115460-99999,C. BUDEJOVICE-ROZNOV,EZ,+48.950,+014.467,+0396.4,20010915,20250824
115670-99999,PRAHA-KBELY,EZ,+50.117,+014.533,+0285.5,19390321,20250824
116030-99999,LIBEREC,EZ,+50.767,+015.017,+0401.5,19370302,20250824
116240-99999,CASLAV,EZ,+49.940,+015.382,+0242.0,19970101,20250824
116280-99999,KOSETICE,EZ,+49.567,+015.083,+0532.1,19881001,20250824
116360-99999,KOSTELNI MYSLOVA,EZ,+49.167,+015.433,+0572.4,19520101,20250824
116430-99999,PEC POD SNEZKOU,EZ,+50.700,+015.733,+0820.6,19310101,20250824
116520-99999,PARDUBICE,EZ,+50.013,+015.739,+0225.9,19960506,20250824
116530-99999,SNEZKA,EZ,+50.733,+015.733,+1602.0,20090501,20250824
116590-99999,PRIBYSLAV,EZ,+49.583,+015.767,+0536.4,19370102,20250824
116790-99999,USTI NAD ORLICI,EZ,+49.983,+016.417,+0404.9,19730101,20250824
116830-99999,SVRATOUCH,EZ,+49.733,+016.033,+0740.4,19770601,20250824
116920-99999,NAMEST,EZ,+49.166,+016.125,+0471.8,19960506,20250824
116930-99999,DUKOVANY,EZ,+49.100,+016.133,+0402.0,19871001,20250824
116980-99999,KUCHAROVICE,EZ,+48.883,+016.083,+0338.7,19780608,20250824
117100-99999,LUKA,EZ,+49.650,+016.950,+0515.6,19770601,20250824
117230-99999,TURANY,EZ,+49.151,+016.694,+0237.1,19390320,20250824
117300-99999,SERAK,EZ,+50.183,+017.117,+1327.5,20040706,20250814
117470-99999,PROSTEJOV,EZ,+49.450,+017.133,+0216.0,20140930,20250824
117660-99999,CERVENA,EZ,+49.783,+017.550,+0753.3,19780608,20250824
117740-99999,HOLESOV,EZ,+49.317,+017.567,+0224.0,19530404,20250824
117820-99999,MOSNOV,EZ,+49.696,+018.111,+0257.3,19520101,20250824
117870-99999,LYSA HORA,EZ,+49.550,+018.450,+1326.8,19730101,20250824
118010-99999,MALACKY,LO,+48.400,+017.150,+0207.0,20031123,20250824
118120-99999,MALY JAVORNIK,LO,+48.250,+017.150,+0368.5,20120101,20250824
118130-99999,BRATISLAVA-LOLIBA,LO,+48.167,+017.117,+0163.1,20120101,20250824
118160-99999,M R STEFANIK,LO,+48.170,+017.213,+0132.9,19400101,20250824
118190-99999,JASLOVSKE BOHUNICE,LO,+48.483,+017.667,+0178.0,20040909,20250824
118260-99999,PIESTANY,LO,+48.617,+017.833,+0164.0,19370102,20250824
118410-99999,ZILINA/HRICOV,LO,+49.233,+018.617,+0311.0,19750515,20250824
118550-99999,NITRA,LO,+48.283,+018.133,+0136.0,19370102,20250824
118560-99999,MOCHOVCE,LO,+48.283,+018.450,+0262.0,20100226,20250824
118580-99999,HURBANOVO,LO,+47.867,+018.200,+0124.0,19730101,20250824
118670-99999,PRIEVIDZA,LO,+48.767,+018.600,+0261.0,19780606,20250824
118800-99999,DUDINCE,LO,+48.167,+018.867,+0140.0,19780308,20250824
119000-99999,ZIAR NAD HRONOM,LO,+48.586,+018.852,+0275.0,20120501,20250824
119030-99999,SLIAC,LO,+48.650,+019.150,+0315.0,19520101,20250824
119160-99999,CHOPOK,LO,+48.983,+019.600,+2007.0,19730101,20250824
119180-99999,LIESEK,LO,+49.367,+019.683,+0693.0,19330301,20250824
119270-99999,LUCENEC,LO,+48.333,+019.733,+0214.0,19780608,20250824
119271-99999,KOSICE,LO,+48.663,+021.241,+0230.1,20040510,20250824
119274-99999,PIESTANY,LO,+48.625,+017.828,+0166.1,20040510,20250824
119275-99999,SLIAC,LO,+48.638,+019.134,+0317.9,20040510,20250824
119276-99999,ZILINA,LO,+49.232,+018.614,+0310.9,20040510,20250824
119300-99999,LOMNICKY STIT,LO,+49.200,+020.217,+2635.0,19520101,20250824
119330-99999,STRBSKE PLESO,LO,+49.117,+020.083,+1356.0,19780608,20250824
119340-99999,POPRAD TATRY,SK,+49.074,+020.241,+0718.1,19570312,20250824
119380-99999,TELGART,LO,+48.850,+020.183,+0906.0,19780608,20250824
119520-99999,POPRAD-GANOVCE,LO,+49.033,+020.317,+0703.0,20000530,20250824
119550-99999,PRESOV,LO,+49.033,+021.317,+0324.0,20110815,20250824
119580-99999,KOJSOVSKA HOLA,LO,+48.783,+020.983,+1246.0,20060228,20250824
119680-99999,KOSICE,LO,+48.667,+021.217,+0231.0,19520101,20250824
119760-99999,STROPKOV  TISINEC,LO,+49.217,+021.650,+0217.0,19780608,20250824
119780-99999,MILHOSTOV,LO,+48.667,+021.733,+0106.0,19890103,20250824
119930-99999,KAMENICA NAD CIROCHOU,LO,+48.933,+022.000,+0178.0,19730101,20250824
120010-99999,PETROBALTIC BETA,PL,+55.467,+018.167,+0046.0,20141127,20250824
121000-99999,KOLOBRZEG,PL,+54.183,+015.583,+0005.0,19350101,20250824
121050-99999,KOSZALIN,PL,+54.200,+016.150,+0034.0,19520101,20250824
121051-99999,BABICE / WARSZAWA BABICE,PL,+52.268,+020.911,+0107.3,20040526,20250824
121052-99999,INOWROCLAW,PL,+52.817,+018.333,+0083.0,20040510,20250824
121053-99999,LECZYCA,PL,+52.000,+019.150,+0150.0,19880421,20250824
121054-99999,TOMASZOW,PL,+51.533,+020.017,+0190.0,20040510,20250824
121055-99999,LUBLINEK,PL,+51.717,+019.400,+0184.0,20040810,20250824
121056-99999,MODLIN,PL,+52.451,+020.652,+0103.9,20120718,20250824
121150-99999,USTKA,PL,+54.583,+016.867,+0011.0,19370715,20250824
121195-99999,LUBLIN AIRPORT,PL,+51.233,+022.683,+0203.0,20130521,20250824
121200-99999,LEBA,PL,+54.750,+017.533,+0006.0,19730101,20250824
121220-99999,WICKO MORSKIE,PL,+54.550,+016.620,+0003.0,20020820,20250522
121240-99999,DARLOWEK,PL,+54.400,+016.350,+0005.0,20020601,20250824
121250-99999,LEBORK,PL,+54.550,+017.750,+0041.0,19530401,20250824
121350-99999,HEL,PL,+54.600,+018.817,+0003.0,19550701,20250824
121360-99999,LEBUNIA,PL,+54.417,+017.767,+0151.0,20020601,20250824
121420-99999,OKSYWIE,PL,+54.567,+018.517,+0070.0,20020601,20250824
121460-99999,PRUSZCZ GDANSKI,PL,+54.248,+018.672,+0006.4,20020601,20250824
121500-99999,LECHA WALESY,PL,+54.378,+018.466,+0149.0,19310101,20250824
121550-99999,GDANSK-SWIBNO,PL,+54.333,+018.933,+0009.0,19820901,20250824
121600-99999,ELBLAG-MILEJEWO,PL,+54.223,+019.543,+0043.0,19330102,20250824
121850-99999,KETRZYN,PL,+54.067,+021.367,+0110.0,19520101,20250824
121950-99999,SUWALKI,PL,+54.133,+022.950,+0186.0,19310109,20250824
122000-99999,SWINOUJSCIE,PL,+53.917,+014.233,+0005.0,19330704,20250824
122050-99999,SZCZECIN,PL,+53.400,+014.617,+0007.0,19280101,20250824
122100-99999,RESKO-SMOLSKO,PL,+53.767,+015.400,+0052.9,19730101,20250824
122120-99999,SWIDWIN,PL,+53.791,+015.826,+0117.3,19400402,20250824
122150-99999,SZCZECINEK,PL,+53.717,+016.747,+0144.0,19730101,20250824
122250-99999,NADARZYCE,PL,+53.450,+016.500,+0129.0,19311102,20250822
122260-99999,MIROSLAWIEC,PL,+53.395,+016.083,+0150.9,19870301,20250824
122350-99999,CHOJNICE,PL,+53.717,+017.550,+0172.0,19410101,20250824
122500-99999,TORUN,PL,+53.050,+018.583,+0072.0,19340331,20250824
122700-99999,MLAWA,PL,+53.100,+020.350,+0149.0,19340331,20250824
122720-99999,OLSZTYN,PL,+53.767,+020.417,+0137.0,19350101,20250824
122800-99999,MIKOLAJKI,PL,+53.783,+021.583,+0132.0,19621105,20250824
122850-99999,OSTROLEKA,PL,+53.083,+021.567,+0097.0,19410101,20250824
122950-99999,BIALYSTOK,PL,+53.100,+023.167,+0151.0,19310101,20250824
123000-99999,GORZOW WLKP,PL,+52.750,+015.283,+0073.0,19520101,20250824
123100-99999,SLUBICE,PL,+52.350,+014.600,+0024.0,19520102,20250824
123120-99999,BABIMOST,PL,+52.139,+015.799,+0059.1,20020603,20250824
123260-99999,KRZESINY,PL,+52.332,+016.966,+0080.8,20020601,20250824
123300-99999,LAWICA,PL,+52.421,+016.826,+0093.9,19310102,20250824
123360-99999,POWIDZ,PL,+52.379,+017.854,+0113.1,20010919,20250824
123450-99999,KOLO,PL,+52.200,+018.667,+0117.0,19520401,20250824
123600-99999,PLOCK,PL,+52.583,+019.733,+0109.0,19350101,20250824
123750-99999,OKECIE / WARSAW CHOPIN,PL,+52.166,+020.967,+0110.3,19280102,20250824
123760-99999,MINSK MAZOWIECKI,PL,+52.196,+021.656,+0184.1,20020601,20250824
123765-99999,MALBORK,PL,+54.027,+019.134,+0004.9,20050101,20250824
123767-99999,SZWEDEROWO,PL,+53.100,+017.983,+0235.0,20050101,20250824
123850-99999,SIEDLCE,PL,+52.181,+022.250,+0155.0,19730101,20250824
123990-99999,TERESPOL,PL,+52.067,+023.617,+0137.0,19730101,20250824
124000-99999,ZIELONA GORA,PL,+51.933,+015.533,+0192.0,19310101,20250824
124060-99999,SZPROTAWA-WIECHLICE,PL,+51.561,+015.585,+0128.0,19390815,20240821
124150-99999,LEGNICA,PL,+51.200,+016.200,+0124.0,19370401,20250824
124240-99999,STRACHOWICE,PL,+51.103,+016.886,+0123.1,19390102,20250824
124350-99999,KALISZ,PL,+51.783,+018.083,+0140.0,19520101,20250824
124540-99999,LASK,PL,+51.552,+019.179,+0192.9,20020601,20250824
124550-99999,WIELUN,PL,+51.217,+018.567,+0201.0,19391201,20250824
124690-99999,SULEJOW,PL,+51.350,+019.867,+0189.0,19730101,20250824
124880-99999,KOZIENICE,PL,+51.567,+021.550,+0126.0,19750812,20250824
124900-99999,DEBLIN,PL,+51.551,+021.894,+0119.5,19340104,20250824
124950-99999,LUBLIN RADAWIEC,PL,+51.217,+022.400,+0240.0,19310103,20250824
124970-99999,WLODAWA,PL,+51.550,+023.533,+0179.0,19730101,20250824
125000-99999,JELENIA GORA,PL,+50.900,+015.800,+0344.0,19330601,20250824
125100-99999,SNIEZKA,PL,+50.733,+015.733,+1613.0,19520101,20250824
125200-99999,KLODZKO,PL,+50.433,+016.617,+0357.0,19520102,20250824
125300-99999,OPOLE,PL,+50.617,+017.967,+0163.0,19730101,20250824
125400-99999,RACIBORZ,PL,+50.050,+018.200,+0206.0,19530102,20250824
125500-99999,CZESTOCHOWA,PL,+50.817,+019.100,+0295.0,19400101,20250824
125600-99999,KATOWICE,PL,+50.233,+019.033,+0284.0,19340330,20250824
125660-99999,BALICE,PL,+50.078,+019.785,+0241.1,19310103,20250824
125700-99999,KIELCE-SUKOW,PL,+50.817,+020.700,+0261.0,19341002,20250824
125750-99999,TARNOW,PL,+50.033,+020.983,+0209.0,19391126,20250824
125800-99999,JASIONKA,PL,+50.110,+022.019,+0205.7,19540102,20250824
125850-99999,SANDOMIERZ,PL,+50.700,+021.717,+0218.0,19400101,20250824
125950-99999,ZAMOSC,PL,+50.700,+023.250,+0213.0,19400220,20250824
126000-99999,BIELSKO-BIALA,PL,+49.800,+019.000,+0399.0,19391009,20250824
126250-99999,ZAKOPANE,PL,+49.300,+019.967,+0857.0,19340329,20250824
126500-99999,KASPROWY WIERCH,PL,+49.233,+019.983,+1989.0,19400101,20250824
126600-99999,NOWY SACZ,PL,+49.617,+020.700,+0295.0,19730101,20250824
126700-99999,KROSNO,PL,+49.700,+021.767,+0329.0,19850401,20250824
126900-99999,LESKO,PL,+49.467,+022.350,+0422.0,19730101,20250824
126950-99999,PRZEMYSL,PL,+49.800,+022.767,+0280.0,19340330,20250824
127560-99999,SZECSENY,HU,+48.117,+019.517,+0153.0,20010705,20250417
127660-99999,JOSVAFO,HU,+48.483,+020.533,+0305.0,20010705,20240502
127720-99999,MISKOLC,HU,+48.083,+020.767,+0236.0,19520101,20250626
127780-99999,SAROSPATAK,HU,+48.317,+021.567,+0118.0,20230130,20250108
127860-99999,ZAHONY,HU,+48.400,+022.167,+0104.0,20010705,20250528
128050-99999,SOPRON,HU,+47.683,+016.600,+0239.0,19360601,20250325
128120-99999,SZOMBATHELY ARPT / VAS,HU,+47.283,+016.633,+0223.1,19360105,20240502
128150-99999,MOSONMAGYAROVAR,HU,+47.883,+017.283,+0122.0,19961201,20250102
128220-99999,GYOR,HU,+47.717,+017.683,+0129.0,19730101,20250824
128250-99999,PAPA,HU,+47.364,+017.501,+0152.0,19730101,20250824
128300-99999,VESZPREM/SZENTKIRALYSZABADJA,HU,+47.067,+017.833,+0281.0,19880210,20240502
128360-99999,TATA,HU,+47.650,+018.317,+0129.0,20010705,20240502
128390-99999,FERIHEGY / BUDAPEST LISZT FERENC INTL,HU,+47.437,+019.256,+0150.9,19520101,20250824
128400-99999,BUDAPEST MET CENTER,HU,+47.517,+019.033,+0129.0,19310103,20240423
128430-99999,BUDAPEST/PESTSZENTLORINC,HU,+47.433,+019.183,+0139.0,19730101,20250406
128460-99999,AGARD,HU,+47.183,+018.617,+0106.0,20010705,20240502
128470-99999,TAT,HU,+47.750,+018.600,+0109.0,20010805,20250718
128510-99999,KEKESTETO,HU,+47.867,+020.017,+1015.0,19340901,20250417
128600-99999,SZOLNOK,HU,+47.123,+020.236,+0098.1,19520101,20250824
128603-99999,SZENTKIRALYSZABADJA,HU,+47.078,+017.968,+0280.1,19960403,20250803
128605-99999,BALATON,HU,+46.686,+017.159,+0124.4,20061010,20250824
128660-99999,POROSZLO,HU,+47.650,+020.633,+0092.0,20010705,20240502
128700-99999,EGER,HU,+47.900,+020.383,+0218.0,19360102,20250628
128820-99999,DEBRECEN,HU,+47.489,+021.615,+0110.0,19310104,20250824
128920-99999,NYIREGYHAZA,HU,+47.984,+021.692,+0103.0,19730101,20250824
129100-99999,SZENTGOTTHARD/FARKASFA,HU,+46.917,+016.317,+0313.0,19740812,20240502
129150-99999,ZALAEGERSZEG/ANDRASHIDA,HU,+46.867,+016.800,+0180.0,19770909,20240502
129200-99999,KESZTHELY,HU,+46.736,+017.239,+0110.7,19360101,20250109
129220-99999,SARMELLEK,HU,+46.683,+017.167,+0125.0,20010919,20250612
129250-99999,NAGYKANIZSA,HU,+46.450,+016.967,+0141.0,19730101,20240502
129300-99999,KAPOSVAR,HU,+46.383,+017.833,+0145.0,19361001,20240423
129350-99999,SIOFOK,HU,+46.917,+018.050,+0109.0,19730101,20240502
129420-99999,PECS SOUTH,HU,+45.991,+018.241,+0304.8,19360501,20250824
129500-99999,PAKS,HU,+46.583,+018.850,+0098.0,19801009,20240502
129600-99999,BAJA,HU,+46.183,+019.017,+0113.0,19730101,20250609
129700-99999,KECSKEMET,HU,+46.918,+019.749,+0114.6,19730101,20250824
129820-99999,SZEGED (AUT),HU,+46.250,+020.100,+0083.0,19360101,20250822
129920-99999,BEKESCSABA,HU,+46.683,+021.167,+0090.0,19361201,20250406
130145-99999,CERKLJE OB KRKI,SI,+45.900,+015.530,+0155.4,20051006,20250824
130200-99999,ROGLA,SI,+46.450,+015.333,+1480.0,19920301,20250817
130670-99999,PALIC,RI,+46.100,+019.767,+0105.0,19730101,20250824
131160-99999,RIJEKA,HR,+45.217,+014.570,+0084.7,19730101,20250824
131600-99999,SOMBOR,RI,+45.767,+019.150,+0089.0,19820101,20250824
131680-99999,NOVI SAD RIMSKI SANCEVI,RI,+45.333,+019.850,+0087.0,19360801,20250824
131730-99999,ZRENJANIN,RI,+45.367,+020.417,+0082.0,19820101,20250824
131740-99999,KIKINDA,RI,+45.850,+020.467,+0082.0,19730102,20250824
131800-99999,BANATSKI KARLOVAC,RI,+45.050,+021.033,+0091.0,19910701,20250824
131830-99999,VRSAC,RI,+45.147,+021.310,+0084.1,19730101,20250824
132420-99999,BANJA LUKA,BK,+44.941,+017.298,+0121.9,19360701,20250824
132620-99999,LOZNICA,RI,+44.550,+019.233,+0122.0,19730101,20250824
132660-99999,SREMSKA MITROVICA,RI,+45.100,+019.550,+0083.0,19820401,20250824
132690-99999,VALJEVO,RI,+44.317,+019.917,+0177.0,19730102,20250824
132720-99999,BEOGRAD,RI,+44.818,+020.309,+0102.1,19450501,20250824
132725-99999,BEOGRAD/BATAJNICA,RI,+44.935,+020.258,+0080.8,20080115,20250824
132740-99999,BEOGRAD,RI,+44.800,+020.467,+0132.0,19520101,20250824
132780-99999,KRAGUJEVAC,RI,+44.033,+020.933,+0185.0,20070228,20250824
132790-99999,SMEDEREVSKA PALANKA,RI,+44.367,+020.950,+0122.0,19730102,20250824
132850-99999,VELIKO GRADISTE,RI,+44.750,+021.517,+0084.0,19360701,20250824
132890-99999,CRNI VRH,RI,+44.117,+021.950,+1039.0,19730302,20250824
132950-99999,NEGOTIN,RI,+44.233,+022.550,+0044.0,19730101,20250824
133480-99999,MOSTAR,BK,+43.283,+017.846,+0047.5,19360701,20250824
133530-99999,SARAJEVO,BK,+43.825,+018.331,+0520.6,19360102,20250824
133610-99999,ZABLJAK,MJ,+43.150,+019.133,+1450.0,19820101,20240817
133630-99999,PLEVLJA,MJ,+43.350,+019.350,+0788.0,19360102,20250824
133670-99999,ZLATIBOR,RI,+43.733,+019.717,+1029.0,19730101,20250824
133690-99999,SJENICA,RI,+43.283,+020.000,+1039.0,19820401,20250824
133700-99999,POZEGA UZICKA,RI,+43.833,+020.033,+0312.0,19820101,20250824
133760-99999,KRALJEVO,RI,+43.700,+020.700,+0217.0,19360102,20250824
133780-99999,KOPAONIK,RI,+43.283,+020.800,+1713.0,19820401,20250824
133830-99999,KRUSEVAC,RI,+43.567,+021.350,+0167.0,19820101,20250824
133840-99999,CUPRIJA,RI,+43.933,+021.383,+0125.0,19730105,20250824
133880-99999,NIS,RI,+43.337,+021.854,+0197.5,19360102,20250824
133890-99999,LESKOVAC,RI,+42.983,+021.950,+0232.0,19730102,20250824
133970-99999,DIMITROVGRAD,RI,+43.017,+022.750,+0450.0,19730105,20250824
134570-99999,TIVAT,MJ,+42.405,+018.723,+0006.1,19761221,20250824
134590-99999,NIKSIC,MJ,+42.767,+018.950,+0647.0,19751023,20250824
134610-99999,BAR,MJ,+42.100,+019.100,+0006.0,19820101,20250824
134615-99999,OHRID-AERODROME,MK,+41.100,+020.817,+0700.0,20050101,20250824
134620-99999,PODGORICA / GOLUBOVCI,MJ,+42.367,+019.250,+0033.0,19520101,20250824
134624-99999,PODGORICA TITOGRAD,MJ,+42.433,+019.283,+0053.0,19930408,20250824
134630-99999,PODGORICA-GRAD,MJ,+42.433,+019.283,+0050.0,20010916,20250824
134770-99999,PRIZREN,KV,+42.217,+020.733,+0403.0,19730102,20240803
134811-99999,PRISTINA,XK,+42.570,+021.030,+0559.0,20040706,20250824
134890-99999,VRANJE,RI,+42.550,+021.917,+0434.0,19791104,20250824
134920-99999,POPOVA SAPKA,MK,+41.017,+020.883,+1750.0,20020914,20250312
134930-99999,KRIVA PALANKA,MK,+42.200,+022.333,+0696.0,19730101,20250824
135710-99999,TETOVO,MK,+42.000,+020.967,+0462.0,20130225,20250824
135750-99999,POZARANE-PGC,MK,+41.850,+020.867,+0885.0,20010725,20250824
135760-99999,MAVROVO,MK,+41.700,+020.750,+1240.0,20120703,20250824
135770-99999,LAZAROPOLE,MK,+41.533,+020.700,+1321.0,19730102,20250824
135780-99999,OHRID,MK,+41.180,+020.742,+0705.0,19730105,20250824
135800-99999,PRETOR-PGC,MK,+40.983,+021.067,+0910.0,20011113,20250824
135810-99999,TOPOLCANI-PGC,MK,+41.217,+021.467,-0999.9,20010730,20250824
135820-99999,KRUSEVO,MK,+41.367,+021.250,+1230.0,19570101,20250312
135830-99999,BITOLA,MK,+41.050,+021.367,+0589.0,19730101,20250824
135850-99999,PRILEP,MK,+41.333,+021.567,+0674.0,19360102,20250824
135860-99999,SKOPJE,MK,+41.962,+021.621,+0238.0,19280106,20250824
135880-99999,SKOPJE-ZAJCEV RID,MK,+42.017,+021.400,+0301.0,20011113,20250824
135900-99999,GURISTE-PGC,MK,+41.900,+021.850,+0856.0,20010713,20250824
135910-99999,STIP,MK,+41.750,+022.183,+0327.0,19730102,20250824
135920-99999,DEMIR KAPIJA,MK,+41.417,+022.250,+0126.0,19730101,20250824
135930-99999,POZAR-PGC,MK,+41.300,+022.417,+1030.0,20011113,20250824
135940-99999,VINICA-PGC,MK,+41.883,+022.500,+0513.0,20010726,20250824
135950-99999,STRUMICA,MK,+41.433,+022.650,+0224.0,20011113,20250824
135970-99999,GEVGELIJA,MK,+41.150,+022.500,+0059.0,20010705,20250824
135980-99999,BEROVO,MK,+41.717,+022.850,+0836.0,19910701,20250824
135990-99999,KAVADARCI,MK,+41.433,+022.033,+0260.0,20130228,20250824
136000-99999,SHKODRA,AL,+42.100,+019.533,+0043.0,19560101,20250824
136010-99999,TIRANA-LA PRAKA,AL,+41.333,+019.800,+0097.0,20110525,20250824
136100-99999,KUKES INTERNATIONIONAL AIRPORT,AL,+42.034,+020.415,+0354.0,19730106,20250824
136110-99999,DURRES,AL,+41.300,+019.450,+0012.0,19730106,20250824
136150-99999,TIRANA RINAS,AL,+41.415,+019.721,+0038.4,19560101,20250824
136190-99999,PESHKOPI,AL,+41.683,+020.433,+0653.0,19730106,20250824
136220-99999,VLORE,AL,+40.467,+019.483,+0005.0,19601002,20250824
136230-99999,SAZAN ISLAND,AL,+40.500,+019.283,+0240.0,19330516,20250824
136240-99999,QYTETI STALIN,AL,+40.800,+019.900,+0033.0,19730106,20250824
136250-99999,GJIROKASTRA,AL,+40.083,+020.150,+0194.0,19560101,20250824
136290-99999,KORCA,AL,+40.600,+020.767,+0899.0,19560101,20250824
140060-99999,VOGEL,SI,+46.267,+013.833,+1535.0,19960101,20250824
140070-99999,RATECE,SI,+46.500,+013.717,+0864.5,19960101,20250824
140080-99999,KREDARICA,SI,+46.383,+013.850,+2515.0,19960201,20250824
140090-99999,VOJSKO,SI,+46.033,+013.900,+1067.0,19960102,20250824
140100-99999,LESCE,SI,+46.367,+014.183,+0515.0,19960101,20250824
140120-99999,KATARINA,SI,+46.100,+014.367,+0685.0,19960101,20250824
140140-99999,LJUBLJANA,SI,+46.224,+014.458,+0388.0,19960201,20250824
140150-99999,LJUBLJANA/BEZIGRAD,SI,+46.067,+014.517,+0298.0,19960101,20250824
140210-99999,SLOVENJ GRADEC,SI,+46.483,+015.117,+0444.0,19960101,20250824
140230-99999,CELJE,SI,+46.233,+015.233,+0243.6,19960101,20250824
140240-99999,LISCA,SI,+46.067,+015.283,+0941.0,19960201,20250824
140250-99999,MARIBOR/TABOR,SI,+46.533,+015.650,+0278.0,19960101,20250817
140260-99999,MARIBOR,SI,+46.480,+015.686,+0267.0,19960101,20250824
140310-99999,MURSKA SOBOTA,SI,+46.650,+016.200,+0186.7,19960201,20250824
141050-99999,PORTOROZ,SI,+45.473,+013.615,+0002.1,19960101,20250824
141060-99999,NOVA GORICA,SI,+45.900,+013.633,+0056.1,19960101,20250824
141120-99999,POSTOJNA,SI,+45.767,+014.200,+0533.0,19960101,20250824
141180-99999,KOCEVJE,SI,+45.650,+014.850,+0467.0,19960201,20250824
141200-99999,CRNOMELJ,SI,+45.567,+015.150,+0157.0,19960201,20250824
141210-99999,NOVO MESTO,SI,+45.800,+015.183,+0220.0,19960201,20250824
141220-99999,CERKLJE OB KRKI,SI,+45.900,+015.517,+0161.6,20061010,20250824
142160-99999,RIJEKA/KOZALA,HR,+45.333,+014.450,+0125.0,19960201,20250824
142190-99999,PARG,HR,+45.600,+014.633,+0863.0,19960201,20250824
142320-99999,KARLOVAC,HR,+45.500,+015.567,+0111.0,19960201,20250824
142340-99999,KRAPINA,HR,+46.133,+015.883,+0203.1,19960201,20250824
142350-99999,PUNTIJARKA,HR,+45.917,+015.967,+0988.0,19960201,20250824
142360-99999,ZAGREB/GRIC,HR,+45.800,+015.967,+0157.0,19960201,20250824
142400-99999,ZAGREB\MAKSIMIR,HR,+45.817,+016.033,+0128.0,19960201,20250824
142410-99999,ZAGREB,HR,+45.743,+016.069,+0107.6,19960201,20250824
142440-99999,SISAK,HR,+45.500,+016.367,+0106.0,19960201,20250824
142460-99999,VARAZDIN,HR,+46.295,+016.381,+0167.0,19960201,20250824
142480-99999,KRIZEVCI,HR,+46.033,+016.550,+0146.0,19960117,20250824
142530-99999,BJELOVAR,HR,+45.917,+016.867,+0142.4,19960201,20250824
142531-99999,LOSINJ ISLAND,HR,+44.567,+014.400,+0045.0,20040510,20250824
142560-99999,BILOGORA,HR,+45.883,+017.200,+0263.0,19960201,20250824
142580-99999,DARUVAR,HR,+45.600,+017.233,+0161.0,19960201,20250824
142800-99999,OSIJEK-CEPIN,HR,+45.500,+018.567,+0089.3,20030330,20250824
142840-99999,OSIJEK,HR,+45.463,+018.810,+0088.4,20040713,20250824
143070-99999,PULA,HR,+44.894,+013.922,+0083.5,19960201,20250824
143080-99999,PAZIN,HR,+45.233,+013.933,+0293.0,19960201,20250824
143140-99999,MALI LOSINJ,HR,+44.533,+014.483,+0053.0,19960201,20250824
143210-99999,RAB,HR,+44.750,+014.767,+0019.9,19960201,20250824
143230-99999,SENJ,HR,+45.000,+014.900,+0028.0,19960201,20250824
143240-99999,ZAVIZAN,HR,+44.817,+014.983,+1597.0,19960201,20250824
143280-99999,OGULIN,HR,+45.267,+015.233,+0328.0,19960201,20250824
143300-99999,GOSPIC,HR,+44.550,+015.367,+0565.0,19960201,20250824
143700-99999,SLAVONSKI BROD,HR,+45.167,+018.000,+0089.0,19960201,20250824
143820-99999,GRADISTE,HR,+45.150,+018.700,+0098.0,19960106,20250824
144280-99999,ZADAR PUNTAMIKA,HR,+44.133,+015.217,+0007.0,19960201,20250824
144310-99999,ZADAR,HR,+44.108,+015.347,+0088.1,19960101,20250824
144380-99999,SIBENIK,HR,+43.733,+015.917,+0075.0,19960201,20250824
144410-99999,KOMIZA,HR,+43.050,+016.100,+0020.0,19960201,20250824
144420-99999,KNIN,HR,+44.033,+016.200,+0255.0,19960227,20250824
144430-99999,PALAGRUZA,HR,+42.400,+016.267,+0098.0,19960201,20250824
144440-99999,SPLIT,HR,+43.539,+016.298,+0024.1,19960201,20250824
144450-99999,SPLIT/MARJAN,HR,+43.517,+016.433,+0128.0,19960201,20250824
144460-99999,BRAC,HR,+43.286,+016.680,+0541.3,20040810,20250824
144470-99999,HVAR,HR,+43.167,+016.450,+0025.0,19960201,20250824
144520-99999,LASTOVO,HR,+42.767,+016.900,+0187.0,20010916,20250824
144540-99999,MAKARSKA,HR,+43.283,+017.017,+0049.0,19960201,20250824
144620-99999,PLOCE,HR,+43.050,+017.450,+0005.0,19960201,20250824
144720-99999,DUBROVNIK/GORICA,HR,+42.650,+018.083,+0053.0,19960201,20250824
144740-99999,DUBROVNIK,HR,+42.561,+018.268,+0160.6,19960101,20250824
145280-99999,BIHAC,BK,+44.817,+015.883,+0250.0,20010705,20250822
145370-99999,SANSKI MOST,BK,+44.767,+016.700,+0158.0,20010705,20250824
145420-99999,BANJA LUKA,BK,+44.783,+017.217,+0156.0,20010705,20250824
145430-99999,JAJCE,BK,+44.350,+017.267,+0431.0,20010705,20250824
145440-99999,BUGOJNO,BK,+44.067,+017.467,+0566.0,19981012,20250824
145490-99999,ZENICA,BK,+44.217,+017.900,+0348.0,19981012,20250824
145540-99999,GRADACAC,BK,+44.883,+018.433,+0140.0,20010705,20250824
145570-99999,TUZLA,BK,+44.550,+018.700,+0307.0,20010705,20250824
146400-99999,LIVNO,BK,+43.833,+017.017,+0728.0,19990109,20250823
146480-99999,MOSTAR,BK,+43.350,+017.800,+0108.0,20010705,20250824
146500-99999,IVAN SEDLO,BK,+43.767,+018.033,+0972.0,20010705,20250822
146520-99999,BJELASNICA,BK,+43.717,+018.267,+2070.0,19991029,20250820
146540-99999,SARAJEVO-BJELAVE,BK,+43.867,+018.433,+0638.0,19981012,20250824
146570-99999,NEUM,BK,+42.917,+017.600,+0014.0,20080721,20250310
150000-99999,DARABANI,RO,+48.200,+026.583,+0260.0,19861201,20250824
150001-99999,BOBOC AIR BASE,RO,+45.210,+026.970,+0103.0,20080811,20240318
150002-99999,BORCEA FETESTI AIR BASE,RO,+44.383,+027.717,+0054.0,20080811,20241206
150040-99999,SIGHETUL MARMATIEI,RO,+47.933,+023.900,+0276.0,19650701,20250824
150070-99999,RADAUTI,RO,+47.833,+025.900,+0391.0,19730721,20250824
150100-99999,SATU MARE,RO,+47.703,+022.886,+0126.2,19520101,20250824
150140-99999,TAUTII MAGHERAUS / MARAMURES,RO,+47.658,+023.470,+0184.1,19740315,20250824
150150-99999,OCNA SUGATAG,RO,+47.733,+023.950,+0503.0,19740316,20250824
150200-99999,BOTOSANI,RO,+47.733,+026.650,+0163.0,19570901,20250824
150230-99999,STEFAN CEL MARE / SUCEAVA,RO,+47.688,+026.354,+0419.1,19730105,20250824
150250-99999,STANCA STEFANESTI,RO,+47.833,+027.217,+0110.0,19841101,20250824
150330-99999,IEZER,RO,+47.600,+024.650,+1786.0,19730721,20250824
150420-99999,SACUIENI,RO,+47.350,+022.100,+0113.0,19730802,20250824
150440-99999,SUPURU DE JOS,RO,+47.450,+022.783,+0161.0,19730721,20250824
150470-99999,TARGU LAPUS,RO,+47.433,+023.867,+0365.0,19870701,20250824
150560-99999,COTNARI,RO,+47.367,+026.933,+0289.0,19730721,20250824
150630-99999,ZALAU,RO,+47.183,+023.050,+0294.0,19730105,20250824
150690-99999,POIANA STAMPEI,RO,+47.317,+025.133,+0920.0,19730802,20250824
150730-99999,TARGU NEAMT,RO,+47.217,+026.383,+0388.0,19730721,20250824
150800-99999,ORADEA,RO,+47.025,+021.903,+0141.7,19360101,20250824
150830-99999,DEJ,RO,+47.133,+023.900,+0236.0,19740318,20250824
150850-99999,BISTRITA,RO,+47.150,+024.517,+0367.0,19660102,20250824
150880-99999,CALIMANI RETITIS,RO,+47.100,+025.250,+2021.0,19900201,20250824
150900-99999,IASI,RO,+47.178,+027.621,+0121.0,19360101,20250824
150940-99999,BARNOVA,RO,+47.017,+027.583,+0400.0,20120329,20250824
150950-99999,BOROD,RO,+46.983,+022.600,+0317.0,19730721,20250824
150990-99999,HUEDIN,RO,+46.850,+023.033,+0561.0,19830301,20250824
151070-99999,TOPLITA,RO,+46.933,+025.367,+0688.0,19730721,20250824
151080-99999,CEAHLAU TOACA,RO,+46.983,+025.950,+1898.0,19640201,20250824
151090-99999,PIATRA NEAMT,RO,+46.917,+026.383,+0361.0,19730721,20250824
151110-99999,ROMAN,RO,+46.967,+026.917,+0217.0,19350701,20250824
151130-99999,NEGRESTI,RO,+46.850,+027.450,+0131.0,19730721,20250824
151170-99999,HOLOD,RO,+46.783,+022.117,+0165.0,19740316,20250824
151180-99999,STANA DE VALE,RO,+46.683,+022.617,+1116.0,19830301,20250824
151190-99999,VLADEASA 1800,RO,+46.767,+022.800,+1837.0,19730721,20250824
151200-99999,CLUJ NAPOCA / AVRAM IANCU,RO,+46.785,+023.686,+0315.8,19360101,20250824
151230-99999,SARMASU,RO,+46.750,+024.167,+0398.0,19730722,20250824
151240-99999,BATOS,RO,+46.883,+024.650,+0448.0,19870301,20250824
151270-99999,JOSENI,RO,+46.700,+025.517,+0751.0,19730721,20250824
151360-99999,CHISINEU-CRIS,RO,+46.533,+021.533,+0096.0,19730721,20250824
151380-99999,DUMBRAVITA DE CODRU,RO,+46.633,+022.167,+0586.0,19840101,20250824
151430-99999,TURDA,RO,+46.583,+023.783,+0428.0,19740315,20250824
151450-99999,VIDRASAU / TARGU MURES,RO,+46.468,+024.413,+0293.5,19520401,20250824
151480-99999,BUCIN,RO,+46.650,+025.300,+1279.0,19830301,20250824
151500-99999,GEORGE ENESCU BACAU INTL,RO,+46.522,+026.910,+0185.0,19520101,20250824
151540-99999,VASLUI,RO,+46.650,+027.717,+0117.0,19740316,20250824
151600-99999,STEI,RO,+46.533,+022.467,+0279.0,19730804,20250824
151620-99999,CAMPENI,RO,+46.367,+023.050,+0611.0,19740315,20250824
151630-99999,BAISOARA,RO,+46.533,+023.317,+1356.0,19730721,20250824
151650-99999,TARNAVENI,RO,+46.367,+024.233,+0524.0,19870301,20250824
151680-99999,ODORHEIUL SECUIESC,RO,+46.300,+025.300,+0525.0,19730802,20250824
151700-99999,MIERCUREA CIUC,RO,+46.367,+025.733,+0662.0,19660102,20250824
151790-99999,SIRIA,RO,+46.250,+021.650,+0473.0,19850401,20250824
151820-99999,GURAHONT,RO,+46.267,+022.333,+0177.0,19730721,20250824
151840-99999,ROSIA MONTANA,RO,+46.317,+023.133,+1193.0,19840101,20250824
151890-99999,DUMBRAVENI,RO,+46.233,+024.600,+0319.0,19730105,20250824
151940-99999,TARGU OCNA,RO,+46.267,+026.650,+0243.0,19730114,20250824
151970-99999,BARLAD,RO,+46.233,+027.650,+0173.0,19660102,20250824
151990-99999,SANNICOLAU MARE,RO,+46.067,+020.600,+0086.2,19730802,20250824
152000-99999,ARAD,RO,+46.177,+021.262,+0107.3,19361105,20250824
152040-99999,VARADIA DE MURES,RO,+46.017,+022.150,+0157.0,19730721,20250824
152060-99999,TEBEA,RO,+46.167,+022.726,+0264.0,19730802,20250824
152080-99999,ALBA IULIA,RO,+46.067,+023.567,+0247.0,19830301,20250824
152090-99999,BLAJ,RO,+46.183,+023.933,+0334.0,19730105,20250824
152150-99999,BARAOLT,RO,+46.083,+025.600,+0509.0,19730721,20250824
152170-99999,TARGU SECUIESC,RO,+46.000,+026.133,+0569.0,19730721,20250824
152190-99999,ADJUD,RO,+46.100,+027.167,+0102.0,19740318,20250824
152300-99999,DEVA,RO,+45.867,+022.900,+0231.0,19520101,20250824
152310-99999,SEBES ALBA,RO,+45.967,+023.533,+0272.2,19730721,20250824
152350-99999,FAGARAS,RO,+45.833,+024.933,+0429.0,19660505,20250824
152380-99999,SFANTU GHEORGHE GOVASNA,RO,+45.867,+025.817,+0526.0,19740315,20250824
152450-99999,JIMBOLIA,RO,+45.783,+020.700,+0080.0,19860101,20250824
152470-99999,TRAIAN VUIA,RO,+45.810,+021.338,+0106.1,19520101,20250824
152540-99999,PALTINIS SIBIU,RO,+45.650,+023.933,+1454.0,19730802,20250824
152600-99999,SIBIU,RO,+45.786,+024.091,+0456.0,19360101,20250824
152610-99999,INTORSURA BUZAULUI,RO,+45.683,+026.017,+0710.0,19730105,20250824
152620-99999,LACAUTI,RO,+45.817,+026.383,+1785.0,19730721,20250824
152640-99999,FOCSANI,RO,+45.700,+027.200,+0059.0,19830301,20250824
152650-99999,TECUCI,RO,+45.850,+027.417,+0061.0,19360102,20250824
152700-99999,LUGOJ,RO,+45.683,+021.933,+0123.0,19740316,20250824
152770-99999,BOITA,RO,+45.650,+024.267,+0519.0,19730721,20250824
152790-99999,BALEA LAC,RO,+45.600,+024.617,+2038.0,19830301,20250824
152800-99999,VARFU OMU,RO,+45.450,+025.450,+2509.0,19520101,20250824
152840-99999,PENTELEU,RO,+45.600,+026.417,+1626.0,19880101,20250824
152850-99999,BISOCA,RO,+45.550,+026.700,+0833.0,19840401,20250824
152890-99999,BANLOC,RO,+45.383,+021.133,+0083.0,19730105,20250824
152920-99999,CARANSEBES,RO,+45.420,+022.253,+0264.0,19650701,20250824
152960-99999,PETROSANI,RO,+45.417,+023.383,+0599.0,19730115,20250824
152970-99999,OBARSIA LOTRULUI,RO,+45.433,+023.633,+1350.0,19830301,20250824
153000-99999,BRASOV GHIMBAV,RO,+45.706,+025.524,+0538.0,19730721,20250824
153010-99999,FUNDATA,RO,+45.433,+025.267,+1383.0,19730721,20250824
153020-99999,PREDEAL,RO,+45.500,+025.583,+1093.0,19340703,20250824
153070-99999,RAMNICU SARAT,RO,+45.383,+027.050,+0154.0,19740315,20250824
153100-99999,GALATI,RO,+45.483,+028.033,+0071.0,19350702,20250824
153140-99999,RESITA,RO,+45.300,+021.917,+0286.0,19830401,20250824
153150-99999,SEMENIC,RO,+45.183,+022.050,+1433.0,19730721,20250824
153160-99999,CUNTU,RO,+45.300,+022.517,+1450.0,19730721,20250824
153170-99999,TARCU,RO,+45.283,+022.533,+2186.0,19730721,20250824
153190-99999,VOINEASA,RO,+45.417,+023.967,+0575.0,19730720,20250824
153200-99999,PARANG,RO,+45.383,+023.467,+1550.0,19730720,20250824
153240-99999,CAMPULUNG MUSCEL,RO,+45.283,+025.033,+0680.0,19740315,20250824
153250-99999,SINAIA-1500,RO,+45.350,+025.500,+1510.0,19730721,20250824
153280-99999,PATARLAGELE,RO,+45.317,+026.367,+0291.0,19740315,20250824
153330-99999,BRAILA,RO,+45.200,+027.917,+0015.0,19830401,20250824
153350-99999,CATALOI / TULCEA,RO,+45.062,+028.714,+0061.0,19730105,20250824
153360-99999,GORGOVA,RO,+45.183,+029.167,+0004.0,19740315,20250824
153370-99999,MAHMUDIA,RO,+45.083,+029.067,+0173.0,19930501,20250824
153380-99999,ORAVITA,RO,+45.033,+021.683,+0310.0,19730108,20250824
153400-99999,TARGU JIU,RO,+45.033,+023.267,+0205.5,19660506,20250824
153410-99999,APA NEAGRA,RO,+45.000,+022.867,+0251.0,19730819,20250824
153440-99999,POLOVRAGI,RO,+45.183,+023.817,+0532.0,19740315,20250824
153450-99999,MORARESTI,RO,+45.000,+024.533,+0550.0,19730728,20250824
153460-99999,RAMNICU VALCEA,RO,+45.100,+024.367,+0239.0,19370316,20250824
153470-99999,CURTEA DE ARGES,RO,+45.167,+024.667,+0449.0,19730721,20250824
153490-99999,CAMPINA,RO,+45.144,+025.750,+0463.0,19730721,20250824
153500-99999,BUZAU,RO,+45.150,+026.817,+0097.0,19360101,20250824
153600-99999,SULINA,RO,+45.167,+029.733,+0009.0,19360101,20250824
153640-99999,BOZOVICI,RO,+44.917,+022.000,+0252.0,19740315,20250824
153660-99999,BAILE HERCULANE,RO,+44.883,+022.417,+0176.0,19830401,20250824
153690-99999,TARGU LOGRESTI,RO,+44.883,+023.700,+0265.0,19730721,20250824
153730-99999,PITESTI,RO,+44.850,+024.817,+0315.0,19660202,20250824
153750-99999,TARGOVISTE,RO,+44.933,+025.433,+0297.7,19730105,20250824
153770-99999,PLOIESTI,RO,+44.950,+026.000,+0177.0,19660105,20250824
153870-99999,SFANTU GHEORGHE DELTA,RO,+44.900,+029.600,+0002.0,19730102,20250824
153880-99999,MOLDOVA VECHE,RO,+44.717,+021.633,+0083.0,19740315,20250824
153950-99999,DRAGASANI,RO,+44.667,+024.233,+0281.0,19730721,20250824
154020-99999,URZICENI,RO,+44.717,+026.650,+0061.0,19730721,20250824
154050-99999,GRIVITA,RO,+44.750,+027.300,+0051.0,19660105,20250824
154060-99999,HARSOVA,RO,+44.683,+027.950,+0038.0,19740315,20250824
154080-99999,CORUGEA,RO,+44.733,+028.350,+0220.0,19730804,20250824
154090-99999,JURILOVCA,RO,+44.767,+028.883,+0038.0,19730105,20250824
154100-99999,DROBETA TURNU SEVERIN,RO,+44.633,+022.633,+0080.0,19360101,20250824
154120-99999,BACLES,RO,+44.483,+023.117,+0313.0,19730721,20250824
154160-99999,STOLNICI,RO,+44.567,+024.800,+0210.0,19730721,20250824
154190-99999,TITU,RO,+44.650,+025.583,+0160.0,19740315,20250824
154200-99999,BANEASA AUREL VLAICU,RO,+44.503,+026.102,+0090.5,19310106,20250824
154210-99999,HENRI COANDA,RO,+44.571,+026.085,+0095.7,19730101,20250824
154215-99999,CAMPIA TURZII,RO,+46.502,+023.886,+0330.1,20050727,20250824
154220-99999,BUCURESTI FILARET,RO,+44.417,+026.100,+0083.5,19790808,20250824
154250-99999,SLOBOZIA,RO,+44.550,+027.400,+0052.0,19830401,20250824
154280-99999,GURA PORTITEI,RO,+44.683,+029.000,+0006.0,19850410,20250824
154340-99999,SLATINA,RO,+44.433,+024.350,+0173.0,19830401,20250824
154440-99999,FETESTI,RO,+44.367,+027.850,+0061.0,19730105,20250824
154450-99999,CERNAVODA,RO,+44.350,+028.050,+0088.0,19850801,20250824
154500-99999,CRAIOVA,RO,+44.318,+023.889,+0190.8,19360101,20250824
154550-99999,VIDELE,RO,+44.283,+025.533,+0107.0,19740318,20250824
154600-99999,CALARASI,RO,+44.200,+027.350,+0020.0,19360101,20250824
154620-99999,MEDGIDIA,RO,+44.250,+028.267,+0072.0,19730721,20250824
154650-99999,BAILESTI,RO,+44.017,+023.333,+0058.0,19730721,20250824
154690-99999,CARACAL,RO,+44.100,+024.367,+0107.0,19730721,20250824
154700-99999,ROSIORII DE VEDE,RO,+44.100,+024.983,+0103.0,19660506,20250824
154750-99999,OLTENITA,RO,+44.067,+026.633,+0016.0,19831201,20250824
154790-99999,ADAMCLISI,RO,+44.083,+027.967,+0160.0,19730721,20250824
154800-99999,CONSTANTA,RO,+44.217,+028.650,+0014.0,19360101,20250824
154810-99999,MIHAIL KOGALNICEANU,RO,+44.362,+028.488,+0107.6,19730620,20250824
154820-99999,CALAFAT,RO,+43.983,+022.950,+0063.0,19730105,20250824
154890-99999,ALEXANDRIA,RO,+43.983,+025.350,+0076.0,19730721,20250824
154900-99999,TURNU-MAGURELE,RO,+43.750,+024.883,+0031.0,19361201,20250824
154910-99999,GIURGIU,RO,+43.883,+025.950,+0024.0,19730115,20250824
154931-99999,TUZLA,RO,+43.985,+028.607,+0050.0,20110715,20240318
154940-99999,BECHET,RO,+43.783,+023.950,+0040.0,19740315,20250824
154980-99999,ZIMNICEA,RO,+43.667,+025.350,+0034.0,19830401,20250824
154990-99999,MANGALIA,RO,+43.817,+028.583,+0009.0,19640101,20250824
155020-99999,VIDIN,BU,+43.983,+022.850,+0595.0,19730314,20250824
155250-99999,LOVETCH,BU,+43.150,+024.700,+0221.0,19751101,20250824
155253-99999,GORNA ORYAHOVITSA,BU,+43.151,+025.713,+0086.9,19970102,20250824
155254-99999,DOLNA MITROPOLIA AB,BU,+43.450,+024.500,+0101.0,20080721,20250824
155255-99999,GRAF IGNATIEVO,BU,+42.290,+024.730,+0196.0,20071016,20250824
155256-99999,BEZMER AB,BU,+42.450,+026.350,+0155.0,20080721,20250824
155257-99999,BALCHICK AB,BU,+43.417,+028.183,+0201.0,20080722,20250822
155490-99999,RAZGRAD,BU,+43.567,+026.500,+0347.0,19810101,20250824
155520-99999,VARNA,BU,+43.232,+027.825,+0070.1,19360102,20250824
156000-99999,MOURGASH,BU,+42.833,+023.667,+1692.0,19730305,20250824
156140-99999,SOFIA,BU,+42.695,+023.406,+0531.0,19310901,20250824
156150-99999,MUSSALA (TOP/SOMMET),BU,+42.183,+023.583,+2927.0,19350102,20250824
156250-99999,PLOVDIV,BU,+42.068,+024.851,+0182.0,19390102,20250824
156400-99999,SLIVEN,BU,+42.667,+026.333,+0257.0,19530305,20250824
156550-99999,BURGAS,BU,+42.570,+027.515,+0041.1,19530101,20250824
157120-99999,SANDANSKI,BU,+41.550,+023.267,+0207.0,19520101,20250824
157300-99999,KURDJALI,BU,+41.650,+025.383,+0331.0,19570627,20250824
160080-99999,S. VALENTINO ALLA MUTA,IT,+46.750,+010.533,+1461.0,19670102,20250824
160083-99999,RESIA PASS,IT,+46.833,+010.500,+1800.0,19870326,20250824
160140-99999,VIPITENO,IT,+46.883,+011.433,+0921.0,20050727,20240814
160200-99999,BOLZANO,IT,+46.460,+011.326,+0240.5,19650129,20250824
160210-99999,ROLLE PASS,IT,+46.300,+011.783,+2006.0,19730101,20250730
160220-99999,PAGANELLA MOUNTAIN,IT,+46.150,+011.033,+2129.0,19730101,20250804
160330-99999,DOBBIACO,IT,+46.733,+012.217,+1226.0,19730101,20250824
160360-99999,AVIANO AB,IT,+46.032,+012.596,+0117.0,19660701,20250823
160400-99999,TARVISIO,IT,+46.500,+013.583,+0778.0,19650129,20241205
160450-99999,RIVOLTO / UDINE,IT,+45.979,+013.049,+0054.6,19580414,20250824
160520-99999,PIAN ROSA (MTN TOP),IT,+45.933,+007.700,+3488.0,19650129,20250824
160540-99999,AOSTA POLLEIN,IT,+45.733,+007.350,+0551.0,19840701,20250824
160590-99999,TORINO CASELLE,IT,+45.201,+007.650,+0301.4,19640811,20250824
160595-99999,AERITALIA-TORINO,IT,+45.086,+007.603,+0288.3,20080425,20250824
160610-99999,TORINO/BRIC CROCE,IT,+45.033,+007.733,+0710.0,19730101,20250824
160640-99999,CAMERI,IT,+45.530,+008.669,+0178.6,19660923,20250824
160660-99999,MALPENSA,IT,+45.631,+008.728,+0233.8,19650204,20250824
160760-99999,BERGAMO ORIO AL SERIO,IT,+45.674,+009.704,+0238.4,19660908,20250824
160800-99999,MILANO LINATE,IT,+45.445,+009.277,+0107.6,19310104,20250824
160840-99999,PIACENZA,IT,+44.913,+009.723,+0139.0,19660914,20250824
160880-99999,GHEDI,IT,+45.432,+010.268,+0101.5,19660904,20250824
160890-99999,DESENZANO,IT,+45.467,+010.550,+0065.0,20050727,20250415
160900-99999,VERONA VILLAFRANCA,IT,+45.396,+010.889,+0072.8,19450518,20250824
160950-99999,PADOVA,IT,+45.400,+011.850,+0014.0,19730101,20250824
160980-99999,TREVISO ISTRANA,IT,+45.685,+012.083,+0041.8,19660904,20250824
160990-99999,TREVISO,IT,+45.648,+012.194,+0018.0,19660901,20250824
161010-99999,VENEZIA LIDO,IT,+45.433,+012.383,+0005.0,19961205,20241009
161050-99999,VENEZIA TESSERA,IT,+45.505,+012.352,+0002.1,19610301,20250824
161070-99999,CONCORDIA SAGITTARIA,IT,+45.750,+012.850,+0002.0,20051013,20250824
161080-99999,RONCHI DEI LEGIONARI / TRIESTE,IT,+45.828,+013.472,+0011.3,19730101,20250824
161100-99999,TRIESTE,IT,+45.650,+013.750,+0020.0,19321020,20250802
161110-99999,MONTE SETTEPANI,IT,+44.233,+008.200,+1382.0,20050727,20240905
161130-99999,CUNEO-LEVALDIGI,IT,+44.533,+007.617,+0386.0,20240818,20240818
161140-99999,MONDOVI,IT,+44.383,+007.817,+0560.0,19841101,20250824
161150-99999,MALANOTTE MOUNTAIN,IT,+44.250,+007.800,+1742.0,19730608,20250824
161190-99999,GIOVI PASS,IT,+44.633,+008.933,+0475.0,19730101,20250824
161200-99999,GENOVA SESTRI,IT,+44.412,+008.842,+0004.0,19280101,20250824
161220-99999,ALBENGA,IT,+44.051,+008.127,+0045.1,19730101,20250824
161240-99999,CISA PASS,IT,+44.433,+009.933,+1040.0,19730101,20240216
161250-99999,SARZANA/LUNI,IT,+44.083,+009.983,+0010.0,19731109,20250824
161290-99999,PALMARIA ISLAND,IT,+44.033,+009.833,+0192.0,19730101,20240904
161320-99999,BOLOGNA,IT,+44.533,+011.283,+0052.0,20050727,20241112
161330-99999,FERRARA,IT,+44.800,+011.600,+0010.0,20050727,20250323
161340-99999,CIMONE MOUNTAIN,IT,+44.200,+010.700,+2173.0,19650201,20250824
161350-99999,PASSO PORRETTA,IT,+44.033,+011.000,+1314.0,20050727,20240827
161380-99999,FERRARA (AUT),IT,+44.833,+011.617,+0010.0,19730101,20250824
161400-99999,BOLOGNA,IT,+44.535,+011.289,+0037.5,19640811,20250824
161440-99999,S. PIETRO CAPOFIUME MOLINELLA (BOLOGNA),IT,+44.650,+011.617,+0012.0,20001019,20240905
161460-99999,POINT MARINA/RAVENN,IT,+44.450,+012.300,+0006.0,19660104,20250824
161470-99999,FORLI,IT,+44.195,+012.070,+0029.6,19730101,20250824
161480-99999,CERVIA,IT,+44.224,+012.307,+0005.5,19730101,20250824
161490-99999,RIMINI MIRAMARE,IT,+44.020,+012.612,+0012.5,19450408,20250824
161530-99999,CAPE MELE,IT,+43.950,+008.167,+0221.0,19650501,20250824
161550-99999,ISOLA CAPRAIA,IT,+43.033,+009.817,+0027.0,20070717,20240818
161580-99999,PISA,IT,+43.684,+010.393,+0001.8,19441124,20250824
161680-99999,MOUNT ARGENTARIO,IT,+42.383,+011.167,+0632.0,19730101,20250824
161700-99999,FIRENZE,IT,+43.810,+011.205,+0043.9,19310102,20250824
161710-99999,FIRENZE,IT,+43.783,+011.217,+0018.0,20050727,20240827
161720-99999,AREZZO,IT,+43.467,+011.850,+0249.0,19780914,20250824
161790-99999,FRONTONE,IT,+43.517,+012.733,+0574.0,19730101,20250824
161810-99999,PERUGIA S FRANCESCO,IT,+43.096,+012.513,+0211.2,19671106,20250824
161820-99999,PERUGIA S. EGIDIO,IT,+43.100,+012.500,+0205.0,20050727,20240818
161900-99999,ANCONA,IT,+43.617,+013.533,+0142.0,19490403,20240314
161910-99999,ANCONA FALCONARA,IT,+43.616,+013.362,+0014.9,19450414,20250824
161920-99999,LORETO,IT,+43.433,+013.583,+0197.0,20050727,20240909
161970-99999,MONTE CALAMITA,IT,+42.733,+010.400,+0397.0,19730101,20250816
162060-99999,GROSSETO,IT,+42.760,+011.072,+0004.6,19441211,20250824
162100-99999,FURBARA,IT,+42.000,+012.017,+0011.0,20151209,20240827
162140-99999,CIVITAVECCHIA,IT,+42.017,+011.817,+0004.0,19450305,20250824
162150-99999,CIVITAVECCHIA,IT,+42.020,+011.820,+0004.0,20050727,20250824
162160-99999,VITERBO,IT,+42.430,+012.064,+0301.8,19440701,20250824
162170-99999,ORTE,IT,+42.483,+012.333,+0075.0,20050727,20250824
162190-99999,TERMINILLO MOUNTAIN,IT,+42.467,+012.983,+1875.0,19650201,20250824
162210-99999,RIETI,IT,+42.417,+012.850,+0389.0,19731213,20250824
162240-99999,VIGNA DI VALLE(MIL),IT,+42.083,+012.217,+0270.0,19730101,20250824
162260-99999,L'AQUILA,IT,+42.367,+013.317,+0669.0,20050727,20240817
162270-99999,FUCINO,IT,+41.983,+013.600,+0650.0,19840801,20250824
162300-99999,PESCARA,IT,+42.432,+014.181,+0014.6,19650201,20250824
162310-99999,MONTE S. ANGELO,IT,+41.700,+015.950,+0844.0,20040917,20250824
162320-99999,TERMOLI,IT,+42.000,+015.000,+0044.0,19730101,20250607
162340-99999,GUIDONIA,IT,+41.990,+012.741,+0088.1,19660923,20250822
162350-99999,URBE,IT,+41.952,+012.499,+0016.8,19730101,20250824
162390-99999,CIAMPINO,IT,+41.799,+012.595,+0130.1,19511001,20250824
162420-99999,FIUMICINO,IT,+41.804,+012.251,+0004.6,19650701,20250824
162430-99999,LATINA,IT,+41.542,+012.909,+0028.3,19440301,20250822
162440-99999,FROSINONE (IT-AFB),IT,+41.633,+013.300,+0181.0,19730101,20250822
162450-99999,PRATICA DI MARE,IT,+41.659,+012.445,+0012.5,19660923,20250824
162470-99999,LATINA,IT,+41.550,+012.900,+0026.0,20050727,20240814
162490-99999,CAPE CIRCEO,IT,+41.217,+013.050,+0003.0,19730101,20240817
162520-99999,CAMPOBASSO,IT,+41.567,+014.650,+0807.0,19650201,20250820
162530-99999,GRAZZANISE,IT,+41.061,+014.082,+0008.8,19440331,20250824
162580-99999,MONTE S. ANGELO,IT,+41.700,+015.950,+0848.0,19730101,20250824
162591-99999,PARMA,IT,+44.824,+010.296,+0049.1,20040525,20250824
162592-99999,LEVALDIGI,IT,+44.547,+007.623,+0386.2,20040510,20250824
162593-99999,BRESCIA MONTICHIARI,IT,+45.429,+010.331,+0108.5,20040510,20250824
162600-99999,GINA LISA,IT,+41.433,+015.533,+0081.0,19570701,20250824
162610-99999,AMENDOLA,IT,+41.541,+015.718,+0055.8,19440131,20250824
162630-99999,TREVICO,IT,+41.050,+015.233,+1093.0,19730101,20250824
162660-99999,VIESTE,IT,+41.883,+016.167,+0004.0,19730101,20250801
162700-99999,BARI,IT,+41.133,+016.767,+0053.9,19431207,20250824
162800-99999,PONZA ISLAND,IT,+40.917,+012.950,+0185.0,19650201,20250824
162880-99999,CASERTA,IT,+41.067,+014.317,+0062.0,20050727,20250720
162890-34113,NAPLES NAVAL AIR STATION,IT,+40.886,+014.291,+0089.6,19981101,20250824
162923-99999,PONTECAGNANO / SALERNO,IT,+40.620,+014.911,+0037.5,19930129,20250824
162940-99999,CAPRI ISLAND,IT,+40.550,+014.250,+0269.0,19730101,20250824
163100-99999,CAPE PALINURO,IT,+40.017,+015.283,+0185.0,19640811,20250824
163120-99999,GIOIA DEL COLLE,IT,+40.768,+016.933,+0361.8,19440229,20250824
163140-99999,MATERA,IT,+40.650,+016.700,+0498.0,20050727,20250824
163160-99999,LATRONICO,IT,+40.083,+016.017,+0896.0,19740902,20250824
163170-99999,LATRONICO,IT,+40.083,+016.017,+0896.0,20050727,20250824
163200-99999,CASALE / BRINDISI,IT,+40.658,+017.947,+0014.3,19431129,20250824
163240-99999,TARANTO GROTTAGLIE,IT,+40.518,+017.403,+0065.5,19430927,20250824
163250-99999,MARINA DI GINOSA,IT,+40.433,+016.883,+0012.0,19670317,20250824
163320-99999,LECCE,IT,+40.239,+018.133,+0047.5,19431231,20250824
163330-99999,LECCE,IT,+40.233,+018.133,+0048.0,20050727,20240819
163370-99999,BONIFATI (CAPE),IT,+39.583,+015.883,+0485.0,19650201,20250824
163440-99999,MONTE SCURO,IT,+39.333,+016.400,+1677.0,19730101,20250824
163445-99999,SCURO MOUNTAIN,IT,+39.333,+016.400,+1720.0,20050101,20250824
163500-99999,CROTONE,IT,+38.997,+017.080,+0158.8,19570701,20250824
163600-99999,SANTA MARIA DI LEUC,IT,+39.817,+018.350,+0112.0,19650201,20250824
163620-99999,LAMEZIA TERME,IT,+38.905,+016.242,+0011.9,19771101,20250824
163640-99999,SERRALTA DI S. VITO,IT,+38.750,+016.367,+0997.0,19730101,20250202
164000-99999,USTICA ISLAND,IT,+38.700,+013.183,+0251.0,19570701,20250824
164050-99999,PALERMO,IT,+38.176,+013.091,+0019.8,19640811,20250824
164150-99999,ISOLA SALINA,IT,+38.567,+014.850,+0046.0,19840501,20250819
164160-99999,ISOLA STROMBOLI,IT,+38.800,+015.233,+0005.0,19730101,20250824
164200-99999,MESSINA,IT,+38.200,+015.550,+0051.0,19310101,20250824
164220-99999,REGGIO CALABRIA,IT,+38.071,+015.652,+0029.3,19730101,20250824
164290-99999,TRAPANI BIRGI,IT,+37.911,+012.488,+0007.3,19650201,20250824
164340-99999,PRIZZI,IT,+37.717,+013.433,+1035.0,19730101,20250824
164360-99999,SCIACCA,IT,+37.517,+013.083,+0125.0,19431010,20250824
164500-99999,ENNA,IT,+37.567,+014.283,+0965.0,19730101,20250824
164530-99999,GELA,IT,+37.083,+014.217,+0033.0,19430902,20250824
164590-99999,CATANIA/SIGONELLA,IT,+37.400,+014.917,+0022.0,19430810,20250824
164600-99999,CATANIA FONTANAROSSA,IT,+37.467,+015.066,+0011.9,19431028,20250824
164640-99999,SIRACUSA,IT,+37.050,+015.279,+0002.0,20050727,20250824
164650-99999,MEZZO GREGORIO,IT,+36.967,+014.950,+0639.0,20050727,20250701
164690-99999,CAPO SPARTIVENTO,IT,+37.933,+016.050,+0118.0,19740601,20240820
164700-99999,PANTELLERIA,IT,+36.817,+011.969,+0193.5,19430620,20250824
164750-99999,COMISO,IT,+36.983,+014.617,+0210.0,20050727,20250824
164800-99999,COZZO SPADARO,IT,+36.683,+015.133,+0051.0,19660101,20250824
164900-99999,LAMPEDUSA,IT,+35.498,+012.618,+0021.3,19660104,20250824
165200-99999,ALGHERO,IT,+40.632,+008.291,+0026.5,19570701,20250824
165220-99999,CAPE CACCIA,IT,+40.567,+008.167,+0205.0,19750717,20241231
165310-99999,OLBIA COSTA SMERALDA,IT,+40.899,+009.518,+0011.3,19691117,20250824
165320-99999,MONTE LIMBARA,IT,+40.850,+009.167,+1363.0,20050727,20250824
165390-99999,CAPE FRASCA,IT,+39.750,+008.467,+0092.0,19660104,20250824
165410-99999,PERDASDEFOGU,IT,+39.667,+009.433,+0645.0,19730101,20250822
165420-99999,CAPE S. LORENZO,IT,+39.500,+009.617,+0022.0,19730101,20250822
165460-99999,DECIMOMANNU,IT,+39.354,+008.972,+0030.5,19660923,20250824
165500-99999,CAPE BELLAVISTA,IT,+39.933,+009.717,+0156.0,19660104,20241231
165600-99999,ELMAS,IT,+39.251,+009.054,+0004.0,19431101,20250824
165640-99999,CAPE CARBONARA,IT,+39.100,+009.517,+0118.0,19730101,20250824
165700-99999,TEULADA,IT,+38.983,+008.650,+0050.0,20080115,20240816
165970-99999,LUQA,MT,+35.857,+014.478,+0091.4,19310104,20250824
165990-99999,GUDJA,MT,+35.850,+014.500,+0078.0,20191115,20250824
166060-99999,SERRAI,GR,+41.067,+023.567,+0035.0,19321101,20250824
166130-99999,FLORINA,GR,+40.783,+021.400,+0662.0,19321101,20250823
166140-99999,ARISTOTELIS,GR,+40.446,+021.282,+0660.5,19801014,20250824
166181-99999,EDESSA,GR,+40.814,+022.046,+0314.0,20171207,20250824
166220-99999,MAKEDONIA,GR,+40.520,+022.971,+0006.7,19600701,20250824
166240-99999,MEGAS ALEXANDROS INTL,GR,+40.913,+024.619,+0005.5,19910827,20250824
166270-99999,DIMOKRITOS,GR,+40.856,+025.956,+0007.3,19321101,20250824
166320-99999,FILIPPOS,GR,+40.286,+021.841,+0627.6,19380103,20250824
166410-99999,IOANNIS KAPODISTRIAS INTL,GR,+39.602,+019.912,+0001.8,19321101,20250824
166420-99999,IOANNINA (AIRPORT),GR,+39.700,+020.817,+0483.0,19321101,20250824
166421-99999,PAROS,GR,+37.017,+025.133,+0036.0,20040713,20250824
166430-99999,AKTION,GR,+38.925,+020.765,+0003.4,19730101,20250824
166480-99999,LARISA,GR,+39.650,+022.466,+0073.5,19321101,20250824
166500-99999,LIMNOS,GR,+39.917,+025.236,+0004.3,19770217,20250824
166650-99999,NEA ANCHIALOS,GR,+39.220,+022.794,+0025.3,19651204,20250824
166653-99999,ALEXANDROS PAPADIAMANTIS,GR,+39.177,+023.504,+0016.5,19910827,20250824
166670-99999,MITILINI,GR,+39.057,+026.598,+0018.3,19600713,20250824
166750-99999,LAMIA,GR,+38.883,+022.433,+0013.8,19321101,20250823
166820-99999,ANDRAVIDA,GR,+37.921,+021.293,+0016.8,19650424,20250824
166840-99999,SKIROS,GR,+38.968,+024.487,+0013.4,19491001,20250824
166850-99999,KEFALLINIA,GR,+38.120,+020.500,+0018.0,19651204,20250824
166870-99999,ARAXOS,GR,+38.151,+021.426,+0014.0,19420101,20250824
166931-99999,DESFINA,GR,+38.417,+022.529,+0764.7,20171207,20250823
166990-99999,TANAGRA,GR,+38.340,+023.565,+0147.8,19651204,20250824
167060-99999,CHIOS,GR,+38.343,+026.141,+0004.6,19910828,20250824
167100-99999,TRIPOLIS,GR,+37.531,+022.404,+0644.0,19321101,20250824
167131-99999,NAFPLION,GR,+37.583,+022.767,+0002.0,20160301,20240611
167150-99999,TATOI / DEKELIA,GR,+38.109,+023.784,+0239.3,19660804,20250824
167160-99999,ATHINAI,GR,+37.882,+023.735,+0021.0,19490301,20250824
167161-99999,ELEFTHERIOS VENIZELOS INTL,GR,+37.936,+023.944,+0093.9,20040105,20250824
167180-99999,ELEFSIS,GR,+38.064,+023.556,+0043.6,19651204,20250824
167190-99999,ZAKINTHOS,GR,+37.783,+020.883,+0004.0,20090915,20250824
167193-99999,DIONISIOS SOLOMOS,GR,+37.751,+020.884,+0004.6,19910902,20250824
167230-99999,SAMOS,GR,+37.690,+026.912,+0005.8,19780407,20250824
167260-99999,KALAMATA,GR,+37.068,+022.026,+0007.9,19730512,20250824
167263-99999,MIKONOS,GR,+37.435,+025.348,+0123.4,19910827,20250824
167264-99999,SYROS / DIMITRIOS VIKELAS,GR,+37.423,+024.951,+0071.9,19980201,20250824
167320-99999,NAXOS,GR,+37.100,+025.367,+0009.8,19381010,20241211
167341-99999,CYCLADES ISLANDS,GR,+37.083,+025.367,+0003.0,20040510,20250824
167380-99999,MILOS,GR,+36.733,+024.433,+0168.4,19321101,20250824
167410-99999,EL VENIZELOS,GR,+37.917,+023.933,+0073.5,20090915,20250824
167420-99999,KOS,GR,+36.793,+027.092,+0125.6,19821001,20250824
167430-99999,KITHIRA / ALEXANDROS ARISTOTELOUS ONASSIS,GR,+36.274,+023.017,+0318.5,19330101,20250824
167443-99999,SANTORINI,GR,+36.399,+025.479,+0038.7,19910801,20250824
167460-99999,SOUDA,GR,+35.532,+024.150,+0149.4,19321101,20250824
167490-99999,DIAGORAS,GR,+36.405,+028.086,+0005.8,19350101,20250824
167540-99999,NIKOS KAZANTZAKIS,GR,+35.340,+025.180,+0035.1,19321101,20250824
167543-99999,KARPATHOS,GR,+35.421,+027.146,+0020.1,19980201,20250824
167570-99999,SITIA,GR,+35.200,+026.100,+0028.0,19640101,20250824
167600-99999,KASTELI (AIRPORT),GR,+35.183,+025.317,+0336.0,20090323,20250824
167650-99999,KARPATHOS (AIRPORT),GR,+35.428,+027.147,+0006.0,19910920,20250824
170200-99999,BARTIN,TU,+41.633,+032.333,+0033.0,19510101,20250824
170220-99999,ZONGULDAK / CAYCUMA,TR,+41.505,+032.088,+0013.0,19570703,20250824
170223-99999,SAMANDIRA,TU,+41.000,+029.217,+0121.9,20111212,20250822
170240-99999,INEBOLU,TU,+41.983,+033.783,+0064.0,19730101,20250824
170260-99999,SINOP,TU,+42.033,+035.167,+0032.0,19570701,20250824
170300-99999,SAMSUN,TU,+41.283,+036.300,+0004.0,19510101,20250824
170310-99999,CARSAMBA,TU,+41.254,+036.567,+0005.5,20010915,20250824
170330-99999,ORDU,TU,+40.983,+037.900,+0004.0,20031119,20250824
170340-99999,GIRESUN,TU,+40.917,+038.383,+0037.0,19730101,20250824
170380-99999,TRABZON,TU,+40.995,+039.790,+0031.7,19510101,20250824
170400-99999,RIZE,TU,+41.033,+040.517,+0009.0,20031117,20250824
170420-99999,HOPA,TU,+41.400,+041.433,+0033.0,19630103,20250824
170450-99999,ARTVIN,TU,+41.183,+041.817,+0628.0,20010912,20250824
170460-99999,ARDAHAN,TU,+41.117,+042.717,+1829.0,20080906,20250824
170500-99999,EDIRNE,TU,+41.667,+026.567,+0051.0,19550101,20250824
170520-99999,KIRKLARELI,TU,+41.733,+027.233,+0232.0,19910202,20250824
170540-99999,CORLU,TU,+41.138,+027.919,+0175.0,20050101,20250824
170560-99999,TEKIRDAG,TU,+40.983,+027.550,+0003.0,19630101,20250824
170600-99999,ATATURK,TU,+40.977,+028.821,+0049.7,19450613,20250824
170610-99999,SARIYER,TU,+41.133,+029.067,+0058.0,19650405,20250824
170630-99999,SABIHA GOKCEN,TU,+40.899,+029.309,+0095.1,20031118,20250824
170640-99999,ISTANBUL BOLGE (KARTAL),TU,+40.900,+029.150,+0018.0,20140218,20250824
170661-99999,IZMIT,TU,+40.767,+029.900,+0076.0,20150817,20250824
170674-99999,ANTALYA / GAZIPASA ALANYA,TR,+36.300,+032.300,+0028.0,20040510,20250824
170680-99999,CENGIZTOPEL,TU,+40.850,+029.900,+0070.0,19990315,20250824
170690-99999,ADAPAZARI,TU,+40.783,+030.417,+0030.0,20030606,20250824
170700-99999,BOLU,TU,+40.733,+031.600,+0743.0,19730101,20250824
170720-99999,DUZCE,TU,+40.833,+031.167,+0146.0,20081020,20250824
170740-99999,KASTAMONU,TU,+41.314,+033.796,+1100.0,19630101,20250824
170800-99999,CANKIRI,TU,+40.600,+033.617,+0751.0,20040417,20250824
170820-99999,MERZIFON,TU,+40.829,+035.522,+0535.8,19500101,20250824
170840-99999,CORUM,TU,+40.550,+034.950,+0776.0,19730101,20250824
170850-99999,AMASYA,TU,+40.650,+035.850,+0412.0,19910212,20250824
170860-99999,TOKAT,TR,+40.325,+036.390,+0567.0,19910216,20250824
170880-99999,GUMUSHANE,TU,+40.467,+039.467,+1219.0,19860624,20250824
170890-99999,BAYBURT,TU,+40.250,+040.233,+1584.0,20091117,20250824
170900-99999,SIVAS,TU,+39.750,+037.017,+1285.0,19630103,20250824
170920-99999,ERZINCAN,TU,+39.710,+039.527,+1153.1,19500101,20250824
170950-99999,ERZURUM BOLGE,TU,+39.900,+041.283,+1869.0,20140218,20250824
170960-99999,ERZURUM,TU,+39.957,+041.170,+1756.6,19500501,20250824
170980-99999,KARS HARAKANI,TR,+40.562,+043.115,+1795.0,19630105,20250824
170981-99999,SIIRT,TU,+37.979,+041.840,+0609.9,20061222,20250824
170990-99999,AGRI AHMED I HANI,TR,+39.650,+043.033,+1664.8,20010712,20250824
171000-99999,IGDIR,TU,+39.917,+044.050,+0858.0,19630106,20250824
171001-99999,IGDIR AIRPORT,TU,+39.983,+043.867,+0946.0,20120713,20250824
171120-99999,CANAKKALE,TU,+40.138,+026.427,+0007.0,19630101,20250824
171150-99999,BANDIRMA,TU,+40.318,+027.978,+0051.8,19500101,20250824
171160-99999,BURSA,TU,+40.183,+029.067,+0100.0,19730101,20250824
171170-99999,KUTAHYA(TAFB),TU,+39.433,+030.017,+0921.0,19730101,20250822
171180-99999,YENISEHIR,TU,+40.255,+029.563,+0232.9,20050101,20250824
171185-99999,SIVRIHISAR,TU,+39.451,+031.365,+0970.8,19940124,20250822
171190-99999,YALOVA,TU,+40.667,+029.283,+0004.0,20080808,20250824
171200-99999,BILECIK,TU,+40.150,+029.967,+0539.0,19950901,20250824
171240-99999,ESKISEHIR,TU,+39.784,+030.582,+0786.7,19500101,20250824
171270-99999,AKINCI / MURTED,TR,+40.079,+032.566,+0843.4,19730101,20250824
171280-99999,ESENBOGA,TU,+40.128,+032.995,+0952.5,19670101,20250824
171290-99999,ETIMESGUT,TU,+39.950,+032.689,+0808.6,19450131,20250824
171300-99999,ANKARA/CENTRAL,TU,+39.950,+032.883,+0891.0,19740601,20250824
171310-99999,GUVERCINLIK,TU,+39.935,+032.741,+0821.1,20050101,20250824
171350-99999,KIRIKKALE,TU,+39.850,+033.517,+0748.0,19980303,20250824
171400-99999,YOZGAT,TU,+39.817,+034.800,+1298.0,19910301,20250824
171450-99999,EDREMIT KORFEZ / BALIKESIR KOCA SEYIT,TR,+39.555,+027.014,+0015.2,19990211,20250824
171500-99999,BALIKESIR,TU,+39.619,+027.926,+0103.6,19500101,20250824
171550-99999,KUTAHYA,TU,+39.417,+029.967,+0969.0,20030330,20250824
171600-99999,KIRSEHIR,TU,+39.150,+034.167,+1007.0,19630111,20250824
171650-99999,TUNCELI,TU,+39.117,+039.550,+0981.0,20090112,20250824
171700-99999,VAN,TU,+38.468,+043.332,+1670.3,19570701,20250824
171750-99999,AYVALIK,TU,+39.300,+026.700,+0004.0,19980303,20250824
171800-99999,DIKILI,TU,+39.067,+026.883,+0003.0,19730101,20250824
171840-99999,AKHISAR,TU,+38.809,+027.834,+0080.2,19630101,20250824
171860-99999,MANISA,TU,+38.617,+027.433,+0071.0,19860624,20250824
171865-99999,MANISA / SANAYI AIRPORT / ZAFER,TR,+38.633,+027.350,+0073.5,20121124,20250824
171880-99999,USAK,TR,+38.681,+029.472,+0883.0,19630101,20250824
171900-99999,AFYON,TU,+38.726,+030.601,+1008.9,19630101,20250824
171910-99999,CIHANBEYLI,TU,+38.650,+032.950,+0969.0,20080807,20250824
171920-99999,AKSARAY,TU,+38.383,+034.050,+0961.0,20081125,20250824
171930-99999,NEVSEHIR,TU,+38.617,+034.700,+1260.0,20010711,20250824
171940-99999,KAPADOKYA,TU,+38.772,+034.535,+0944.9,20050103,20250824
171950-99999,ERKILET / KAYSERI,TR,+38.770,+035.495,+1055.5,19660722,20250824
171970-99999,TULGA,TU,+38.354,+038.254,+0919.3,20020902,20250824
172000-99999,ERHAC / MALATYA,TR,+38.435,+038.091,+0862.0,19500106,20250824
172005-99999,CENGIZ TOPEL,TR,+40.735,+030.083,+0055.5,19770323,20250824
172006-99999,ANADOLU / HASAN POLATKAN,TR,+39.810,+030.519,+0788.8,20050804,20250824
172020-99999,ELAZIG,TU,+38.607,+039.291,+0892.1,19730101,20250824
172030-99999,BINGOL,TU,+38.867,+040.500,+1177.0,19910406,20250824
172040-99999,MUS,TU,+38.733,+041.517,+1320.0,20031121,20250824
172043-99999,MUS / SULTAN ALPARSLAN,TR,+38.748,+041.661,+1267.1,19920914,20250824
172100-99999,SIIRT,TU,+37.917,+041.950,+0896.0,19630104,20250824
172180-99999,CIGLI,TU,+38.513,+027.010,+0004.9,19500115,20250824
172189-99999,KAKLIC,TU,+38.518,+026.977,+0004.0,19971010,20250822
172190-99999,ADNAN MENDERES,TU,+38.292,+027.157,+0125.6,19800925,20250824
172191-99999,GAZIEMIR,TU,+38.319,+027.159,+0132.0,19731108,20250822
172200-99999,IZMIR/GUZELYALI,TU,+38.433,+027.167,+0029.0,19500115,20250824
172210-99999,CESME,TU,+38.300,+026.300,+0005.0,20090313,20250824
172320-99999,KUSADASI,TU,+37.867,+027.250,+0022.0,20070127,20250824
172340-99999,AYDIN / CILDIR,TR,+37.850,+027.850,+0056.0,19821101,20250824
172370-99999,DENIZLI,TU,+37.783,+029.083,+0425.0,19730101,20250824
172375-99999,CARDAK,TU,+37.786,+029.701,+0851.9,19940805,20250824
172380-99999,BURDUR,TU,+37.667,+030.333,+0967.0,20070127,20250824
172390-99999,AKSEHIR,TU,+38.350,+031.417,+1002.0,20081105,20250824
172400-99999,ISPARTA,TU,+37.785,+030.582,+0990.6,19630101,20250824
172410-99999,SULEYMAN DEMIREL,TU,+37.855,+030.368,+0864.1,20040713,20250824
172440-99999,KONYA,TU,+37.979,+032.562,+1030.5,19500102,20250824
172460-99999,KARAMAN,TU,+37.200,+033.217,+1023.0,20091028,20250824
172480-99999,EREGLI/KONYA,TU,+37.500,+034.050,+1044.0,19730101,20250824
172500-99999,NIGDE,TU,+37.967,+034.683,+1210.0,19880106,20250824
172550-99999,KAHRAMANMARAS,TU,+37.600,+036.933,+0572.0,19980303,20250824
172600-99999,OGUZELI / GAZIANTEP,TR,+36.947,+037.479,+0705.6,19730101,20250824
172620-99999,KILIS,TU,+36.717,+037.117,+0638.0,20080821,20250824
172650-99999,ADIYAMAN,TU,+37.750,+038.283,+0672.0,20070127,20250824
172700-99999,SANLIURFA,TU,+37.133,+038.767,+0549.0,19630105,20250824
172710-99999,GAP/SANLIURFA,TU,+37.483,+038.883,+0825.4,20080401,20250824
172750-99999,MARDIN,TU,+37.300,+040.733,+1050.0,19910214,20250824
172800-99999,DIYARBAKIR,TU,+37.894,+040.201,+0686.1,19500101,20250824
172820-99999,BATMAN,TU,+37.929,+041.117,+0555.3,19910209,20250824
172821-99999,SIRNAK / SERAFETTIN ELCI,TR,+37.365,+042.058,+0622.0,20130917,20250824
172850-99999,HAKKARI,TU,+37.567,+043.767,+1728.0,19730101,20250824
172900-99999,IMSIK,TU,+37.140,+027.670,+0061.6,19630101,20250824
172910-99999,MILAS BODRUM,TU,+37.251,+027.664,+0006.4,20050101,20250824
172920-99999,MUGLA,TU,+37.217,+028.367,+0646.0,19630101,20250824
172950-99999,DALAMAN,TU,+36.713,+028.793,+0006.1,19860624,20250824
172960-99999,FETHIYE,TU,+36.617,+029.117,+0003.0,20080821,20250824
172970-99999,DATCA,TU,+36.700,+027.667,+0028.0,20080821,20250824
172980-99999,MARMARIS,TU,+36.850,+028.267,+0016.0,19871227,20250824
173000-99999,ANTALYA,TU,+36.899,+030.800,+0053.9,19510101,20250824
173020-99999,ANTALYA-BOLGE,TU,+36.867,+030.700,+0047.0,20080801,20250824
173100-99999,ALANYA,TU,+36.550,+032.000,+0006.0,20010705,20250824
173200-99999,ANAMUR,TU,+36.083,+032.833,+0004.0,19861216,20250824
173300-99999,SILIFKE,TU,+36.383,+033.933,+0015.0,19630101,20250824
173400-99999,MERSIN,TU,+36.800,+034.633,+0003.0,19740820,20250824
173500-33308,INCIRLIK AB,TU,+37.002,+035.426,+0072.5,19730101,20250824
173520-99999,ADANA,TU,+36.982,+035.280,+0019.8,19450412,20250824
173550-99999,OSMANIYE,TU,+37.100,+036.250,+0094.0,20091117,20250824
173700-99999,ISKENDERUN,TU,+36.573,+036.154,+0007.6,19510101,20250824
173725-99999,HATAY,TU,+36.350,+036.283,+0267.0,19761023,20250824
173750-99999,FINIKE,TU,+36.300,+030.150,+0002.0,19860624,20250824
173800-99999,KAS,TU,+36.200,+029.650,+0153.0,20080824,20250824
175000-99999,GUZELYURT,CY,+35.183,+032.983,+0052.0,20050322,20250824
175010-99999,LEFKE,CY,+35.817,+032.850,+0129.0,20080721,20250824
175050-99999,AKDENIZ,CY,+35.300,+032.967,+0089.0,20080721,20250824
175070-99999,YESILIRMAK,CY,+35.167,+032.733,+0020.0,20090701,20250824
175100-99999,GIRNE,CY,+35.350,+033.333,+0010.0,20050322,20250824
175150-99999,LEFKOSA,CY,+35.200,+033.350,+0131.0,20050323,20250824
175300-99999,GECITKALE,CY,+35.233,+033.733,+0045.0,20090701,20250824
175350-99999,ISKELE,CY,+35.283,+033.883,+0039.0,20080721,20250824
175400-99999,GAZIMAGUSA,CY,+35.133,+033.933,+0000.0,20050322,20250824
175470-99999,DIPKARPAZ,CY,+35.583,+034.383,+0136.0,20090701,20250824
175500-99999,YENIERENKOY,CY,+35.533,+034.017,+0123.0,20080721,20250824
176000-99999,PAFOS INTL,CY,+34.718,+032.486,+0012.5,19490101,20250824
176010-99999,AKROTIRI,CY,+34.590,+032.988,+0023.2,19600103,20250824
176070-99999,NICOSIA/ATHALASSA,CY,+35.150,+033.400,+0161.0,19900101,20250824
176074-99999,ERCAN,CY,+35.150,+033.500,+0091.0,19921219,20250824
176090-99999,LARNAKA INTL,CY,+34.875,+033.625,+0002.4,19770101,20250824
200460-99999,POLARGMO IM. E.T. KRENKELJA,RS,+80.617,+058.050,+0022.0,19570703,20250824
200690-99999,OSTROV VIZE,RS,+79.483,+076.983,+0010.0,19550305,20250824
200870-99999,MGMS IM. G.F. USHAKOVA,RS,+79.550,+090.567,+0008.0,19320101,20250824
201070-99999,BARENTSBURG,SV,+78.067,+014.250,+0075.0,19520101,20250824
202920-99999,GMO IM.E.K. FEDOROVA,RS,+77.717,+104.300,+0015.0,19330107,20250824
204710-99999,IZVESTIJ TSIK,RS,+75.950,+082.950,+0011.9,19550130,20250824
204760-99999,MYS STERLEGOVA,RS,+75.417,+088.900,+0011.0,19550305,20250824
206670-99999,IM. M.V. POPOVA,RS,+73.333,+070.050,+0007.0,19360101,20250824
206740-99999,OSTROV DIKSON,RS,+73.500,+080.400,+0047.0,19320101,20250824
207440-99999,MALYE KARMAKULY,RS,+72.367,+052.700,+0019.0,19480101,20250824
208710-99999,SOPOCHNAYA KARGA,RS,+71.883,+082.700,+0005.9,19550306,20250824
208910-99999,HATANGA,RS,+71.983,+102.467,+0033.0,19370102,20250824
209460-99999,IM E K FEDOROVA,RS,+70.450,+059.083,+0012.2,19320101,20250823
209670-99999,SEYAHA,RS,+70.167,+072.517,+0017.8,19570702,20250824
209780-99999,KARAUL,RS,+70.083,+083.167,+0028.7,19550305,20250824
209820-99999,VOLOCHANKA,RS,+70.967,+094.500,+0040.0,19370101,20250824
214320-99999,OSTROV KOTEL'NYJ,RS,+76.000,+137.867,+0008.0,19361231,20250824
215350-99999,SANNIKOVA,RS,+74.667,+138.900,+0014.6,19550305,20250824
216080-99999,ANABAR,RS,+73.217,+113.500,+0013.3,19880501,20250823
216360-99999,KIGILYAH,RS,+73.336,+139.867,+0024.7,19550305,20250824
217110-99999,UST' OLENEK,RS,+73.000,+119.867,+0014.9,19550305,20250824
217210-99999,IM YU A HABAROVA,RS,+72.400,+126.350,+0019.6,19550305,20250824
218020-99999,SASKYLAH,RS,+71.967,+114.083,+0018.0,19570702,20250824
218130-99999,TYUMYATI,RS,+71.917,+123.567,+0026.6,19590101,20250824
218210-99999,BYKOV (MYS),RS,+72.000,+129.117,+0016.5,19830202,20250824
218230-99999,YAKUTSK,RS,+62.093,+129.771,+0099.1,19550305,20250824
218240-99999,TIKSI,RS,+71.698,+128.903,+0009.1,19331205,20250824
219080-99999,DZALINDA,RS,+70.133,+113.967,+0062.0,19590101,20250824
219210-99999,KJUSJUR,RS,+70.683,+127.400,+0033.0,19480101,20250824
219310-99999,JUBILEJNAJA,RS,+70.767,+136.217,+0024.0,19480102,20250824
219370-99999,KUJGA,RS,+70.033,+135.667,+0092.2,20120829,20250822
219460-99999,CHOKURDAH,RS,+70.617,+147.883,+0061.0,19550305,20250824
219780-99999,VAL' KARKAY,RS,+70.083,+170.933,+0005.8,19480101,20250824
219820-99999,OSTROV VRANGELYA,RS,+70.983,-178.650,+0004.0,19341101,20250824
220030-99999,VAIDA GUBA (BAY),RS,+69.933,+031.983,+0008.0,19590101,20250824
220040-99999,NIKEL,RS,+69.400,+030.233,+0092.0,19530705,20250824
220280-99999,TERIBERKA,RS,+69.200,+035.117,+0030.0,19590101,20250824
221010-99999,YANISKOSKI,RS,+68.967,+028.783,+0101.0,19590101,20250824
221060-99999,PADUN,RS,+68.600,+031.800,+0063.0,19590101,20250824
221130-99999,MURMANSK,RS,+68.782,+032.751,+0081.1,19361231,20250824
221270-99999,LOVOZERO,RS,+68.000,+035.033,+0162.0,19471002,20250824
221650-99999,KANIN NOS,RS,+68.650,+043.300,+0049.0,19460106,20250824
221930-99999,BUGRINO,RS,+68.783,+049.300,+0007.0,19590101,20250824
222120-99999,MONCHEGORSK,RS,+67.933,+032.917,+0132.0,19590101,20250824
222130-99999,APATITY,RS,+67.550,+033.350,+0134.0,19810101,20250824
222170-99999,KANDALAKSHA,RS,+67.150,+032.350,+0025.0,19320101,20250824
222350-99999,KRASNOSCEL'E,RS,+67.350,+037.050,+0156.0,19461101,20250824
222490-99999,KANEVKA,RS,+67.133,+039.667,+0151.0,19550101,20250824
222710-99999,SHOJNA,RS,+67.883,+044.150,+0018.0,19590101,20250824
222920-99999,INDIGA,RS,+67.683,+048.683,+0004.0,19590101,20250824
223120-99999,KOVDA,RS,+66.700,+032.883,+0018.0,19460307,20250824
223240-99999,UMBA,RS,+66.683,+034.350,+0040.0,19590101,20250824
223340-99999,KASHKARANTSY,RS,+66.333,+036.017,+0003.5,19320101,20250824
223490-99999,PJALICA,RS,+66.183,+039.533,+0009.0,19370101,20250824
223650-99999,ABRAMOVSKIJ MAJAK,RS,+66.383,+043.250,+0021.0,19590101,20250824
223830-99999,NIZHNYAYA PESHA,RS,+66.739,+047.720,+0011.5,19590101,20250824
224080-99999,KALEVALA,RS,+65.217,+031.167,+0120.0,19460901,20250824
224130-99999,ENGOZERO,RS,+65.783,+033.933,+0080.0,19730103,20250824
224290-99999,SOLOVKI,RS,+65.033,+035.700,+0007.4,19590101,20250824
224380-99999,ZIZGIN,RS,+65.200,+036.817,+0017.0,19550701,20250824
224460-99999,ZIMNEGORSKIJ MAJAK,RS,+65.467,+039.733,+0077.0,19590101,20250824
224560-99999,KEPINO,RS,+65.383,+041.883,+0068.6,19590101,20250824
224710-99999,MEZEN',RS,+65.867,+044.217,+0019.0,19320101,20250824
224810-99999,MOSEEVO,RS,+65.767,+046.200,+0042.2,19590101,20250824
225200-99999,KEM' PORT,RS,+64.983,+034.800,+0008.0,20061121,20250824
225250-99999,RAZNAVOLOK,RS,+64.567,+034.917,+0009.0,19480306,20250824
225290-99999,KOLEZMA,RS,+64.233,+035.883,+0003.0,19590101,20250824
225410-99999,UNSKIJ MAJAK,RS,+64.833,+038.400,+0005.0,19590101,20250824
225460-99999,SEVERODVINSK,RS,+64.550,+039.767,+0007.9,19590101,20250824
225500-99999,TALAGI,RS,+64.600,+040.717,+0018.9,19310104,20250824
225510-99999,MUD'JUG,RS,+64.850,+040.283,+0003.0,19590101,20250823
225590-99999,HOLMOGORY,RS,+64.217,+041.667,+0012.0,19590101,20250824
225630-99999,PINEGA,RS,+64.700,+043.383,+0031.0,19460102,20250824
225730-99999,LESUKONSKOE,RS,+64.900,+045.767,+0071.0,19590101,20250824
225830-99999,KOJNAS,RS,+64.750,+047.650,+0064.0,19320101,20250824
226020-99999,REBOLY,RS,+63.833,+030.817,+0182.0,19460201,20250824
226190-99999,PADANY,RS,+63.267,+033.417,+0128.0,19590101,20250824
226210-99999,SEGEZA,RS,+63.767,+034.283,+0112.0,19460109,20250824
226410-99999,ONEGA,RS,+63.900,+038.117,+0013.0,19460307,20250824
226480-99999,TURCASOVO,RS,+63.117,+039.233,+0034.0,19590101,20250824
226560-99999,EMECK,RS,+63.483,+041.800,+0018.0,19590101,20250824
226710-99999,KARPOGORY,RS,+64.017,+044.450,+0065.1,19590101,20250824
226760-99999,SURA,RS,+63.583,+045.633,+0062.0,19361231,20250824
226860-99999,VENDINGA,RS,+63.450,+047.917,+0080.0,19590101,20250818
226950-99999,KOSLAN,RS,+63.450,+048.900,+0158.0,19590101,20250824
227170-99999,SUOYARVI,RS,+62.100,+032.383,+0156.0,19590101,20250824
227210-99999,MEDVEZEGORSK,RS,+62.917,+034.433,+0081.0,19480101,20250824
227270-99999,KONDOPOGA,RS,+62.167,+034.300,+0038.0,19590101,20250824
227490-99999,KONEVO,RS,+62.133,+039.300,+0101.3,19590101,20250824
227620-99999,DVINSKIJ BEREZNIK,RS,+62.817,+042.783,+0034.0,19590101,20250820
227680-99999,SHENKURSK,RS,+62.100,+042.900,+0045.0,19320101,20250824
227780-99999,VERHNJAJA TOJMA,RS,+62.233,+045.017,+0058.0,19590101,20250824
227980-99999,JARENSK,RS,+62.167,+049.117,+0092.0,19480101,20250824
228020-99999,SORTAVALA,RS,+61.717,+030.717,+0019.0,19170101,20250824
228050-99999,VALAAM,RS,+61.367,+030.883,+0016.0,19590101,20250824
228200-99999,PETROZAVODSK,RS,+61.817,+034.267,+0110.0,19320101,20250824
228310-99999,PUDOZ,RS,+61.800,+036.583,+0044.0,19471002,20250824
228370-99999,VYTEGRA,RS,+61.017,+036.450,+0056.0,19320112,20250824
228450-99999,KARGOPOL',RS,+61.500,+038.933,+0126.0,19590101,20250824
228540-99999,NJANDOMA,RS,+61.667,+040.183,+0233.0,19361231,20250824
228670-99999,VEL'SK,RS,+61.083,+042.067,+0091.0,19320101,20250824
228690-99999,SHANGALY,RS,+61.133,+043.350,+0117.2,19590101,20250824
228760-99999,KRASNOBORSK,RS,+61.550,+045.933,+0059.6,19590101,20250824
228870-99999,KOTLAS,RS,+61.233,+046.717,+0056.0,19480104,20250824
228890-99999,VILEGODSKOE,RS,+61.117,+048.000,+0069.8,19900101,20250824
228920-99999,VYBORG,RS,+60.717,+028.733,+0013.0,19060101,20250824
229120-99999,OLONEC,RS,+60.983,+032.983,+0012.0,19590101,20250824
229130-99999,LODEJNOE POLE,RS,+60.717,+033.550,+0023.0,19590101,20250824
229170-99999,NOVAJA LADOGA,RS,+60.117,+032.317,+0009.0,19590101,20250824
229250-99999,VINNICY,RS,+60.633,+034.783,+0111.0,19590101,20250824
229390-99999,BELOZERSK,RS,+60.017,+037.750,+0131.0,19320101,20250824
229510-99999,KONOSHA,RS,+60.983,+040.250,+0226.5,19590101,20250824
229540-99999,VOZEGA,RS,+60.467,+040.200,+0202.0,19480101,20250824
229740-99999,NYUKSENITSA,RS,+60.417,+044.217,+0136.5,19590101,20250824
229810-99999,VELIKIJ USTJUG,RS,+60.767,+046.250,+0099.0,19320101,20250824
229830-99999,LAL' SK,RS,+60.700,+047.600,+0084.1,20120328,20250824
229960-99999,OB'JACEVO,RS,+60.367,+049.650,+0152.0,19590101,20250820
230220-99999,AMADERMA,RS,+69.750,+061.700,+0049.0,19480101,20250824
230320-99999,MARESALE,RS,+69.717,+066.800,+0025.0,19320101,20250824
230580-99999,ANTIPAJUTA,RS,+69.083,+076.850,+0003.0,19600211,20250824
230780-99999,NORIL'SK,RS,+69.333,+088.250,+0064.0,19751001,20250824
231120-99999,VARANDEY,RS,+68.800,+057.983,+0006.6,19590102,20250824
231140-99999,MYS KONSTANTINOVSKIJ,RS,+68.533,+055.500,+0006.7,19590101,20250824
231740-99999,POTAPOVO,RS,+68.667,+086.250,+0041.0,19570830,20250824
231790-99999,SNEZHNOGORSK,RS,+68.100,+087.767,+0093.8,19730101,20250824
232050-99999,NAR'JAN-MAR,RS,+67.633,+053.033,+0012.0,19320101,20250824
232201-99999,SALEKHARD,RS,+66.591,+066.611,+0066.4,20040706,20250824
232204-99999,ROSHCHINO,RU,+57.190,+065.324,+0115.2,20040706,20250824
232215-99999,MAGNITOGORSK,RS,+53.393,+058.756,+0435.9,20090510,20250824
232260-99999,VORKUTA,RS,+67.483,+064.017,+0172.0,19530216,20250824
232420-99999,NOVYJ PORT,RS,+67.683,+072.883,+0012.0,19320101,20250824
232560-99999,TAZOVSKIJ,RS,+67.467,+078.733,+0008.0,19480101,20250824
232740-99999,IGARKA,RS,+67.467,+086.567,+0028.0,19480101,20250824
233050-99999,OKUNEV NOS,RS,+66.250,+052.550,+0022.0,19480304,20250824
233240-99999,PETRUN',RS,+66.433,+060.767,+0062.0,19590101,20250824
233300-99999,SALEHARD,RS,+66.533,+066.667,+0016.0,19320101,20250617
233390-99999,POLUJ,RS,+66.033,+068.683,+0035.9,19740517,20250824
233450-99999,NYDA,RS,+66.633,+072.933,+0007.0,19570701,20250824
233580-99999,NOVYJ URENGOJ,RS,+66.100,+076.783,+0061.9,20120425,20250824
233760-99999,SVETLOGORSK,RS,+66.933,+088.367,+0100.8,20120328,20250824
233830-99999,AGATA,RS,+66.883,+093.467,+0278.0,19570702,20250824
234050-99999,UST'-CIL'MA,RS,+65.433,+052.267,+0068.0,19320101,20250824
234120-99999,UST'-USA,RS,+65.967,+056.917,+0078.0,19480104,20250824
234180-99999,PECHORA,RS,+65.133,+057.133,+0053.2,19570803,20250824
234260-99999,MUZHI,RS,+65.483,+064.717,+0019.0,19530216,20250824
234310-99999,PITLYAR,RS,+65.833,+065.933,+0016.5,19530216,20250824
234430-99999,PANGODY,RS,+65.833,+074.500,+0051.9,19870601,20250824
234450-99999,NADYM,RS,+65.467,+072.667,+0019.0,19560101,20250824
234530-99999,URENGOJ,RS,+65.950,+078.400,+0023.7,19550701,20250824
234650-99999,KRASNOSEL' KUPSK,RS,+65.700,+082.450,+0024.7,19631002,20250824
234710-99999,NIZHNEVARTOVSK,RS,+60.949,+076.484,+0053.9,19690101,20250824
234720-99999,TURUHANSK,RS,+65.783,+087.989,+0038.0,19320106,20250824
235030-99999,IZHMA,RS,+65.033,+053.967,+0052.0,19590101,20250824
235180-99999,UST'-SUGOR,RS,+64.267,+057.617,+0075.0,19480130,20250824
235270-99999,SARAN-PAUL',RS,+64.283,+060.883,+0029.0,19530216,20250824
235520-99999,TARKO-SALE,RS,+64.917,+077.817,+0027.0,19570701,20250824
235780-99999,VERESHCHAGINO,RS,+64.233,+087.567,+0030.0,19570715,20250824
235890-99999,TUTONCHANY,RS,+64.200,+093.783,+0105.0,19690503,20250824
236060-99999,UHTA,RS,+63.550,+053.817,+0137.0,19530216,20250824
236250-99999,SOSVA,RS,+63.650,+062.100,+0028.0,19530220,20250824
236310-99999,BEREZOVO,RS,+63.933,+065.050,+0032.0,19320101,20250824
236350-99999,YUIL' SK,RS,+63.667,+069.600,+0085.8,19690101,20250824
236560-99999,HALESOVAYA,RS,+63.383,+078.317,+0067.1,19600205,20250824
236570-99999,NOYABR' SK,RS,+63.117,+075.283,+0131.0,20120425,20250824
236620-99999,TOL'KA,RS,+63.983,+082.083,+0033.0,19590101,20250824
236780-99999,VERHNEIMBATSK,RS,+63.150,+087.950,+0046.0,19320107,20250824
236990-99999,KERBO,RS,+62.717,+101.117,+0230.4,19570710,20250824
237010-99999,VESLJANA,RS,+62.983,+050.900,+0103.0,19530216,20250824
237080-99999,LUN',RS,+62.233,+052.483,+0120.0,19590101,20250824
237110-99999,TROICKO-PECHERSKOE,RS,+62.700,+056.200,+0139.0,19320101,20250824
237240-99999,NJAKSIMVOL',RS,+62.433,+060.867,+0051.0,19530216,20250824
237340-99999,OKTJABR'SKOE,RS,+62.450,+066.050,+0072.0,19480101,20250823
237410-99999,NIZHNESORTYMSK,RS,+62.750,+071.667,+0085.5,20120425,20250824
237480-99999,KOGALYM,RS,+62.190,+074.534,+0067.1,19881201,20250824
237580-99999,RADUZHNY,RS,+62.158,+077.313,+0078.0,20050101,20250824
237740-99999,KELLOG,RS,+62.483,+086.283,+0060.4,19570710,20250824
237760-99999,BAHTA,RS,+62.467,+089.017,+0057.1,19590101,20250824
237880-99999,KUZ' MOVKA,RS,+62.317,+092.117,+0062.0,19570728,20250824
238030-99999,UST'-KULOM,RS,+61.683,+053.683,+0144.0,19480101,20250824
238040-99999,SYKTYVKAR,RS,+61.647,+050.845,+0098.8,19320101,20250824
238045-99999,OSTAFYEVO,RS,+55.508,+037.505,+0172.0,20090701,20240618
238120-99999,JAKSHA,RS,+61.833,+056.867,+0131.0,19590101,20250824
238230-99999,VONEGAN,RS,+61.950,+064.900,+0111.4,19700108,20250617
238470-99999,SYTOMINO,RS,+61.300,+071.300,+0033.4,19530216,20250824
238490-99999,SURGUT,RS,+61.344,+073.402,+0061.0,19320101,20250824
238620-99999,KORLIKI,RS,+61.533,+082.417,+0071.0,19690331,20250824
238670-99999,LAR' YAK,RS,+61.100,+080.250,+0057.0,19570710,20250824
238840-99999,BOR,RS,+61.600,+090.017,+0058.0,19530216,20250824
238910-99999,BAJKIT,RS,+61.667,+096.367,+0262.0,19570701,20250824
239090-99999,GAJNY,RS,+60.283,+054.350,+0198.0,19530216,20250824
239140-99999,CHERDYN',RS,+60.400,+056.517,+0207.0,19320101,20250824
239210-99999,IVDEL',RS,+60.683,+060.450,+0095.0,19480101,20250824
239290-99999,SAIM,RS,+60.317,+064.217,+0053.0,19530216,20250824
239330-99999,KHANTY MANSIYSK,RS,+61.028,+069.086,+0023.2,19320101,20250824
239390-99999,ALTAY,RS,+60.333,+068.967,+0032.3,19530225,20250824
239460-99999,UGUT,RS,+60.500,+074.017,+0048.1,19530216,20250824
239470-99999,SALYM,RS,+60.067,+071.483,+0054.6,20120425,20250824
239550-99999,ALEKSANDROVSKOE,RS,+60.433,+077.867,+0048.0,19480104,20250824
239660-99999,VANZIL'-KYNAK,RS,+60.350,+084.083,+0099.0,19530216,20250824
239730-99999,VOROGOVO,RS,+61.033,+089.633,+0049.0,19530216,20250824
239750-99999,SYM,RS,+60.350,+088.367,+0086.0,19530216,20250824
239820-99999,VEL'MO,RS,+61.017,+093.433,+0121.8,19570710,20250824
239860-99999,SEVERO-ENISEJSK,RS,+60.367,+093.033,+0511.0,19570722,20250824
239870-99999,JARCEVO,RS,+60.250,+090.233,+0058.0,19480101,20250824
239920-99999,UST'-KAMO,RS,+60.717,+097.517,+0178.0,19570731,20250824
240760-99999,DEPUTATSKI,RS,+69.333,+139.667,+0284.5,19730102,20250824
241250-99999,OLENEK,RS,+68.500,+112.433,+0220.0,19620101,20250824
241360-99999,SUHANA,RS,+68.617,+118.333,+0077.0,19590101,20250824
241430-99999,DZARDZAN,RS,+68.733,+124.000,+0039.0,19480101,20250824
241940-99999,BELAYA GORA,RS,+68.550,+146.217,+0041.0,20120829,20250824
242190-99999,YAROL'IN,RS,+67.133,+108.533,+0235.8,19590101,20250824
242610-99999,BATAGAJ-ALYTA,RS,+67.800,+130.383,+0491.2,19590101,20250813
242630-99999,BATAGAJ,RS,+67.650,+134.683,+0214.0,19591105,20250824
242660-99999,VERHOJANSK,RS,+67.567,+133.400,+0138.0,19480101,20250824
243220-99999,POLIARNY,RS,+66.400,+112.030,+0506.0,19760403,20250824
243290-99999,SHELAGONTSY,RS,+66.250,+114.283,+0236.0,19570701,20250824
243380-99999,EJK,RS,+66.033,+117.400,+0304.3,19730101,20250824
243430-99999,ZHIGANSK,RS,+66.767,+123.400,+0092.0,19480103,20250824
243710-99999,UST'-CHARKI,RS,+66.800,+136.683,+0273.8,19590101,20250824
243820-99999,UST'-MOMA,RS,+66.450,+143.233,+0196.0,19590101,20250824
244490-99999,BESTYAHSKAYA ZVEROFERMA,RS,+65.300,+127.117,+0073.3,19590101,20250824
244620-99999,SEBYAN-KYUEL',RS,+65.300,+130.000,+0777.2,20120829,20250824
244770-99999,IEMA,RS,+65.300,+135.800,+0674.9,19590101,20250824
245070-99999,TURA,RS,+64.267,+100.233,+0168.0,19370101,20250824
245250-99999,HABARDINO,RS,+64.600,+112.517,+0251.2,19730518,20250824
245380-99999,CHUMPURUK,RS,+64.233,+116.917,+0139.1,19590101,20250824
245570-99999,SOGO-HAYA,RS,+64.283,+126.450,+0085.0,19590101,20250824
245850-99999,NERA,RS,+64.550,+144.400,+0518.5,19590101,20250824
245880-99999,YURTY,RS,+64.050,+141.883,+0589.7,19620625,20250824
246060-99999,KISLOKAN,RS,+63.583,+103.967,+0211.0,19560101,20250824
246390-99999,NJURBA,RS,+63.283,+118.333,+0119.0,19340903,20250824
246410-99999,VILJUJSK,RS,+63.767,+121.617,+0111.0,19370101,20250824
246430-99999,HATYAYK-HOMO,RS,+63.950,+124.833,+0076.5,19590101,20250824
246440-99999,VERHNEVILJUJSK,RS,+63.450,+120.317,+0115.3,19590101,20250824
246520-99999,SANGARY,RS,+63.967,+127.467,+0096.0,19480101,20250824
246560-99999,BATAMAJ,RS,+63.517,+129.483,+0079.0,19480101,20250824
246610-99999,SEGEN-KYUEL',RS,+64.000,+130.300,+0208.0,19590101,20250824
246680-99999,VERHOJANSK PEREVOZ,RS,+63.317,+132.017,+0090.9,19590101,20250824
246710-99999,TOMPO,RS,+63.950,+135.867,+0402.0,19590101,20250824
246790-99999,VOSTOCHNAYA,RS,+63.217,+139.600,+1287.9,19590101,20250824
246840-99999,AGAYAKAN,RS,+63.333,+141.733,+0776.9,19590101,20250824
246880-99999,OJMJAKON,RS,+63.250,+143.150,+0741.0,19480101,20250824
246910-99999,DELYANKIR,RS,+63.833,+145.600,+0800.9,19590101,20250824
247240-99999,CHERNISHEVSKIJ,RS,+63.033,+112.483,+0422.0,19480101,20250824
247250-99999,TUOJ-HAYA,RS,+62.533,+111.233,+0259.7,19730518,20250824
247260-99999,MIRNY,RS,+62.535,+114.039,+0352.0,19610701,20250824
247370-99999,KRESTYAH,RS,+62.267,+116.150,+0139.1,19591101,20250824
247380-99999,SUNTAR,RS,+62.150,+117.650,+0133.0,19331202,20250824
247530-99999,NAMTSY,RS,+62.733,+129.667,+0089.8,19690101,20250824
247580-99999,BERDIGESTYAH,RS,+62.267,+127.067,+0231.4,19590101,20250824
247630-99999,KREST-HAL' DZHAY,RS,+62.817,+134.433,+0114.5,19590101,20250824
247680-99999,CURAPCA,RS,+62.033,+132.600,+0186.0,19480101,20250824
247710-99999,TEPLY KLJUCH,RS,+62.783,+136.850,+0288.6,19590101,20250824
247900-99999,SUSUMAN,RS,+62.783,+148.167,+0655.0,19590901,20250824
248020-99999,STRELKA CHUNYA,RS,+61.733,+102.817,+0358.2,19570722,20250824
248070-99999,MUTORAJ,RS,+61.333,+100.483,+0331.5,19590101,20250824
248170-99999,ERBOGACEN,RS,+61.267,+108.017,+0291.0,19370102,20250824
248260-99999,DOROZHNYJ,RS,+61.617,+114.617,+0353.7,19590101,20250824
248430-99999,TONGULAH,RS,+61.917,+124.550,+0199.1,19590101,20250824
248560-99999,POKROVSK,RS,+61.483,+129.150,+0115.0,19480101,20250824
248710-99999,OHOTSKIJPEREVOZ,RS,+61.867,+135.500,+0140.6,19590101,20250824
248940-99999,KOLYMSKAYA,RS,+61.850,+147.667,+0838.8,20120530,20250824
248980-99999,UST' OMCHUG,RS,+61.117,+149.633,+0574.5,19590101,20250824
249080-99999,VANAVARA,RS,+60.333,+102.267,+0260.0,19570701,20250824
249180-99999,PREOBRAZHENKA,RS,+60.050,+108.083,+0295.2,19570701,20250824
249230-99999,LENSK,RS,+60.717,+114.883,+0234.0,19480101,20250824
249280-99999,KOMAKA,RS,+60.267,+111.733,+0298.6,19590101,20250824
249330-99999,KILEER,RS,+60.950,+119.300,+0249.3,19590101,20250824
249440-99999,OLEKMINSK,RS,+60.400,+120.417,+0229.6,19311231,20250824
249510-99999,ISIT',RS,+60.817,+125.317,+0118.0,19331202,20250824
249590-99999,JAKUTSK,RS,+62.017,+129.717,+0101.0,19311231,20250824
249620-99999,AMGA,RS,+60.900,+131.983,+0146.0,19480101,20250824
249660-99999,UST'-MAJYA,RS,+60.383,+134.450,+0170.0,19331209,20250824
249670-99999,TEGYULTYA,RS,+60.467,+130.000,+0171.0,19590101,20250824
249820-99999,UEGA,RS,+60.717,+142.783,+0398.0,19541122,20250824
249880-99999,ARKA,RS,+60.083,+142.333,+0198.0,19480101,20250824
250170-99999,ADRYUSKINO,RS,+69.167,+154.500,+0016.0,19830401,20250824
250340-99999,BUHTA AMBARCIK,RS,+69.617,+162.300,+0023.0,19480101,20250824
250420-99999,AJON,RS,+69.917,+167.967,+0013.7,19550305,20250824
250440-99999,RAUCHUA,RS,+69.500,+166.583,+0004.6,19550305,20250402
250510-99999,PEVEK,RS,+69.783,+170.597,+0003.4,19550305,20250824
250620-99999,MYS BILLINGSA,RS,+69.883,+175.767,+0003.0,19550305,20240716
251210-99999,KOLYMSKAYA,RS,+68.733,+158.717,+0012.0,19590101,20250824
251230-99999,CHERSKIJ,RS,+68.750,+161.283,+0028.0,19550305,20250824
251290-99999,KONSTANTINOVSKAYA,RS,+68.150,+161.167,+0008.4,20120731,20250824
251380-99999,OSTROVNOE,RS,+68.117,+164.167,+0094.0,19590101,20250824
251470-99999,BILIBINO,RS,+68.050,+166.450,+0279.5,20120731,20250824
251510-99999,CHAUN,RS,+68.883,+170.783,+0004.7,19590101,20250824
252060-99999,CREDNEKOLYMSK,RS,+67.450,+153.717,+0021.0,19590101,20250824
252480-99999,ILIRNEJ,RS,+67.250,+167.967,+0353.0,19590101,20250824
252820-99999,MYS VANKAREM,RS,+67.833,-175.833,+0005.0,19550305,20240915
253350-99999,BAIMKA,RS,+66.533,+164.283,+0286.3,19690331,20250824
253560-99999,EN' MUVEEM,RS,+66.383,+173.333,+0077.0,19590101,20250824
253780-99999,EGVEKINOT,RS,+66.350,-179.117,+0026.0,19460101,20250824
253990-99999,MYS UELEN,RS,+66.150,-169.833,+0003.0,19331203,20250520
254000-99999,ZYRYANKA,RS,+65.733,+150.900,+0043.0,19460101,20250824
254280-99999,OMOLON,RS,+65.233,+160.533,+0264.0,19590101,20250824
254690-99999,KANCHALAN,RS,+65.183,+176.767,+0018.5,19590101,20250824
255030-99999,KORKODON,RS,+64.750,+153.967,+0098.0,19590101,20250824
255510-99999,MARKOVO,RS,+64.683,+170.417,+0026.0,19460102,20250824
255610-99999,TANYURER,RS,+64.867,+174.417,+0008.0,19460103,20250824
255630-99999,UGOLNY,RS,+64.735,+177.741,+0059.1,19331201,20250824
255940-99999,PROVIDENIYA BAY,RS,+64.378,-173.243,+0021.9,19470502,20250824
256270-99999,LABAZNAYA,RS,+63.300,+158.500,+0709.0,19590101,20250824
256480-99999,SLAUTNOE,RS,+63.200,+167.850,+0044.0,19550501,20250824
257000-99999,EL' GEN (SOVHOZ),RS,+62.800,+150.667,+0312.4,19590101,20250824
257030-99999,SEJMCHAN,RS,+62.917,+152.417,+0205.0,19590101,20250824
257050-99999,SREDNIKAN,RS,+62.450,+152.317,+0260.0,19590101,20250824
257070-99999,BOHAPCHA,RS,+62.100,+150.683,+0348.8,19730313,20250824
257150-99999,OMSUKCHAN,RS,+62.517,+155.800,+0499.8,19590101,20250824
257450-99999,KAMENSKOE,RS,+62.483,+166.217,+0040.0,20090801,20250824
258080-99999,TALATA,RS,+61.133,+152.383,+0707.5,19590201,20250824
258200-99999,EVENSK,RS,+61.917,+159.217,+0011.8,20120530,20250824
259040-99999,MADAUN,RS,+60.600,+150.700,+0521.9,19590101,20250824
259130-99999,SOKOL,RS,+59.911,+150.720,+0175.0,19451231,20250824
259160-99999,ALEVINA (MYS),RS,+58.833,+151.350,+0065.1,19620501,20250824
259190-99999,BRAT' EV (MYS),RS,+59.100,+153.333,+0012.9,19630608,20250824
259220-99999,SHELIHOVA,RS,+60.717,+155.883,+0033.3,19611201,20250824
259270-99999,BROHOVO,RS,+59.650,+154.267,+0005.0,19590101,20250824
259410-99999,CHEMURNAUT,RS,+60.733,+163.017,+0014.0,19550501,20250625
259560-99999,APUKA,RS,+60.433,+169.667,+0005.0,19530216,20250824
260290-99999,PAKRI,EN,+59.383,+024.033,+0026.0,19591223,20250824
260380-99999,LENNART MERI TALLINN,EE,+59.413,+024.833,+0039.9,19530216,20250824
260381-99999,PARNU,EN,+58.417,+024.467,+0047.0,20040713,20250824
260450-99999,KUNDA,EN,+59.517,+026.550,+0003.0,19590101,20250824
260460-99999,JOHVI,EN,+59.333,+027.383,+0075.0,19590101,20250824
260580-99999,NARVA-JOESUU,EN,+59.389,+028.117,+0029.9,19590101,20250824
260590-99999,KINGISEPP,RS,+59.367,+028.600,+0019.0,19480101,20250824
260630-99999,PULKOVO,RS,+59.800,+030.263,+0024.1,19310401,20250824
260670-99999,VOLOSOVO,RS,+59.433,+029.500,+0129.0,19590101,20250821
260690-99999,BELOGORKA,RS,+59.350,+030.133,+0090.0,19590101,20250824
260720-99999,SHLISSEL'BURG,RS,+59.933,+031.000,+0017.0,19590101,20250824
260780-99999,LJUBAN',RS,+59.350,+031.233,+0039.0,19480101,20250824
260800-99999,KIRISHI,RS,+59.450,+032.033,+0026.0,19831002,20250824
260940-99999,TIHVIN,RS,+59.650,+033.550,+0061.0,19320101,20250824
260990-99999,EFIMOVSKAJA,RS,+59.500,+034.700,+0176.0,19590101,20250824
261148-99999,MINSK 2,BO,+53.882,+028.031,+0204.2,19990114,20250824
261149-99999,MOGILEV,BO,+53.950,+030.100,+0194.0,20040810,20250824
261150-99999,RISTNA,EN,+58.917,+022.067,+0009.0,19550101,20250824
261160-99999,KARDLA,EN,+58.991,+022.831,+0005.5,19590101,20250824
261161-99999,KURESSAARE,EN,+58.217,+022.500,+0004.0,20040510,20250824
261240-99999,LAANE-NIGULA,EN,+58.950,+023.817,+0025.0,19590101,20250824
261280-99999,VIRTSU,EN,+58.567,+023.517,+0003.0,19590102,20250824
261340-99999,KUUSIKU,EN,+58.967,+024.733,+0052.0,19690101,20250824
261350-99999,TURI,EN,+58.817,+025.417,+0065.0,19550101,20250824
261410-99999,VALKE-MAARJA,EN,+59.133,+026.233,+0123.0,19621211,20250824
261440-99999,JOGEVA,EN,+58.750,+026.417,+0071.0,20010919,20250824
261450-99999,TILRIKOJA,EN,+58.867,+026.950,+0034.0,19550101,20250824
261570-99999,GDOV,RS,+58.733,+027.833,+0040.0,19361231,20250824
261670-99999,NIKOLAEVSKOE,RS,+58.567,+029.800,+0091.0,19550301,20250824
261790-99999,NOVGOROD,RS,+58.517,+031.250,+0024.0,19320101,20250824
262140-99999,VILSANDI,EN,+58.383,+021.817,+0006.0,19590101,20250824
262180-99999,SORVE,EN,+57.917,+022.050,+0004.0,19730101,20250824
262260-99999,KIHNU,EN,+58.100,+023.967,+0004.0,19590101,20250824
262270-99999,RUHNU,EN,+57.783,+023.250,+0002.0,19611110,20250824
262290-99999,AINAZI,LG,+57.867,+024.367,+0005.0,19550101,20250824
262330-99999,VILJANDI,EN,+58.367,+025.600,+0086.0,19590101,20250824
262380-99999,RUJIENA,LG,+57.900,+025.383,+0012.0,19590101,20250824
262420-99999,TARTU,EN,+58.307,+026.690,+0066.8,19480101,20250824
262470-99999,VALGA,EN,+57.783,+026.033,+0066.0,19590101,20250824
262490-99999,VORU,EN,+57.850,+027.017,+0083.0,19590101,20250824
262580-99999,PSKOV,RS,+57.784,+028.396,+0046.9,19530216,20250824
262640-99999,STRUGI KRASNYE,RS,+58.267,+029.100,+0129.0,19590101,20250705
262680-99999,DNO,RS,+57.817,+029.950,+0071.0,19361231,20250824
262750-99999,STARAYA RUSSA,RS,+58.017,+031.317,+0025.0,19550101,20250824
262850-99999,KRESTCY,RS,+58.267,+032.533,+0063.0,19590101,20250824
262910-99999,BOROVICI,RS,+58.417,+033.900,+0089.0,19590101,20250824
262980-99999,BOLOGOE,RS,+57.900,+034.030,+0188.0,19590807,20250818
263130-99999,KOLKA,LG,+57.750,+022.600,+0005.0,19550101,20250824
263180-99999,STENDE,LG,+57.183,+022.550,+0079.0,19590101,20250824
263240-99999,MERSRAGS,LG,+57.350,+023.117,+0006.0,19590101,20250824
263260-99999,SKULTE,LG,+57.317,+024.417,+0010.0,19590101,20250824
263350-99999,PRIEKULI,LG,+57.317,+025.333,+0122.0,19550101,20250824
263390-99999,ZOSENI,LG,+57.133,+025.917,+0180.0,19950101,20250824
263460-99999,ALUKSNE,LG,+57.433,+027.033,+0193.0,19590101,20250824
263480-99999,GULBENE,LG,+57.133,+026.717,+0143.0,19480101,20250824
263590-99999,PUSKINSKIE GORY,RS,+57.017,+028.900,+0108.0,19590101,20250824
263780-99999,HOLM,RS,+57.150,+031.183,+0071.0,19460307,20250824
263810-99999,DEMJANSK,RS,+57.650,+032.467,+0062.0,19590101,20250824
263890-99999,OSTASKOV,RS,+57.133,+033.117,+0218.0,19590102,20250822
263930-99999,VYSNIJ VOLOCEK,RS,+57.550,+034.567,+0169.0,19320101,20250819
264030-99999,PAVILOSTA,LG,+56.883,+021.183,+0010.0,19590101,20250824
264050-99999,VENTSPILS,LG,+57.350,+021.533,+0006.0,20040905,20250824
264060-99999,LIEPAJA INTL,LG,+56.518,+021.097,+0004.9,19550101,20250824
264160-99999,SALDUS,LG,+56.683,+022.500,+0112.0,19550101,20250824
264225-99999,RIGA,LG,+56.967,+024.050,+0026.0,19940718,20250824
264240-99999,DOBELE,LG,+56.617,+023.317,+0044.0,19960501,20250824
264250-99999,JELGAVA,LG,+56.650,+023.733,+0009.0,19590101,20250824
264290-99999,BAUSKA,LG,+56.400,+024.217,+0033.0,19590101,20250824
264350-99999,SKRIVERI,LG,+56.650,+025.133,+0083.0,19550101,20250824
264360-99999,ZILANI,LG,+56.517,+025.917,+0109.0,19590101,20250824
264460-99999,REZEKNE,LG,+56.533,+027.267,+0157.0,19550101,20250824
264470-99999,MADONA,LG,+56.850,+026.233,+0133.0,19280102,20250824
264560-99999,OPOCHKA,RS,+56.717,+028.717,+0099.0,19590101,20250824
264620-99999,SUSHCHEVO,RS,+57.000,+029.917,+0108.0,19590101,20241129
264770-99999,VELIKIE LUKI,RS,+56.350,+030.620,+0106.0,19320101,20250824
264790-99999,TOROPEC,RS,+56.483,+031.633,+0187.0,19631204,20250824
264990-99999,STARITSA,RS,+56.500,+034.933,+0186.0,20010915,20250824
265010-99999,MAZEIKIAI,LH,+56.350,+022.317,+0066.8,20140701,20250821
265020-99999,PALANGA INTL,LH,+55.973,+021.094,+0010.1,19590101,20250824
265021-99999,SIAULIAI INTL,LH,+55.883,+023.383,+0138.0,20040106,20250824
265030-99999,RUCAVA,LG,+56.150,+021.167,+0019.0,19590101,20250824
265040-99999,N AKMENE,LH,+56.250,+022.733,+0078.0,20220202,20250821
265090-99999,KLAIPEDA,LH,+55.733,+021.083,+0007.3,19290801,20250824
265150-99999,TELSIAI,LH,+55.967,+022.250,+0152.0,19590101,20250821
265180-99999,LAUKUVA,LH,+55.617,+022.233,+0166.0,19590101,20250824
265280-99999,SEDUVA,LH,+55.750,+023.750,+0087.0,20220202,20250821
265290-99999,PANEVEZYS,LH,+55.733,+024.417,+0058.3,19590101,20250821
265310-99999,BIRZAI,LH,+56.200,+024.767,+0051.5,19590101,20250824
265390-99999,ROKISKIS,LH,+55.950,+025.583,+0139.1,20220202,20250821
265440-99999,DAUGAVPILS,LG,+55.867,+026.617,+0122.0,19550101,20250824
265470-99999,DUKSTAS,LH,+55.517,+026.300,+0168.0,20010705,20250821
265510-99999,DAGDA,LG,+56.100,+027.550,+0181.0,19590101,20250824
265540-99999,VERHNEDVINSK,BO,+55.817,+027.950,+0132.0,19590101,20250824
265780-99999,VELIZH,RS,+55.617,+031.183,+0166.0,19590803,20250804
265850-99999,BELYJ,RS,+55.850,+032.950,+0222.0,19480101,20250823
266000-99999,SILUTE,LH,+55.350,+021.467,+0005.0,19940601,20250821
266030-99999,NIDA,LH,+55.300,+021.000,+0002.6,19590101,20250821
266070-99999,SVETLOGORSK,RS,+54.917,+020.133,+0037.0,19590101,20250821
266140-99999,SOVETSK,RS,+55.083,+021.867,+0037.0,19330102,20250821
266150-99999,TAURAGE,LH,+55.250,+022.283,+0034.5,19590101,20250821
266200-99999,DOTNUVA,LH,+55.400,+023.883,+0077.1,19590101,20250821
266210-99999,RASEINIAI,LH,+55.400,+023.150,+0110.5,19590101,20250821
266290-99999,KAUNAS,LH,+54.883,+023.833,+0077.0,19530216,20250824
266295-99999,KAUNAS INTL,LH,+54.964,+024.085,+0078.0,19980301,20250824
266330-99999,UTENA,LH,+55.517,+025.583,+0105.7,19590101,20250824
266340-99999,UKMERGE,LH,+55.267,+024.767,+0073.2,19590101,20250821
266360-99999,SVENCIONYS,LH,+55.150,+026.167,+0222.3,20140701,20250821
266430-99999,SHARCOVSCHINA,BO,+55.367,+027.467,+0131.0,19610208,20250824
266450-99999,LYNTUPY,BO,+55.050,+026.317,+0212.0,19610208,20250824
266530-99999,POLOTSK,BO,+55.467,+028.767,+0133.0,19610207,20250824
266570-99999,DOKSHITSY,BO,+54.883,+027.750,+0193.0,19610930,20250824
266590-99999,LEPEL,BO,+54.883,+028.700,+0174.0,19590101,20250824
266660-99999,VITEBSK / VICIEBSK,BY,+55.127,+030.350,+0207.9,19320101,20250824
266661-99999,GRODNO,BO,+53.600,+024.533,+0138.0,20040713,20250824
266680-99999,SENNO,BO,+54.817,+029.683,+0176.0,19600127,20250824
266950-99999,VJAZ'MA,RS,+55.167,+034.400,+0251.0,19460101,20250805
267010-99999,BALTIJSK,RS,+54.667,+019.967,+0002.0,19590101,20250821
267020-99999,KHRABROVO,RS,+54.890,+020.593,+0013.1,19280101,20250824
267040-99999,MAMONOVO,RS,+54.467,+019.950,+0023.0,19590101,20250821
267060-99999,ZELEZNODOROZNY,RS,+54.383,+021.317,+0049.0,19590101,20250821
267110-99999,CHERNYAHOVSK,RS,+54.633,+021.800,+0031.1,19590101,20250813
267130-99999,KYBARTAI,LH,+54.650,+022.800,+0059.4,19330102,20250821
267140-99999,MARIJAMPOLE,LH,+54.533,+023.350,+0086.0,20071026,20250821
267280-99999,LAZDIJAI,LH,+54.233,+023.517,+0133.6,19590101,20250821
267290-99999,ALYTUS,LH,+54.417,+024.067,+0093.0,20211126,20250821
267300-99999,VILNIUS INTL,LH,+54.634,+025.286,+0196.9,19340313,20250824
267320-99999,VILNIUS,LH,+54.633,+025.283,+0196.0,20010705,20250821
267370-99999,VARENA,LH,+54.250,+024.550,+0110.7,19590101,20250821
267450-99999,VILEYKA,BO,+54.483,+026.900,+0183.0,19610209,20250413
267480-99999,MOLODECNO,BO,+54.317,+026.883,+0155.0,19600208,20250413
267590-99999,BORISOV,BO,+54.267,+028.500,+0189.0,19590103,20250824
267630-99999,ORSHA,BO,+54.500,+030.417,+0185.0,19460101,20250824
267740-99999,GORKI,BO,+54.300,+030.933,+0205.0,19320101,20250824
267810-99999,SMOLENSK,RS,+54.750,+032.067,+0239.0,19361231,20250821
267840-99999,POCHINOK,RS,+54.417,+032.433,+0201.0,19881201,20250823
267950-99999,SPAS-DEMENSK,RS,+54.417,+034.017,+0238.0,19590101,20250824
268320-99999,LIDA,BO,+53.902,+025.317,+0157.0,19340331,20250824
268360-99999,NOVOGRUDOK,BO,+53.600,+025.850,+0280.0,19600108,20250413
268500-99999,MINSK 1,BO,+53.864,+027.540,+0228.0,19320101,20250824
268530-99999,BEREZINO,BO,+53.833,+028.983,+0154.0,19600401,20250824
268550-99999,MARIYNA GORKA,BO,+53.450,+028.133,+0177.0,19610204,20250824
268640-99999,KLICHEV,BO,+53.500,+029.333,+0155.0,19610203,20250824
268780-99999,SLAVGOROD,BO,+53.450,+031.017,+0170.0,19610203,20250824
268820-99999,ROSLAVL',RS,+53.933,+032.833,+0224.0,19460102,20250723
268870-99999,KOSTUCKOVICHI,BO,+53.350,+032.067,+0167.0,19600110,20250824
268940-99999,ZUKOVKA,RS,+53.533,+033.750,+0177.0,19320102,20250824
268980-99999,BRYANSK,RS,+53.214,+034.176,+0202.1,19361231,20250824
269230-99999,VOLKOVYSK,BO,+53.170,+024.450,+0183.0,19600307,20250413
269410-99999,BARANOVICHI,BO,+53.117,+026.000,+0193.0,19550101,20250824
269510-99999,SLUTSK,BO,+53.033,+027.550,+0162.0,19590101,20250824
269610-99999,BOBRUISK,BO,+53.217,+029.127,+0156.0,19550101,20250824
269660-99999,ZHLOBIN,BO,+52.900,+030.033,+0142.0,19610203,20250824
269760-99999,KRASNAJA GORA,RS,+53.017,+031.600,+0148.0,19530217,20250824
269970-99999,TRUBCHEVSK,RS,+52.583,+033.767,+0178.0,19550101,20250824
270080-99999,BABAEVO,RS,+59.400,+035.900,+0137.0,19361231,20250824
270370-99999,VOLOGDA,RS,+59.233,+039.867,+0131.0,19320101,20250824
270510-99999,TOTMA,RS,+59.967,+042.767,+0134.0,19361231,20250824
270660-99999,NIKOL'SK,RS,+59.533,+045.467,+0143.0,19480101,20250824
270830-99999,OPARINO,RS,+59.850,+048.283,+0180.0,19480101,20250824
271060-99999,USTYUZHNA,RS,+58.850,+036.433,+0125.0,19590101,20250824
271080-99999,OHONY,RS,+58.567,+035.633,+0145.0,19590101,20250824
271130-99999,CHEREPOVEC,RS,+59.267,+038.017,+0114.0,19550301,20250824
271640-99999,KOLOGRIV,RS,+58.817,+044.317,+0151.2,19590103,20250824
271760-99999,VOHMA,RS,+58.933,+046.767,+0159.2,20120229,20250625
271990-99999,KIROV,RS,+58.567,+049.567,+0158.0,19940802,20250824
272080-99999,MAKSATIKHA,RS,+57.800,+035.883,+0142.0,19881201,20250824
272150-99999,KRASNYY KHOLM,RS,+58.033,+037.100,+0166.6,19881201,20250823
272230-99999,POSHEHON'E,RS,+58.483,+039.133,+0117.8,20120229,20250822
272250-99999,RYBINSK,RS,+58.100,+038.683,+0105.0,19360101,20250816
272255-99999,TUNOSHNA,RS,+57.561,+040.157,+0087.5,20120504,20250824
272420-99999,BUJ,RS,+58.483,+041.533,+0103.0,19460102,20250815
272520-99999,NIKOLO-POLOMA,RS,+58.350,+043.383,+0150.0,19590101,20250717
272710-99999,SAR'JA,RS,+58.367,+045.533,+0125.0,19361231,20250821
272770-99999,VETLUGA,RS,+57.850,+045.767,+0136.0,19590101,20250824
272830-99999,KOTEL'NIC,RS,+58.300,+048.350,+0127.0,19840511,20250824
272960-99999,KUMENY,RS,+58.100,+049.917,+0177.1,19590814,20250824
273160-99999,KASIN,RS,+57.350,+037.583,+0138.0,19590101,20250824
273210-99999,UGLIC,RS,+57.500,+038.300,+0122.0,19320101,20250820
273290-99999,ROSTOV,RS,+57.200,+039.417,+0101.0,19460401,20250820
273330-99999,KOSTROMA,RS,+57.733,+040.783,+0126.0,19590101,20250822
273470-99999,IVANOVO,RS,+56.950,+040.967,+0126.0,19361231,20250823
273550-99999,JUR'EVEC,RS,+57.333,+043.117,+0132.0,19550301,20250823
273690-99999,KRASNYE BAKI,RS,+57.133,+045.167,+0110.0,19570701,20250824
273730-99999,SAKUN'JA,RS,+57.667,+046.633,+0175.0,19550301,20250824
273930-99999,NOLINSK,RS,+57.550,+049.950,+0136.0,19550701,20250824
274020-99999,TVER',RS,+56.883,+035.867,+0137.0,19460101,20250824
274170-99999,KLIN,RS,+56.350,+036.750,+0167.0,19840511,20250824
274530-99999,GORODEC,RS,+56.683,+043.433,+0103.0,19840511,20250824
274590-99999,STRIGINO,RS,+56.230,+043.784,+0078.0,19940802,20250824
274790-99999,KOZ'MODEM'JANSK,RS,+56.333,+046.583,+0107.0,19550301,20250824
274850-99999,JOSHKAR-OLA,RS,+56.633,+047.767,+0106.0,19590101,20250824
274910-99999,NOVYJ TOR'JAL,RS,+57.000,+048.733,+0143.0,19730104,20250824
275070-99999,GAGARIN,RS,+55.517,+035.033,+0194.0,19590101,20250821
275110-99999,NOVO-JERUSALIM,RS,+55.900,+036.817,+0162.0,19590102,20250822
275155-99999,SHEREMETYEVO,RS,+55.973,+037.415,+0189.6,19730101,20250824
275185-99999,VNUKOVO,RS,+55.592,+037.261,+0208.8,19730101,20250824
275230-99999,PAVLOVSKIJ POSAD,RS,+55.767,+038.683,+0135.0,19590101,20250802
275320-99999,VLADIMIR,RS,+56.117,+040.350,+0172.0,19460307,20250819
275390-99999,GUS'-HRUSTAL'NYJ,RS,+55.600,+040.650,+0136.0,19590101,20250803
275770-99999,SERGAC,RS,+55.533,+045.500,+0125.0,19640303,20250824
275930-99999,ARSK,RS,+56.083,+049.867,+0157.0,19620112,20250821
275950-99999,KAZAN,RS,+55.606,+049.279,+0126.2,19320101,20250824
276060-99999,MALOJAROSLAVEC,RS,+55.017,+036.483,+0197.0,19600116,20250824
276070-99999,BEGISHEVO,RS,+55.565,+052.093,+0196.0,20040810,20250824
276110-99999,NARO-FOMINSK,RS,+55.383,+036.700,+0193.0,19590101,20250821
276120-99999,MOSKVA VDNH (DOLGOPRUDNYJ),RS,+55.833,+037.617,+0200.0,19320101,20250804
276270-99999,KASIRA,RS,+54.833,+038.150,+0221.0,19590823,20250824
276430-99999,VYKSA,RS,+55.333,+042.117,+0114.0,19590101,20250824
276480-99999,ELAT'MA,RS,+54.950,+041.767,+0136.0,19320101,20250824
276530-99999,ARZAMAS,RS,+55.367,+043.783,+0127.0,19590101,20250824
276650-99999,LUKOJANOV,RS,+55.033,+044.500,+0219.0,19460309,20250824
276750-99999,PORETSKOE,RS,+55.183,+046.333,+0136.0,20090128,20250824
276790-99999,ALATYR',RS,+54.817,+046.583,+0180.0,19361231,20250824
276970-99999,TETYUSHI,RS,+54.933,+048.783,+0156.0,19620414,20250820
277030-99999,KALUGA,RS,+54.550,+036.367,+0198.8,19320101,20250824
277070-99999,SUHINICHI,RS,+54.100,+035.350,+0238.0,19590101,20250824
277190-99999,TULA,RS,+54.233,+037.617,+0203.0,19590101,20250824
277300-99999,RYAZAN',RS,+54.633,+039.700,+0158.0,19940802,20250823
277450-99999,SASOVO,RS,+54.350,+041.967,+0115.0,20120125,20250824
277520-99999,TEMNIKOV,RS,+54.633,+043.233,+0139.0,19590101,20250824
277560-99999,KRASNOSLOBODSK,RS,+54.433,+043.767,+0188.0,20120328,20250824
277600-99999,SARANSK AIRPORT,RS,+54.118,+045.203,+0216.0,19590101,20250824
277760-99999,SURSKOE,RS,+54.483,+046.700,+0100.0,19590101,20250729
277850-99999,ULYANOVSK / BARATAYEVKA,RU,+54.276,+048.243,+0141.0,20050101,20250824
277990-99999,DIMITROVGRAD,RS,+54.233,+049.600,+0073.0,19611208,20250824
278170-99999,MCENSK,RS,+53.383,+036.533,+0201.0,19910911,20250824
278210-99999,UZLOVAJA,RS,+54.000,+038.133,+0231.0,20031011,20250823
278230-99999,PAVELETS,RS,+53.783,+039.250,+0209.0,19460306,20250823
278350-99999,RJAZSK,RS,+53.717,+040.117,+0127.0,19881108,20250822
278480-99999,MORSANSK,RS,+53.450,+041.800,+0142.0,19590101,20250824
278570-99999,ZAMETCHINO,RS,+53.483,+042.633,+0131.0,19320101,20250716
278580-99999,PACELMA,RS,+53.333,+043.317,+0261.0,19590101,20250721
278720-99999,INZA,RS,+53.850,+046.417,+0175.4,19570701,20250811
278940-99999,NOVODEVIC'E,RS,+53.600,+048.833,+0143.0,19620621,20250820
279060-99999,OREL,RS,+52.933,+036.000,+0196.0,19460102,20250824
279210-99999,EFREMOV,RS,+53.150,+038.117,+0215.0,19590101,20250823
279280-99999,ELEC,RS,+52.633,+038.517,+0168.0,19480101,20250824
279300-99999,LIPETSK ARPT,RS,+52.703,+039.538,+0178.9,19590101,20250824
279350-99999,MICURINSK,RS,+52.883,+040.483,+0158.0,19361231,20250824
279470-99999,TAMBOV,RS,+52.800,+041.333,+0128.0,19570701,20250824
279550-99999,BELINSKIY,RS,+52.967,+043.400,+0205.7,19740820,20250811
279570-99999,KIRSANOV,RS,+52.667,+042.717,+0169.0,19460306,20250824
279620-99999,PENZA,RS,+53.133,+045.017,+0174.0,19320101,20250824
279621-99999,ULYANOVSK VOSTOCHNY,RU,+54.401,+048.803,+0076.8,20040713,20250824
279622-99999,CHEBOKSARY,RS,+56.090,+047.347,+0170.1,20080825,20250824
279720-99999,RADISHCHEVO,RS,+53.050,+046.433,+0252.6,20120229,20250824
279810-99999,KANADEY,RS,+53.150,+047.517,+0098.9,20120229,20250722
279830-99999,SYZRAN',RS,+53.183,+048.400,+0103.0,19590101,20250818
279950-99999,SAMARA (BEZENCHUK),RS,+52.983,+049.433,+0046.0,19320102,20250824
280090-99999,KIRS,RS,+59.350,+052.250,+0168.0,19550101,20250824
280440-99999,SEROV,RS,+59.600,+060.533,+0130.0,19320101,20250824
280490-99999,GARI,RS,+59.433,+062.333,+0131.0,19530216,20250824
280640-99999,LEUSI,RS,+59.617,+065.717,+0072.0,19530216,20250824
280760-99999,DEM'JANSKOE,RS,+59.600,+069.283,+0057.0,19530216,20250824
280970-99999,TAUROVO,RS,+59.583,+073.283,+0060.3,19730809,20250824
281160-99999,KUDYMKAR,RS,+58.983,+054.650,+0186.0,19460309,20250824
281380-99999,BISER,RS,+58.517,+058.850,+0463.0,19590101,20250824
281440-99999,VERHOTUR'E,RS,+58.867,+060.783,+0125.0,19590101,20250824
281650-99999,KUMINSKAYA,RS,+58.717,+066.083,+0081.2,19730101,20250824
282140-99999,GLAZOV,RS,+58.133,+052.583,+0169.0,19470506,20250824
282240-99999,PERM',RS,+58.000,+056.333,+0170.9,20040713,20250824
282250-99999,BOLSHOE SAVINO,RU,+57.915,+056.021,+0123.1,19320101,20250824
282400-99999,NIZHNYJ TAGIL,RS,+57.883,+060.067,+0260.0,19460309,20250823
282750-99999,TOBOL'SK,RS,+58.150,+068.250,+0050.0,19320101,20250824
283190-99999,NOZOVKA,RS,+57.083,+054.750,+0131.0,19460309,20250824
283210-99999,OHANSK,RS,+57.717,+055.383,+0163.0,19470219,20250824
283340-99999,SAMARY,RS,+57.350,+058.217,+0244.0,19530216,20250824
283660-99999,JARKOVO,RS,+57.417,+067.083,+0052.1,19530216,20250818
283670-99999,TYUMEN',RS,+57.117,+065.433,+0102.0,19320101,20250725
283820-99999,UST'-ISIM,RS,+57.683,+071.183,+0062.0,19480101,20250819
284110-99999,IZHEVSK,RS,+56.833,+053.450,+0159.0,19570701,20250824
284180-99999,SARAPUL,RS,+56.467,+053.733,+0133.0,19611223,20250824
284340-99999,KRASNOUFIMSK,RS,+56.650,+057.783,+0206.0,19460401,20250824
284400-99999,KOLTSOVO,RS,+56.743,+060.803,+0232.9,19320101,20250824
284650-99999,JALTUROVOSK,RS,+56.683,+066.350,+0061.0,19530216,20250822
284810-99999,VIKULOVO,RS,+56.817,+070.617,+0078.0,19480101,20250824
284910-99999,BOL'SIE UKI,RS,+56.933,+072.667,+0087.0,19550101,20250822
284930-99999,TARA,RS,+56.900,+074.383,+0073.0,19320101,20250823
284935-99999,YEMELYANOVO / KRASNOYARSK,RU,+56.173,+092.493,+0287.1,19990114,20250824
285020-99999,VJATSKIE POLJANY,RS,+56.233,+051.033,+0083.0,19590101,20250824
285060-99999,ELABUGA,RS,+55.767,+052.067,+0091.0,19460101,20250813
285170-99999,MENZELINSK,RS,+55.717,+053.067,+0112.0,20050828,20250821
285220-99999,ASKINO,RS,+56.110,+056.574,+0206.5,20050629,20250824
285410-99999,VERHNIJ UFALEJ,RS,+56.083,+060.300,+0399.0,19590101,20250824
285520-99999,SADRINSK,RS,+56.067,+063.650,+0089.0,19460311,20250824
285730-99999,ISHIM,RS,+56.100,+069.433,+0082.0,19480101,20250823
285930-99999,BOL'SHERECH'E,RS,+56.100,+074.633,+0077.0,19480101,20250816
286120-99999,MUSLJUMOVO,RS,+55.317,+053.183,+0079.0,20120125,20250821
286210-99999,BIRSK,RS,+55.417,+055.533,+0186.0,19590101,20250824
286420-99999,BALANDINO,RS,+55.306,+061.503,+0234.4,19320101,20250824
286450-99999,CHELYABINSK-GOROD,RS,+55.150,+061.300,+0237.0,19460311,20250824
286610-99999,KURGAN,RS,+55.467,+065.400,+0074.0,19320101,20250824
286660-99999,MAKUSINO,RS,+55.250,+067.300,+0140.0,19530216,20250824
286760-99999,PETROPAVLOVSK,KZ,+54.775,+069.186,+0140.0,20050101,20250824
286980-99999,OMSK TSENTRALNY,RU,+54.967,+073.311,+0094.8,19320101,20250824
287040-99999,CULPANOVO,RS,+54.500,+050.417,+0078.0,19590101,20250819
287050-99999,CELNO-VERSINY,RS,+54.417,+051.100,+0158.0,19611205,20250824
287110-99999,BUGUL'MA,RS,+54.617,+052.800,+0303.0,19460309,20250824
287190-99999,AKSAKOVO,RS,+54.017,+054.150,+0355.9,19590101,20250824
287220-99999,UFA,RS,+54.558,+055.874,+0136.9,19320101,20250824
287480-99999,TROIZK,RS,+54.083,+061.617,+0192.0,19460312,20250824
287640-99999,PRESNOGORKOVKA,KZ,+54.483,+065.767,+0158.0,19590101,20250824
287660-99999,BLAGOVESHCHENKA,KZ,+54.367,+066.967,+0151.0,19480101,20250824
287751-99999,JAVLENKA,KZ,+54.400,+068.400,+0115.0,20180619,20250824
287854-99999,ABAKAN,RS,+53.740,+091.385,+0253.3,19990114,20250824
287860-99999,POLTAVKA,RS,+54.367,+071.750,+0125.0,19530216,20250824
287970-99999,ODESSKOE,RS,+54.200,+072.967,+0125.0,19480101,20250822
287990-99999,CERLAK,RS,+54.167,+074.800,+0115.0,19480101,20250824
288060-99999,BUGURUSLAN,RS,+53.617,+052.450,+0092.0,19361231,20250824
288250-99999,STERLITAMAK,RS,+53.583,+055.934,+0137.0,19460309,20250824
288380-99999,MAGNITOGORSK,RS,+53.350,+059.083,+0384.0,19351231,20250824
288430-99999,KOMSOMOLEC,KZ,+53.750,+062.033,+0187.0,19590102,20250824
288630-99999,MARYEVKA,KZ,+53.767,+067.383,+0137.0,19600101,20250824
288670-99999,SARYKOL,KZ,+53.317,+065.550,+0216.0,19530216,20250824
288730-99999,KRASNOARMEJSK,KZ,+53.833,+069.783,+0153.0,19530216,20250824
288790-99999,KOKSHETAY,KZ,+53.283,+069.383,+0229.0,19320101,20250824
288841-99999,CHKALOVO,KZ,+53.600,+070.500,+0164.9,20180717,20250824
289000-99999,KURUMOCH,RS,+53.505,+050.164,+0145.4,19460101,20250824
289080-99999,AVANGARD ZERNOSOVHOZ,RS,+52.617,+051.283,+0088.0,19611205,20250824
289160-99999,SARLYK,RS,+52.933,+054.750,+0190.0,19591201,20250824
289480-99999,GEORGIYEVKA,KZ,+52.717,+061.167,+0260.0,19630614,20250824
289520-99999,KOSTANAY,KZ,+53.207,+063.550,+0181.4,19351231,20250824
289660-99999,RUZAEVKA,KZ,+52.817,+066.967,+0227.0,19531101,20250824
289780-99999,BALKASINO,KZ,+52.533,+068.750,+0398.0,19590101,20250824
289840-99999,SUCINSK,KZ,+52.950,+070.217,+0395.0,19530216,20250824
289930-99999,GOLUBOVKA,KZ,+53.150,+074.200,+0126.0,19610915,20250824
290230-99999,NAPAS,RS,+59.850,+081.950,+0076.0,19480101,20250824
290590-99999,ALEKSANDROVSKIJ SHLYUZ,RS,+59.433,+089.283,+0102.2,19591101,20250824
290680-99999,NAZIMOVO,RS,+59.500,+090.928,+0067.0,19590101,20250824
291110-99999,SREDNY VASJUGAN,RS,+59.217,+078.233,+0069.0,19480101,20250824
291220-99999,KARGASOK,RS,+59.050,+080.833,+0057.0,19480101,20250824
291490-99999,STEPANOVKA,RS,+58.633,+086.733,+0105.0,19570702,20250824
292030-99999,NOVYJ VASYUGAN,RS,+58.583,+076.517,+0080.0,19570718,20250824
292090-99999,MAJSK,RS,+57.800,+077.217,+0099.0,19480101,20240214
292310-99999,KOLPASEVO,RS,+58.317,+082.950,+0075.0,19320101,20250824
292530-99999,LOSINOBORSKOE,RS,+58.450,+089.467,+0133.0,19530216,20250824
292630-99999,JENISEJSK,RS,+58.450,+092.150,+0078.0,19320101,20250824
292740-99999,STRELKA,RS,+58.083,+093.000,+0090.0,19590101,20250824
292760-99999,MOTYGINO,RS,+58.183,+094.750,+0161.1,19600103,20250824
292820-99999,BOGUCANY,RS,+58.383,+097.450,+0133.0,19530216,20250824
293130-99999,PUDINO,RS,+57.533,+079.431,+0097.0,19480101,20250824
293280-99999,BAKCHAR,RS,+57.000,+082.067,+0110.0,19480101,20250821
293320-99999,MOLCHANOVO,RS,+57.583,+083.783,+0114.0,19530216,20250824
293480-99999,PERVOMAJSKOE,RS,+57.067,+086.217,+0114.0,19480101,20250824
293630-99999,PIROVSKOE,RS,+57.633,+092.267,+0179.0,19480101,20250824
293670-99999,NOVOBIRILYUSSY,RS,+56.967,+090.683,+0180.6,19530216,20250824
293740-99999,KAZACHINSKOE,RS,+57.683,+093.267,+0092.9,19590101,20250824
293790-99999,TASEEVO,RS,+57.200,+094.550,+0168.0,19870701,20250824
293930-99999,CHERVYANKA,RS,+57.650,+099.533,+0220.5,19530216,20250824
294050-99999,KYSTOVKA,RS,+56.600,+076.567,+0116.0,19480101,20250824
294180-99999,SEVERNOE,RS,+56.350,+078.350,+0126.0,19480101,20250824
294300-99999,TOMSK,RS,+56.500,+084.917,+0139.0,19320101,20250824
294560-99999,TJUHTET,RS,+56.533,+089.317,+0205.0,19530216,20250824
294640-99999,BOL'SOJ ULUJ,RS,+56.650,+090.550,+0231.0,19460131,20250824
294670-99999,ACHINSK,RS,+56.283,+090.517,+0257.2,19530216,20250824
294710-99999,BOL'SHAJA MURTA,RS,+56.900,+093.133,+0180.0,19480101,20250824
294770-99999,SUHOBUZIMSKOE,RS,+56.500,+093.283,+0164.0,19610303,20250824
294810-99999,DZERZHINSKOE,RS,+56.850,+095.217,+0188.0,19480101,20250824
294850-99999,ABAN,RS,+56.683,+096.050,+0244.5,20120328,20250824
295240-99999,KRESCHENKA,RS,+55.850,+080.033,+0129.0,19530216,20250824
295510-99999,MARIINSK,RS,+56.183,+087.683,+0144.0,19530216,20250725
295530-99999,BOGOTOL,RS,+56.217,+089.550,+0290.0,19460102,20250824
295580-99999,GGP KATEK,RS,+55.533,+089.200,+0318.8,20120328,20250824
295610-99999,NAZAROVO,RS,+56.033,+090.317,+0255.9,20120328,20250824
295620-99999,KEMCHUG,RS,+56.100,+091.667,+0332.0,19590101,20250824
295630-99999,KACA,RS,+56.117,+092.200,+0479.0,20051018,20250824
295660-99999,SHUMIHA,RS,+55.933,+092.283,+0274.5,20120328,20250824
295710-99999,MININO,RS,+56.067,+092.733,+0234.6,20120328,20250824
295760-99999,UJAR,RS,+55.817,+094.300,+0375.0,19530216,20250824
295780-99999,SHALINSKOE,RS,+55.717,+093.750,+0399.2,19590101,20250824
295800-99999,SOLYANKA,RS,+56.167,+095.267,+0357.2,20120328,20250824
295810-99999,KANSK,RS,+56.200,+095.633,+0207.0,19320106,20250824
295870-99999,IRBEJSKOE,RS,+55.633,+095.467,+0252.0,19530216,20250824
295940-99999,TAJSHET,RS,+55.950,+098.000,+0307.0,19530906,20250824
296020-99999,CHANY,RS,+55.300,+076.750,+0111.0,19530218,20250824
296050-99999,TATARSK,RS,+55.200,+076.019,+0112.0,19480101,20250824
296120-99999,BARABINSK,RS,+55.333,+078.308,+0120.0,19320102,20250824
296310-99999,KOLYVAN',RS,+55.300,+082.750,+0137.0,19530216,20250824
296340-99999,TOLMACHEVO,RS,+55.013,+082.651,+0111.3,19320101,20250824
296360-99999,TOGUCHIN,RS,+55.233,+084.400,+0173.0,19480101,20250824
296380-99999,NOVOSIBIRSK (OGOURTSOVO),RS,+54.900,+082.950,+0133.0,20040803,20250824
296420-99999,KEMEROVO / ALEXEY LEONOV,RU,+55.270,+086.107,+0263.0,19460101,20250824
296450-99999,KEMEROVO CGMS,RS,+55.250,+086.217,+0148.0,20090225,20250823
296530-99999,UZUR,RS,+55.300,+089.817,+0387.0,19480101,20250824
296540-99999,CENTRAL'NYJ RUDNIK,RS,+55.217,+087.650,+0495.0,19530216,20250824
296620-99999,BALAHTA,RS,+55.383,+091.617,+0321.0,19480101,20250824
296640-99999,SVETLOLYUBOVO,RS,+55.083,+090.850,+0325.3,19590101,20250824
296760-99999,AGINSKOE,RS,+55.250,+094.883,+0337.0,19480101,20250824
296980-99999,NIZNE-UDINSK,RS,+54.883,+099.033,+0410.0,19320104,20250824
297060-99999,KUPINO,RS,+54.367,+077.283,+0115.0,19480101,20250824
297120-99999,ZDVINSK,RS,+54.700,+078.667,+0113.0,19530216,20250824
297240-99999,KOCHKI,RS,+54.333,+080.467,+0160.0,19530216,20250824
297260-99999,ORDYNSKOE,RS,+54.367,+081.883,+0132.0,19480101,20250824
297360-99999,MASLJANINO,RS,+54.333,+084.217,+0198.0,19480101,20250824
297520-99999,NENASTNAYA,RS,+54.750,+088.817,+1183.0,19530302,20250824
297590-99999,KOMMUNAR,RS,+54.333,+089.283,+0847.0,19590101,20250824
297660-99999,IDRINSKOE,RS,+54.367,+092.133,+0282.0,19480101,20250824
297680-99999,LEBYAZH'E,RS,+54.200,+091.583,+0252.8,20120330,20250824
297710-99999,SHCHETINKINO,RS,+55.350,+092.100,+0804.3,20120330,20250824
297720-99999,ARTEMOVSK,RS,+54.367,+093.433,+0479.3,19530216,20250824
297890-99999,VERHNJAJA GUTARA,RS,+54.217,+096.967,+0984.0,19530216,20250824
298020-99999,MIKHAILOVKA,KZ,+53.817,+076.533,+0114.0,19590102,20250824
298070-99999,ERTIS,KZ,+53.350,+075.450,+0094.0,19480101,20250824
298140-99999,KARASUK,RS,+53.733,+078.017,+0115.0,19530216,20250824
298270-99999,BAEVO,RS,+53.267,+080.767,+0122.0,19530218,20250824
298380-99999,BARNAUL / MIKHAYLOVKA,RU,+53.364,+083.539,+0255.1,19320101,20250824
298460-99999,NOVOKUZNETSK / SPICHENKOVO,RU,+53.812,+086.878,+0312.0,19550701,20250824
298640-99999,UYBAT,RS,+53.717,+090.367,+0525.0,19480101,20250824
298660-99999,MINUSINSK,RS,+53.717,+091.700,+0254.5,19320213,20250824
298690-99999,ERMAKOVSKOE,RS,+53.300,+092.417,+0298.0,19480101,20250824
298740-99999,KARATUZSKOE,RS,+53.583,+092.883,+0319.7,20120330,20250824
298760-99999,KAZYR,RS,+53.683,+094.200,+0446.1,19590101,20250824
298920-99999,HADAMA,RS,+53.950,+098.817,+0705.0,19530218,20250824
299060-99999,USPENKA,KZ,+52.917,+077.417,+0112.0,19590801,20250824
299150-99999,SLAVGOROD,RS,+52.967,+078.650,+0126.0,19480101,20250824
299370-99999,ALEJSKAJA,RS,+52.517,+082.767,+0175.0,19480101,20250824
299390-99999,BIJSK ZONAL'NAYA,RS,+52.667,+084.917,+0225.0,19320101,20250824
299560-99999,TASTYP,RS,+52.800,+089.917,+0455.0,19480101,20250824
299740-99999,OLEN' YA RECHKA,RS,+52.800,+093.233,+1398.5,19361231,20250824
299980-99999,ORLIK,RS,+52.500,+099.817,+1376.0,19970101,20250820
300540-99999,VITIM,RS,+59.450,+112.583,+0190.0,19340805,20250824
300740-99999,MACHA,RS,+59.933,+117.600,+0163.8,19590901,20250824
300890-99999,DZHIKIMDA,RS,+59.017,+121.767,+0175.0,19590101,20250824
301270-99999,TOKMA,RS,+58.233,+105.733,+0438.8,19570701,20250824
301570-99999,MAMA,RS,+58.317,+112.867,+0224.0,19530216,20250824
301730-99999,TYANYA,RS,+59.000,+119.800,+0198.5,19590102,20250824
301980-99999,SUON-TIT,RS,+58.067,+123.717,+0416.8,19600108,20250824
302300-99999,KIRENSK,RS,+57.767,+108.067,+0258.0,19320101,20250824
302520-99999,MAMAKAN,RS,+57.817,+114.017,+0249.0,20051229,20250824
303090-99999,BRATSK,RS,+56.371,+101.698,+0490.7,19340202,20250824
303230-99999,UST' KUT,RS,+56.800,+105.800,+0325.7,20120425,20250824
303280-99999,ORLINGA,RS,+56.050,+105.833,+0338.0,19530216,20250824
303370-99999,KAZACHINSK,RS,+56.317,+107.617,+0362.0,19480101,20250824
303720-99999,CHARA,RS,+56.900,+118.267,+0711.0,19480101,20250824
303850-99999,UST'-NJUKZHA,RS,+56.583,+121.483,+0426.0,19530223,20250824
303930-99999,CULMAN/NERIUGRI,RS,+56.833,+124.867,+0859.0,19480101,20250824
304050-99999,TANGUJ,RS,+55.383,+101.033,+0423.0,19480101,20250824
304330-99999,NIZHNEANGARSK,RS,+55.783,+109.550,+0487.0,19480101,20250820
304390-99999,TOMPA,RS,+55.117,+109.750,+0465.0,19530216,20250824
304550-99999,UAKIT,RS,+55.467,+113.617,+1097.0,19480101,20250823
304930-99999,NAGORNYJ,RS,+55.967,+124.883,+0861.0,19361231,20250824
304990-99999,TYNDA,RS,+55.183,+124.667,+0528.0,19530216,20250824
305040-99999,TULUN,RS,+54.600,+100.633,+0522.0,19480101,20250824
305210-99999,ZHIGALOVO,RS,+54.800,+105.167,+0418.0,19480101,20250824
305260-99999,TIRKA,RS,+54.483,+107.067,+0650.8,19550701,20250824
305540-99999,BAGDARIN,RS,+54.483,+113.583,+0995.0,19480101,20250824
306030-99999,ZIMA,RS,+53.933,+102.050,+0458.0,19480101,20250824
306120-99999,BALAGANSK,RS,+54.000,+103.067,+0427.0,19530216,20250824
306220-99999,KACUG,RS,+53.967,+105.900,+0533.0,19480101,20250824
306270-99999,BAJANDAJ,RS,+53.100,+105.533,+0762.0,19480101,20250824
306350-99999,UST'-BARGUZIN,RS,+53.417,+109.017,+0461.0,19530216,20250824
306360-99999,BARGUZIN,RS,+53.617,+109.633,+0489.0,19320106,20250820
306370-99999,UZUR,RS,+53.317,+107.733,+0461.6,19550701,20250824
306500-99999,ROMANOVKA,RS,+53.200,+112.783,+0923.0,19480101,20250821
306640-99999,TUNGOKOCEN,RS,+53.533,+115.617,+0811.0,19480101,20250824
306730-99999,MOGOCHA,RS,+53.750,+119.733,+0625.0,19480101,20250824
306830-99999,EROFEJ PAVLOVIC,RS,+53.967,+121.933,+0522.0,19311231,20250824
306950-99999,DZALINDA,RS,+53.467,+123.900,+0266.0,19530216,20250824
307030-99999,INGA,RS,+52.967,+101.983,+0543.0,19480101,20250824
307100-99999,IRKUTSK,RS,+52.268,+104.389,+0510.5,19320101,20250824
307140-99999,DABADY,RS,+52.100,+102.700,+0755.9,19530315,20240131
307310-99999,GORJACINSK,RS,+52.983,+108.283,+0487.0,19480101,20250824
307330-99999,TAKARKHAY NW,RS,+52.750,+109.000,+1043.0,19591006,20240730
307390-99999,HORINSK,RS,+52.167,+109.783,+0666.1,19480101,20250824
307410-99999,ZAMAKTA,RS,+52.767,+109.967,+1286.0,19480101,20250824
307450-99999,SOSNOVO-OZERSKOE,RS,+52.533,+111.550,+0952.0,19480101,20250820
307580-99999,KADALA,RS,+52.026,+113.306,+0692.5,19320101,20250824
307640-99999,USUGLI,RS,+52.650,+115.167,+0646.0,19480101,20250824
307770-99999,SRETENSK,RS,+52.233,+117.700,+0525.0,19320101,20250824
307810-99999,URJUPINO,RS,+52.750,+120.033,+0370.0,19480108,20250824
308020-99999,MONDY,RS,+51.683,+100.983,+1304.0,19490101,20250820
308150-99999,HAMAR-DABAN,RS,+51.533,+103.600,+1442.0,19530216,20250824
308220-99999,BABUSKIN,RS,+51.717,+105.850,+0467.0,19530216,20250820
308230-99999,MUKHINO,RS,+51.808,+107.438,+0515.1,19480101,20250824
308290-99999,NOVOSELENGINSK,RS,+51.100,+106.650,+0556.0,19480101,20250824
308380-99999,PETROVSKIJ ZAVOD,RS,+51.317,+108.867,+0806.0,19480101,20250824
308440-99999,HILOK,RS,+51.350,+110.467,+0802.0,19480101,20250824
308460-99999,ULETY,RS,+51.350,+112.467,+0743.0,19480101,20250824
308590-99999,AGINSKOE,RS,+51.100,+114.517,+0681.0,19530216,20250824
308620-99999,SHILKA,RS,+51.867,+116.033,+0597.0,19480101,20250824
308790-99999,NERCHINSKIJ ZAVOD,RS,+51.317,+119.617,+0619.0,19340102,20250824
309250-99999,KJAHTA,RS,+50.367,+106.450,+0797.0,19480101,20250824
309350-99999,KRASNYJ CHIKOJ,RS,+50.367,+108.750,+0771.0,19550315,20250824
309490-99999,KYRA,RS,+49.567,+111.967,+0908.0,19480101,20250824
309570-99999,AKSA,RS,+50.267,+113.267,+0732.0,19480101,20250824
309650-99999,BORZYA,RS,+50.400,+116.517,+0676.0,19361231,20250824
309670-99999,SOLOV'EVSK,RS,+49.900,+115.750,+0623.0,19530216,20250824
309750-99999,PRIARGUNSK,RS,+50.333,+119.067,+0521.1,19480105,20250824
310040-99999,ALDAN,RS,+58.617,+125.367,+0679.0,19341013,20250824
310050-99999,TOMMOT,RS,+58.967,+126.267,+0283.5,19340807,20250824
310110-99999,BUJAGA,RS,+59.667,+127.050,+0278.4,19570702,20250824
310160-99999,UGINO,RS,+58.633,+128.500,+0230.6,19590101,20250824
310260-99999,UCHUR,RS,+58.733,+130.617,+0197.4,19590101,20250824
310410-99999,UST'-MIL',RS,+59.633,+133.033,+0179.4,19590101,20250824
310540-99999,UST'-JUDOMA,RS,+59.183,+135.150,+0212.0,19590101,20250824
310620-99999,YUGORENOK,RS,+59.767,+137.667,+0383.7,19590102,20250626
310870-99999,UL' YA,RS,+58.817,+141.850,+0005.0,19590101,20250823
310880-99999,OHOTSK,RS,+59.367,+143.200,+0006.0,19360103,20250824
310960-99999,SPAFAR' EVA (OSTROV),RS,+59.150,+149.033,+0052.0,19630523,20250824
311020-99999,KANKU,RS,+57.650,+125.967,+1204.0,19690101,20240626
311230-99999,CJUL'BJU,RS,+57.767,+130.900,+0255.0,19570701,20250824
311370-99999,TOKO,RS,+56.283,+131.133,+0850.0,19590101,20250824
311520-99999,NEL' KAN,RS,+57.650,+136.150,+0318.0,19480115,20250824
311680-99999,AYAN,RS,+56.450,+138.150,+0008.0,19471231,20250824
311740-99999,BOL'SHOJ SHANTAR,RS,+54.833,+137.533,+0021.0,19590101,20250824
312530-99999,BOMNAK,RS,+54.717,+128.867,+0364.0,19530216,20250824
312850-99999,UDSKOE,RS,+54.500,+134.417,+0062.0,19590118,20250824
312950-99999,MAGDAGACI,RS,+53.467,+125.817,+0370.0,19480106,20250824
313000-99999,ZEJA,RS,+53.700,+127.300,+0229.0,19480101,20250824
313289-99999,IGNATYEVO,RS,+50.425,+127.412,+0194.5,20101203,20250824
313290-99999,EKIMCAN,RS,+53.067,+132.933,+0543.0,19471231,20250824
313480-99999,BURUKAN,RS,+53.050,+136.033,+0153.0,19480116,20250824
313690-99999,NIKOLAEVSK-ON-AMUR,RS,+53.150,+140.700,+0068.0,19311231,20250824
313710-99999,CHERNJAEVO,RS,+52.783,+126.000,+0210.0,19480101,20250824
313880-99999,NORSK,RS,+52.350,+129.917,+0208.0,19471231,20250824
314160-99999,IM POLINY OSIPENKO,RS,+52.417,+136.500,+0073.0,19471231,20250824
314180-99999,VESELAJA GORKA,RS,+52.283,+135.800,+0201.0,19530216,20250824
314390-99999,BOGORODSKOE,RS,+52.383,+140.467,+0035.0,19471231,20250824
314420-99999,SIMANOVSK,RS,+51.983,+127.650,+0281.0,19471231,20250824
314450-99999,SVOBODNYJ,RS,+51.450,+128.117,+0197.0,19471231,20250811
314780-99999,SOFIJSKIJ PRIISK,RS,+52.267,+133.983,+0902.0,19471231,20250824
314840-99999,HULARIN,RS,+51.417,+135.083,+0269.0,19480101,20250824
314890-99999,GORIN,RS,+51.200,+136.800,+0092.0,19531201,20250824
315100-99999,BLAGOVESCENSK,RS,+50.283,+127.483,+0169.2,19311231,20250824
315210-99999,BRATOLJUBOVKA,RS,+50.783,+129.333,+0227.0,19471231,20250824
315270-99999,ZAVITAJA,RS,+50.117,+129.467,+0241.0,19471231,20250824
315320-99999,CEKUNDA,RS,+50.867,+132.250,+0272.0,19451231,20250824
315340-99999,SEKTAGLI,RS,+50.433,+131.017,+0230.0,19471231,20250824
315380-99999,SUTUR,RS,+50.067,+132.133,+0347.0,19531019,20250824
315610-99999,KOMSOMOLSK-NA-AMURE,RS,+50.533,+137.033,+0022.0,19361231,20250820
315830-99999,MALINOVKA,RS,+49.783,+129.917,+0116.0,19531201,20250824
315870-99999,POJARKOVO,RS,+49.617,+128.650,+0115.0,19460204,20250824
315940-99999,ARHARA,RS,+49.417,+130.083,+0135.0,19460104,20250824
316240-99999,URMI,RS,+49.400,+133.233,+0198.0,19480101,20250824
316320-99999,KUR,RS,+49.933,+134.633,+0283.0,19531202,20250824
316550-99999,TROICKOE,RS,+49.450,+136.567,+0029.0,19471231,20250824
316830-99999,TUMNIN,RS,+49.650,+140.083,+0058.0,19590101,20250824
317020-99999,OBLUC'E,RS,+49.000,+131.083,+0257.0,19530216,20250824
317070-99999,EKATERINO-NIKOL'SKOE,RS,+47.733,+130.967,+0073.0,19471231,20250824
317130-99999,BIROBIDZHAN,RS,+48.733,+132.950,+0080.0,19471231,20250824
317250-99999,SMIDOVICH,RS,+48.617,+133.833,+0052.0,19530216,20250824
317330-99999,ELABUGA,RS,+48.817,+135.883,+0058.0,19361231,20250818
317350-99999,KHABAROVSK NOVY,RU,+48.528,+135.188,+0075.0,19311231,20250824
317540-99999,TIVJAKU,RS,+48.600,+137.050,+0403.0,19471231,20250824
317700-99999,SOVETSKAYA GAVAN,RS,+49.000,+140.300,+0023.8,19590130,20250824
318010-99999,GVASJUGI,RS,+47.667,+136.183,+0180.0,19480101,20250815
318250-99999,AGZU,RS,+47.600,+138.400,+0165.0,19471231,20250824
318290-99999,ZOLOTOJ,RS,+47.317,+138.983,+0026.0,19530216,20250411
318320-99999,BIKIN,RS,+46.800,+134.267,+0068.0,19471231,20250824
318450-99999,KRASNYJ JAR,RS,+46.533,+135.317,+0130.0,19530216,20250824
318660-99999,SOSUNOVO,RS,+46.533,+138.333,+0004.0,19530216,20250824
318730-99999,DAL'NERECHENSK,RS,+45.867,+133.733,+0101.0,19471231,20250824
318780-99999,KIROVSKIJ,RS,+45.100,+133.500,+0097.7,19530216,20250824
319090-99999,TERNEJ,RS,+45.000,+136.600,+0068.0,19530216,20250824
319150-99999,POGRANICHNYJ,RS,+44.400,+131.383,+0211.0,19471231,20250824
319210-99999,ASTRAHANKA,RS,+44.717,+132.067,+0078.0,19530216,20250824
319590-99999,RUDNAJA PRISTAN',RS,+44.367,+135.850,+0034.0,19530216,20250824
319600-99999,VLADIVOSTOK,RS,+43.117,+131.933,+0183.0,19311231,20250824
319610-99999,TIMIRYAZEVSKIJ,RS,+43.883,+131.967,+0037.0,19590718,20250824
319690-99999,POS'ET,RS,+42.650,+130.800,+0035.0,19560101,20250824
319741-99999,KNEVICHI,RS,+43.399,+132.148,+0014.0,20050101,20250824
319810-99999,ANUCINO,RS,+43.967,+133.067,+0188.0,19530216,20250824
319811-99999,ALYKEL,RS,+69.311,+087.332,+0175.0,20040706,20250824
319870-99999,PARTIZANSK,RS,+43.150,+133.017,+0208.0,19530216,20250824
319890-99999,PREOBRAZHENIE,RS,+42.900,+133.900,+0043.0,19480101,20250824
319940-99999,BEREZNJAKI,RS,+43.583,+134.167,+0509.0,19530216,20250122
319950-99999,SHCHERBAKOVKA,RS,+43.567,+134.633,+0149.0,19880301,20250121
320100-99999,OHA,RS,+53.500,+142.900,+0038.0,19361231,20250824
320270-99999,POGIBI,RS,+52.217,+141.633,+0006.0,19530216,20250824
320430-99999,OLENEVOD NORTHEAST,RS,+51.833,+142.333,+0147.0,19550305,20240608
320530-99999,NOGLIKI,RS,+51.917,+143.133,+0034.0,19471231,20250824
320610-99999,ALEKSANDROVSK-SAHALINSKIJ,RS,+50.900,+142.167,+0031.0,19311231,20250824
320690-99999,PIL'VO,RS,+50.050,+142.167,+0004.0,19530216,20250824
320760-99999,POGRANICHNOE,RS,+50.400,+143.767,+0008.0,19471231,20250824
320980-99999,PORONAJSK,RS,+49.217,+143.100,+0008.0,19530216,20250824
320990-99999,MYS TERPENIYA,RS,+48.650,+144.733,+0006.0,19480103,20250824
321210-99999,ILYINSKIY,RS,+47.983,+142.200,+0018.0,19530216,20250824
321500-99999,KHOMUTOVO,RS,+46.889,+142.718,+0018.0,19530216,20250824
321650-99999,JUZHNO-KURIL'SK,RS,+44.017,+145.867,+0049.0,19530216,20250824
322130-99999,MYS LOPATKA,RS,+50.867,+156.683,+0047.0,19460101,20250824
322150-99999,SEVERO-KURIL'SK,RS,+50.683,+156.133,+0023.0,19480102,20250824
322520-99999,UST'-VOYAMPOLKA,RS,+58.500,+159.167,+0007.0,19550501,20250824
322870-99999,UST'- HAJRJUZOVO,RS,+57.083,+156.700,+0008.0,19550501,20250824
323330-99999,OZERNOY (MYS),RS,+57.650,+163.233,+0009.1,19550501,20250824
323890-99999,KLJUCHI,RS,+56.317,+160.833,+0029.0,19530216,20250824
324080-99999,UST'-KAMCHATSK,RS,+56.217,+162.717,+0027.0,19480101,20250824
324110-99999,ICA,RS,+55.583,+155.583,+0006.0,19550503,20250824
324770-99999,SOBOLEVO,RS,+54.300,+155.933,+0014.0,19550501,20250824
324960-99999,MILKOVO,RS,+54.717,+158.717,+0125.0,19550501,20240321
325090-99999,SEMYACHIK,RS,+54.117,+159.983,+0027.0,19460402,20250824
325400-99999,YELIZOVO,RS,+53.168,+158.454,+0039.9,19320101,20250824
325590-99999,CAPE SHIPUNSKIY,RS,+53.100,+160.033,+0088.0,19550501,20240303
325620-99999,BOL'SHERETZK,RS,+52.833,+156.300,+0030.0,19530216,20250824
325830-99999,PETROPAVLOVSK-KAMCHATSKIJ,RS,+52.867,+158.650,+0024.0,19460403,20250824
325940-99999,OZERNAJA,RS,+51.483,+156.483,+0028.0,19530216,20250824
326180-99999,OSTROV BERINGA,RS,+55.200,+165.983,+0018.0,19320801,20250824
330005-99999,IVANO FRANKIVSK,UP,+48.883,+024.683,+0287.0,20040510,20250824
330080-99999,BREST,BO,+52.108,+023.898,+0142.6,19310110,20250824
330190-99999,PINSK,BO,+52.117,+026.117,+0142.0,19290802,20250824
330270-99999,ZHITCKOVICHI,BO,+52.217,+027.867,+0137.0,19460403,20250824
330360-99999,MOZYR,BO,+52.036,+029.167,+0190.0,19590101,20250824
330380-99999,VASILEVICHI,BO,+52.250,+029.833,+0142.0,19320101,20250824
330410-99999,GOMEL / HOMIEL,BY,+52.527,+031.017,+0143.9,19550101,20250824
330880-99999,SARNY,UP,+51.283,+026.617,+0156.0,19480101,20250824
331240-99999,BRAGIN,BO,+51.817,+030.248,+0116.0,19610203,20250824
331350-99999,CHERNIHIV,UP,+51.467,+031.250,+0141.0,19460102,20250824
331770-99999,VOLODYMYR-VOLYNS'KYI,UP,+50.833,+024.317,+0194.0,19590101,20250824
332610-99999,KONOTOP,UP,+51.233,+033.200,+0149.0,19361231,20250824
332750-99999,SUMY,UP,+50.850,+034.667,+0181.0,19460307,20250824
333010-99999,RIVNE INTL,UP,+50.607,+026.142,+0230.1,19590101,20250824
333170-99999,SHEPETIVKA,UP,+50.167,+027.033,+0278.0,19361231,20250824
333250-99999,ZHYTOMYR,UP,+50.233,+028.733,+0224.0,19480102,20250824
333450-99999,ZHULIANY INTL,UP,+50.402,+030.451,+0178.6,19320101,20250824
333770-99999,LUBNY,UP,+50.000,+033.017,+0158.0,19460101,20250824
333930-99999,LVIV INTL,UP,+49.813,+023.956,+0326.4,19280102,20250824
334150-99999,TERNOPIL',UP,+49.533,+025.667,+0329.0,19340329,20250824
334290-99999,KHMEL'NYTS'KYI,UP,+49.433,+026.983,+0350.0,19550101,20250824
334660-99999,MYRONIVKA,UP,+49.667,+031.000,+0153.0,19480101,20250824
335060-99999,POLTAVA,UP,+49.600,+034.550,+0160.0,19361231,20250824
335620-99999,VINNYTSIA,UP,+49.233,+028.600,+0298.0,19460403,20250824
335870-99999,UMAN',UP,+48.767,+030.233,+0216.0,19320101,20250824
336140-99999,SVITLOVODS'K,UP,+49.050,+033.250,+0084.0,19950315,20250824
336310-99999,UZHHOROD,UP,+48.633,+022.267,+0124.0,19550101,20250824
336580-99999,CHERNIVTSI,UP,+48.367,+025.900,+0246.0,19360101,20250824
336630-99999,MOHYLIV-PODIL'S'KYI,UP,+48.450,+027.783,+0078.0,19590101,20250824
336640-99999,BRICENI,MD,+48.350,+027.083,+0261.0,19590101,20250824
336780-99999,SOROCA,MD,+48.200,+028.300,+0173.0,19550101,20250824
336790-99999,CAMENCA,MD,+48.033,+028.700,+0154.0,19620209,20250824
337110-99999,KIROVOHRAD,UP,+48.517,+032.200,+0171.0,19361231,20250824
337175-99999,MARCULESTI INTL,MD,+47.867,+028.217,+0095.1,20100214,20250813
337440-99999,FALESTI,MD,+47.583,+027.700,+0162.0,20070809,20250824
337450-99999,BALTI,MD,+47.783,+027.950,+0102.0,19480101,20250824
337480-99999,CORNESTI,MD,+47.333,+028.083,+0232.0,19590101,20250824
337490-99999,BRAVICEA,MD,+47.367,+028.433,+0078.0,20070809,20250824
337540-99999,RIBNITA,MD,+47.767,+029.017,+0119.0,19590101,20250824
337610-99999,LIUBASHIVKA,UP,+47.850,+030.267,+0183.0,19480401,20250824
337910-99999,KRYVYI RIH,UP,+48.033,+033.217,+0124.0,19480101,20250824
338100-99999,CODRII,MD,+47.117,+028.367,+0157.0,20060819,20250722
338150-99999,CHISINAU,MD,+47.017,+028.983,+0173.0,19360101,20250824
338210-99999,DUBASARI,MD,+47.283,+029.133,+0040.0,20070809,20250824
338240-99999,BALTATA,MD,+47.050,+029.033,+0079.0,20060819,20240716
338290-99999,TIRASPOL,MD,+46.900,+029.600,+0040.0,20070809,20250824
338370-99999,ODESA INTL,UP,+46.427,+030.676,+0052.4,19320101,20250824
338387-99999,CHISINAU INTL,MD,+46.928,+028.931,+0121.6,19990114,20250824
338810-99999,LEOVA,MD,+46.483,+028.283,+0156.0,19590101,20250824
338830-99999,KOMRAT,MD,+46.300,+028.633,+0133.0,19590101,20250824
338850-99999,CAHUL,MD,+45.883,+028.233,+0113.0,19590101,20250824
338860-99999,CEADIR-LUNGA,MD,+46.100,+028.900,+0180.0,20070809,20250824
338920-99999,STEFAN-VODA,MD,+46.517,+029.483,+0173.0,19840106,20250824
339020-99999,KHERSON,UP,+46.633,+032.567,+0054.0,19320101,20250824
339240-99999,CHORNOMORS'KE,UP,+45.517,+032.700,+0010.0,19361231,20250824
339290-99999,YEVPATORIIA,UP,+45.183,+033.367,+0006.0,19590101,20250813
339390-99999,KLEPYNINE,UP,+45.650,+034.200,+0037.0,19890701,20250813
339450-99999,POSHTOVE,UP,+44.833,+033.950,+0176.0,19831210,20250813
339460-99999,SIMFEROPOL',UP,+44.683,+034.133,+0181.0,19360101,20250824
339590-99999,ALUSHTA,UP,+44.683,+034.433,+0007.0,19590101,20250813
339620-99999,NYZHNIOHIRS'K,UP,+45.450,+034.733,+0020.0,19590101,20250813
339660-99999,KRYMS'KA,UP,+45.050,+034.600,+0205.0,19590101,20250813
339760-99999,FEODOSIIA,UP,+45.033,+035.383,+0026.0,19320103,20250813
339830-99999,KERCH,UP,+45.400,+036.417,+0049.0,19320101,20250824
339900-99999,YALTA,UP,+44.483,+034.167,+0072.0,19480102,20250813
339980-99999,AI-PETRI,UP,+44.433,+034.083,+1180.0,20150327,20250824
340030-99999,PONYRI,RS,+52.317,+036.300,+0251.0,19590101,20250824
340090-99999,KURSK,RS,+51.767,+036.167,+0247.0,19320101,20250824
340130-99999,LIVNY,RS,+52.433,+037.600,+0179.0,19590101,20250824
340360-99999,LENIN SOVKHOZ,RS,+52.250,+040.667,+0160.0,19600103,20250824
340470-99999,ZERDEVKA,RS,+51.833,+041.483,+0147.0,19320101,20250824
340490-99999,MUCHKAPSKIY SW,RS,+51.850,+042.467,+0108.0,19590101,20250331
340560-99999,RTISCEVO,RS,+52.250,+043.783,+0213.0,19590101,20250710
340630-99999,PETROVSK,RS,+52.283,+045.400,+0199.0,19620603,20250309
340690-99999,ATKARSK,RS,+51.867,+045.033,+0206.0,19590101,20250309
340720-99999,KARABULAK,RS,+52.333,+046.367,+0302.0,19620601,20250710
340830-99999,HVALYNSK,RS,+52.500,+048.083,+0088.0,19620813,20250710
340980-99999,PUGACEV,RS,+52.033,+048.833,+0038.0,19480101,20250814
341090-99999,OBOJAN',RS,+51.200,+036.317,+0192.0,19910907,20250824
341100-99999,BOGORODITSKOE-FENINO,RS,+51.167,+037.350,+0226.0,20090128,20250824
341220-99999,CHERTOVITSKOYE,RS,+51.814,+039.230,+0156.7,19320101,20250824
341230-99999,VORONEZ,RS,+51.700,+039.217,+0149.0,19940802,20250824
341390-99999,KAMENNAJA STEP',RS,+51.050,+040.700,+0194.0,20120731,20250824
341460-99999,BORISOGLEBSK,RS,+51.367,+042.083,+0106.0,19600129,20250824
341520-99999,BALASHOV,RS,+51.550,+043.150,+0159.0,19320101,20250824
341630-99999,OKTJABR'SKIJ GORODOK,RS,+51.633,+045.450,+0201.0,20070226,20250815
341640-99999,KALININSK,RS,+51.500,+044.500,+0229.0,19740820,20241129
341710-99999,GAGARIN,RS,+51.713,+046.171,+0031.4,20110331,20250824
341720-99999,TSENTRALNY,RS,+51.565,+046.047,+0152.1,19320101,20250813
341860-99999,ERSHOV,RS,+51.367,+048.300,+0111.0,19570701,20250817
341990-99999,OZINKI,RS,+51.200,+049.733,+0104.0,19591006,20250813
342020-99999,GOTNJA,RS,+50.800,+035.767,+0226.0,19590101,20250824
342130-99999,NOVYJ OSKOL,RS,+50.750,+037.867,+0140.0,19590101,20250823
342310-99999,LISKI,RS,+51.000,+039.500,+0115.0,19590103,20250824
342380-99999,ANNA,RS,+51.483,+040.417,+0154.0,19590101,20250824
342400-99999,URJUPINSK,RS,+50.800,+042.000,+0110.0,19530216,20250724
342470-99999,KALAC,RS,+50.417,+041.050,+0092.0,19600101,20250813
342530-99999,ELAN',RS,+50.950,+043.733,+0132.0,20120731,20250724
342540-99999,NOVOANNENSKIJ,RS,+50.533,+042.683,+0098.0,19610805,20250819
342620-99999,RUDNYA,RS,+50.833,+044.567,+0114.0,19590103,20250720
342670-99999,DANILOVKA,RS,+50.367,+044.117,+0102.0,19600401,20250710
342730-99999,KRASNYJ KUT,RS,+50.950,+046.967,+0050.0,19620803,20250710
342890-99999,NOVOUZENSK,RS,+50.483,+048.133,+0032.0,19740821,20241029
343000-99999,OSNOVA INTL,UP,+49.925,+036.290,+0154.8,19320101,20250824
343210-99999,VALUJKI,RS,+50.217,+038.100,+0112.0,19480501,20250824
343360-99999,BOGUCAR,RS,+49.933,+040.567,+0084.0,19361231,20250824
343440-99999,KAZANSKAJA,RS,+49.800,+041.150,+0072.0,19610907,20250803
343560-99999,FROLOVO,RS,+49.800,+043.667,+0119.0,19610802,20250724
343570-99999,SERAFIMOVIC,RS,+49.567,+042.750,+0200.0,19460403,20250720
343630-99999,KAMYSIN,RS,+50.067,+045.367,+0119.0,19320101,20250725
343730-99999,PALLASOVKA,RS,+50.050,+046.883,+0037.0,19610802,20250822
343910-99999,ALEKSANDROV-GAJ,RS,+50.150,+048.550,+0025.0,19320101,20250824
343940-99999,DZHAMBALA SOUTH,KZ,+49.783,+048.533,+0013.0,19630301,20250824
343980-99999,ZHALPAKTAL,KZ,+49.667,+049.483,+0010.0,19590101,20250824
344150-99999,IZIUM,UP,+49.183,+037.300,+0078.0,19320101,20250824
344320-99999,CERTKOVO,RS,+49.383,+040.167,+0145.0,19590101,20250416
344380-99999,MILLEROVO,RS,+48.933,+040.383,+0155.0,19480505,20250823
344450-99999,BOKOVSKAJA,RS,+49.217,+041.833,+0091.0,19610805,20250823
344610-99999,ILOVLJA,RS,+49.300,+044.000,+0044.4,19611101,20250804
344731-99999,JANIBEK,KZ,+49.400,+046.800,+0028.0,20180625,20250824
344760-99999,EL'TON,RS,+49.133,+046.850,+0006.0,19600101,20250823
345040-99999,DNIPROPETROVS'K,UP,+48.600,+034.967,+0143.0,19320101,20250824
345230-99999,LUHANS'K,UP,+48.567,+039.250,+0062.0,19320101,20250425
345350-99999,KAMENSK-SAHTINSKIJ,RS,+48.300,+040.300,+0051.0,19590630,20250823
345370-99999,DAR'IVKA,UP,+48.083,+039.500,+0302.0,19590101,20250509
345390-99999,BELAJA KALITVA,RS,+48.167,+040.817,+0155.0,19730101,20250328
345450-99999,MOROZOVSK,RS,+48.350,+041.867,+0090.0,19470502,20250824
345550-99999,NIZHNY-CHIR,RS,+48.333,+043.117,+0068.0,19590101,20250822
345600-99999,GUMRAK,RS,+48.783,+044.346,+0146.9,19320101,20250824
345780-99999,CERNYJ JAR,RS,+48.067,+046.117,+0005.0,19610901,20250813
345790-99999,VERHNIJ BASKUNCHAK,RS,+48.217,+046.733,+0034.0,19361231,20250819
345810-99999,URDA,KZ,+48.774,+047.418,+0005.0,19590101,20250824
346150-99999,VOLNOVAKHA,UP,+47.617,+037.350,+0267.0,19590101,20250822
346250-99999,MATVEEV KURGAN,RS,+47.567,+038.883,+0043.0,19590101,20250417
346350-99999,SAHTY,RS,+47.700,+040.267,+0118.0,19610907,20250322
346440-99999,KONSTANTINOVSK,RS,+47.583,+041.100,+0066.0,19590101,20250812
346460-99999,CIMLJANSK,RS,+47.633,+042.117,+0065.0,19590101,20250721
346550-99999,KOTEL'NIKOVO,RS,+47.633,+043.150,+0049.0,19320102,20250822
346620-99999,MALYE DERBETY,RS,+47.933,+044.700,+0009.0,19600101,20250822
346910-99999,NOVYJ USHTOGAN,KZ,+47.900,+048.800,-0010.0,19590101,20250824
347200-99999,TAGANROG,RS,+47.200,+038.900,+0032.0,19590101,20250814
347250-99999,MARGARITOVKA,RS,+46.933,+038.867,+0011.0,19610907,20250401
347270-99999,EJSK,RS,+46.800,+038.267,+0003.0,19320102,20250710
347350-99999,ZERNOGRAD,RS,+46.800,+040.317,+0085.0,19610907,20250328
347370-99999,KUSCEVSKAJA,RS,+46.533,+039.617,+0022.0,19590101,20250824
347400-99999,GIGANT,RS,+46.517,+041.350,+0079.0,20090325,20250822
347430-99999,ZIMOVNIKI,RS,+47.150,+042.483,+0072.0,19590101,20250824
347590-99999,REMONTNOE,RS,+46.567,+043.667,+0106.0,19480101,20250824
347720-99999,YUSTA,RS,+47.133,+046.317,+0002.6,19600104,20250824
347850-99999,DOSANG,RS,+46.917,+047.933,-0019.0,19590101,20250818
347980-99999,GANJUSHKINO,KZ,+46.600,+049.267,-0023.0,19590101,20250824
348240-99999,PRIMORSKO-AHTARSK,RS,+46.033,+038.150,+0005.0,19480102,20250823
348250-99999,KANEVSKAJA,RS,+46.067,+038.967,+0017.0,19610907,20250416
348380-99999,TIHORECK,RS,+45.850,+040.083,+0078.0,19550101,20250824
348450-99999,GORODOVIKOVSK,RS,+46.067,+041.967,+0086.0,19590101,20250803
348580-99999,DIVNOE,RS,+45.917,+043.350,+0087.0,19351231,20250824
348610-99999,ELISTA,RS,+46.367,+044.333,+0152.7,19590101,20250824
348660-99999,YASHKUL',RS,+46.183,+045.350,-0007.0,19361231,20250814
348680-99999,IKI-BURUL,RS,+45.800,+044.633,+0113.0,20120926,20250824
348710-99999,UTTA,RS,+46.367,+046.017,-0007.1,19611103,20250824
348800-99999,ASTRAHAN',RS,+46.283,+047.983,-0021.6,19320101,20250816
348870-99999,LIMAN,RS,+45.800,+047.217,-0018.0,19610905,20250824
349150-99999,KUBANSKAYA (TEMRYUK),RS,+45.317,+037.383,+0002.0,19590903,20250322
349170-99999,TAMAN' (BAY),RS,+45.233,+036.750,+0005.0,19590719,20250621
349220-99999,TIMASEVSKAJA,RS,+45.633,+038.933,+0022.0,19590101,20250722
349240-99999,SLAVJANSK-NA-KUBANI,RS,+45.283,+038.117,+0009.0,19590101,20250821
349290-99999,KRASNODAR,RS,+45.033,+039.150,+0034.0,19320101,20250824
349360-99999,KROPOTKIN,RS,+45.433,+040.567,+0106.0,19590104,20250821
349370-99999,UST-LABINSK,RS,+45.217,+039.683,+0090.0,19610905,20250328
349490-99999,SHPAKOVSKOYE,RS,+45.109,+042.113,+0452.9,19590101,20250824
349540-99999,SVETLOGRAD,RS,+45.350,+042.850,+0140.0,19361231,20250821
349580-99999,BLAGODARNYJ,RS,+45.100,+043.450,+0162.0,19610814,20250821
349640-99999,ARZGIR,RS,+45.400,+044.200,+0076.0,19590101,20250629
349750-99999,KOMSOMOL'SKIJ,RS,+45.350,+046.033,-0001.7,19610912,20250824
349840-99999,LAGAN',RS,+45.400,+047.350,-0024.0,20120731,20250824
350010-99999,BOL'SAJA GLUSCICA,RS,+52.383,+050.467,+0064.0,19611208,20250805
350070-99999,PERELJUB,RS,+51.867,+050.333,+0071.0,19611001,20250407
350110-99999,SOROCHINSK,RS,+52.433,+053.133,+0123.0,19591004,20250815
350260-99999,ZILAIR,RS,+52.217,+057.452,+0521.0,19530216,20250824
350370-99999,AK'JAR,RS,+51.867,+058.183,+0341.0,19590101,20250824
350675-99999,UST KAMENOGORSK,KZ,+50.037,+082.494,+0286.2,20070822,20250824
350780-99999,ATBASAR,KZ,+51.817,+068.367,+0304.0,19480101,20250824
350850-99999,AKKOL',KZ,+52.000,+070.950,+0384.0,19590101,20250824
350920-99999,BESTOBE,KZ,+52.500,+073.100,+0168.0,20131128,20250824
351060-99999,SHARAKKOP,KZ,+51.400,+051.950,+0038.0,19600129,20250824
351070-99999,KAMEMKA,KZ,+51.117,+050.317,+0072.0,19590110,20250824
351080-99999,URALSK,KZ,+51.151,+051.543,+0038.1,19320102,20250824
351171-99999,AKSAI,KZ,+51.160,+052.998,+0062.8,20191113,20250824
351180-99999,CINGIRLAU,KZ,+51.033,+054.100,+0105.0,19590101,20250824
351210-99999,ORENBURG,RS,+51.796,+055.457,+0118.0,19320101,20250824
351270-99999,AK-BULAK,RS,+51.017,+055.633,+0144.0,19611212,20250824
351380-99999,ORSK,RS,+51.067,+058.600,+0285.0,19611204,20250824
351670-99999,DERZHAVINSK,KZ,+51.083,+066.300,+0243.0,20131128,20250824
351730-99999,ZHALTYR,KZ,+51.617,+069.800,+0305.0,19590101,20250824
351880-99999,ASTANA INTL,KZ,+51.022,+071.467,+0355.1,19320101,20250824
352170-99999,DZHAMBEJTY,KZ,+50.250,+052.567,+0032.0,19480101,20250824
352290-99999,AKTYUBINSK / AKTOBE,KZ,+50.246,+057.207,+0224.9,19320101,20250824
352340-99999,KOS-ISTEK,KZ,+50.733,+057.900,+0340.0,19590628,20250824
352350-99999,STEPNOE,KZ,+50.717,+058.667,+0243.0,20131128,20250824
352830-99999,VISHNEVKA,KZ,+50.833,+072.183,+0411.0,19810101,20250824
352840-99999,ARYKTY,KZ,+50.633,+070.550,+0320.0,19810101,20250824
353020-99999,CHAPAEVO,KZ,+50.200,+051.167,+0017.0,19590101,20250824
353150-99999,KARATYUBINSKIY,KZ,+49.517,+053.517,+0080.0,19600415,20250824
353250-99999,LLINKA,KZ,+49.933,+056.400,+0188.0,19610321,20250824
353340-99999,TOKMANSAY,KZ,+49.800,+057.983,+0368.0,20131128,20250824
353440-99999,KARABUTAK,KZ,+49.950,+060.133,+0229.0,19590110,20250824
353570-99999,BARSHINO,KZ,+49.683,+069.517,+0349.0,20081201,20250824
353580-99999,TORGAI,KZ,+49.635,+063.482,+0132.8,19320101,20250824
353610-99999,AMANGELDY,KZ,+50.133,+065.233,+0142.0,19530216,20250824
353630-99999,ARKALYK,KZ,+50.217,+066.833,+0343.0,19690102,20250824
353940-99999,KARAGANDA,KZ,+49.671,+073.334,+0538.0,19480101,20250824
353942-99999,ASTRAKHAN,RS,+46.283,+048.006,-0020.1,20040510,20250824
353946-99999,ZVARTNOTS,AM,+40.147,+044.396,+0865.0,20040706,20250824
353948-99999,SHIRAK GEORGIA / GYUMRI,GE,+40.750,+043.850,+1524.0,20040803,20250824
354060-99999,TAIPAK,KZ,+49.050,+051.867,+0002.0,19361231,20250824
354160-99999,UIL,KZ,+49.067,+054.683,+0128.0,19320401,20250824
354260-99999,TEMIR,KZ,+49.150,+057.117,+0234.0,19480103,20250824
354370-99999,EMBA,KZ,+48.817,+058.217,+0230.0,19340114,20250824
354490-99999,NURA,KZ,+48.833,+062.100,+0082.0,19590101,20250721
354750-99999,SHUBARKUL,KZ,+49.017,+068.667,+0490.0,20131128,20250824
354970-99999,ZHARYK,KZ,+48.850,+072.867,+0656.0,19530216,20250824
354980-99999,AKSU-AYULY,KZ,+48.783,+073.667,+0724.0,20010927,20250824
355220-99999,KARAUL KEL'DY,KZ,+48.733,+056.033,+0186.0,19530216,20250824
355320-99999,MUGODZARSKAJA,KZ,+48.633,+058.500,+0398.0,19570701,20240722
355630-99999,ULYTAU,KZ,+48.583,+067.083,+0632.0,19590201,20250824
355760-99999,KZYLZHAR,KZ,+48.300,+069.650,+0361.1,19550301,20250824
356150-99999,MAKAT,KZ,+47.633,+053.317,-0022.0,20131128,20250824
356620-99999,KARSAKBAY,KZ,+47.833,+066.733,+0488.0,20131128,20250824
356710-99999,ZHEZKAZGAN,KZ,+47.800,+067.717,+0346.0,19480102,20250824
356870-99999,KARAZHAL,KZ,+47.998,+070.771,+0458.0,19590101,20250824
356990-99999,BEKTAUATA,KZ,+47.450,+074.817,+0620.0,19530217,20250824
357000-99999,ATYRAU,KZ,+47.117,+051.917,-0022.0,19320101,20250824
357010-99999,ISATAI,KZ,+47.217,+050.983,-0027.0,20131128,20250824
357050-99999,APPROXIMATE LOCALE,KZ,+46.867,+051.250,+0000.0,19591101,20240911
357460-99999,ARALSK,KZ,+46.783,+061.667,+0056.0,19480101,20250824
357930-99999,MOIYNTY,KZ,+47.217,+073.350,+0582.0,20131128,20250824
357960-99999,BALHASH,KZ,+46.800,+075.083,+0350.0,19480101,20250824
358160-99999,OPORNY,KZ,+46.233,+054.483,-0016.0,19810101,20240911
358490-99999,KAZALY,KZ,+45.767,+062.117,+0068.0,19340201,20250824
358950-99999,KOKTAS,KZ,+46.033,+073.533,+0344.0,19730922,20250824
359250-99999,SAM,KZ,+45.400,+056.117,+0088.0,19570701,20250824
359270-99999,BEJNEU,KZ,+45.250,+055.083,+0074.0,19590102,20250824
359530-99999,ZHOSALY,KZ,+45.500,+064.083,+0103.0,19480102,20250824
359690-99999,ZLIKHA,KZ,+45.250,+067.067,+0138.0,19530216,20250824
360030-99999,PAVLODAR,KZ,+52.195,+077.074,+0125.0,19320102,20250824
360120-99999,SCERBAKTY,KZ,+52.350,+078.333,+0149.0,19590102,20250824
360150-99999,LEBJAZJE,KZ,+51.483,+077.767,+0144.0,19740319,20250824
360210-99999,KLJUCI,RS,+52.250,+079.183,+0142.0,19530216,20250824
360220-99999,VOLCIHA,RS,+52.017,+080.367,+0208.0,19530216,20250824
360260-99999,NOVONIKALAEVKA,KZ,+51.067,+079.417,+0258.0,20131128,20250824
360340-99999,RUBCOVSK,RS,+51.576,+081.217,+0219.0,19480101,20250824
360380-99999,ZMEINOGORSK,RS,+51.150,+082.200,+0355.0,19530216,20250824
360580-99999,CEMAL,RS,+51.433,+086.000,+0420.0,19530216,20250824
360610-99999,TUROCAK,RS,+52.250,+087.117,+0326.0,19480101,20250824
360640-99999,YAJLJU,RS,+51.767,+087.600,+0480.0,19610215,20250824
360780-99999,TELI,RS,+51.017,+090.217,+0983.1,19600213,20250824
360830-99999,UST'-USA,RS,+52.050,+092.167,+0576.9,19530216,20250824
360900-99999,HOVU-AKSY,RS,+51.133,+093.683,+1043.0,19820101,20250824
360910-99999,NIZHNE-USINSKOE,RS,+52.250,+093.017,+0662.1,19590101,20250824
360920-99999,TURAN,RS,+52.150,+093.917,+0852.4,19590101,20250824
360960-99999,KYZYL,RS,+51.717,+094.500,+0628.0,19570731,20250824
361030-99999,TOORA-HEM,RS,+52.467,+096.100,+0920.0,19570722,20250824
361040-99999,SARYG-SEP,RS,+51.483,+095.583,+0705.8,19570722,20250824
361260-99999,BAJANAUL,KZ,+50.800,+075.700,+0504.0,19570710,20250824
361520-99999,SEMIJARKA,KZ,+50.867,+078.350,+0149.0,19480101,20250824
361770-99999,SEMIPALATINSK,KZ,+50.417,+080.300,+0196.0,19320101,20250824
361970-99999,TAVRIA,KZ,+50.167,+082.033,+0270.0,20131128,20250824
362080-99999,LENINOGORSK,KZ,+50.333,+083.550,+0811.0,19590102,20250824
362290-99999,UST'- KOKSA,RS,+50.283,+085.617,+0978.0,19600112,20250824
362590-99999,KOSH-AGACH,RS,+50.017,+088.683,+1759.0,19570706,20250801
362780-99999,MUGUR-AKSY,RS,+50.383,+090.433,+1850.0,19631005,20250824
363070-99999,ERZIN,RS,+50.250,+095.167,+1100.0,19590101,20250824
363410-99999,EGINDYBULAK,KZ,+49.783,+076.383,+0776.0,20131128,20250824
363920-99999,BORODINE,KZ,+49.967,+081.467,+0371.0,19610326,20250824
363940-99999,CARSKAJA,KZ,+49.583,+081.050,+0334.0,19530218,20250824
363970-99999,ZHANGIZTOBE,KZ,+49.217,+081.217,+0455.0,19480101,20250824
364180-99999,SAMARSKOE,KZ,+49.033,+083.383,+0524.0,19590115,20250824
364210-99999,ZYRJANOVSK,KZ,+49.750,+084.283,+0492.0,19590102,20250824
364280-99999,ULKEN NARYN,KZ,+49.200,+084.517,+0401.0,19530216,20250824
364390-99999,KATON-KARAGAJ,KZ,+49.183,+085.617,+1081.0,19570701,20250824
364980-99999,BARSHATAS,KZ,+48.167,+078.417,+0643.0,19590101,20250824
365010-99999,KARAUL,KZ,+49.000,+079.333,+0618.0,19610313,20250824
365350-99999,KOKPEKTY,KZ,+48.750,+082.367,+0512.0,19480101,20250824
366190-99999,ZUZ-AGAC,KZ,+47.083,+079.717,+0422.0,19600529,20250824
366390-99999,URZHAR,KZ,+47.117,+081.617,+0491.0,19530216,20250824
366430-99999,AKSUAT,KZ,+47.800,+082.833,+0548.0,19590110,20250824
366650-99999,ZAJSAN,KZ,+47.467,+084.917,+0603.0,19480101,20250824
367290-99999,UC-ARAL,KZ,+46.167,+080.933,+0397.0,19530216,20250824
367360-99999,BAHTY,KZ,+46.650,+082.750,+0441.0,19480101,20250824
367730-99999,MATAI,KZ,+45.900,+078.711,+0409.6,19590102,20250824
367770-99999,KARATAL E,KZ,+45.333,+078.017,+0443.0,19590101,20250824
367850-99999,ZHANSUGUROV,KZ,+45.383,+079.500,+0628.0,20131128,20250824
367860-99999,SARKAND,KZ,+45.417,+079.900,+1113.0,19590101,20250824
367960-99999,LEPSINSK,KZ,+45.883,+080.917,+1189.0,19790401,20250824
368060-99999,DRUZBA,KZ,+45.300,+082.483,+0394.0,19590102,20250824
368190-99999,AYDARLI,KZ,+44.133,+075.850,+0499.0,19590101,20250824
368210-99999,BAKANAS,KZ,+44.833,+076.267,+0396.0,19590114,20250824
368215-99999,KOKSHETAU AIRPORT,KZ,+53.320,+069.600,+0263.0,20050724,20250824
368390-99999,SARYOZEK,KZ,+44.367,+077.900,+0948.0,19590107,20250824
368430-99999,KOK-SU,KZ,+44.633,+078.750,+1114.0,19610330,20250824
368460-99999,KUGALI,KZ,+44.467,+078.667,+1385.0,19590101,20250824
368560-99999,KONYROLEN,KZ,+44.267,+079.317,+1224.0,20131128,20250824
368590-99999,ZHARKENT,KZ,+44.167,+080.067,+0645.0,19460114,20250824
368700-99999,ALMATY,KZ,+43.233,+076.933,+0851.0,19320101,20250824
368720-99999,ALMATY,KZ,+43.352,+077.041,+0680.9,20060101,20250824
368830-99999,ILIYSKY,KZ,+43.483,+076.983,+0614.0,20131128,20250824
368850-99999,ISSYK,KZ,+43.350,+077.467,+1098.0,19590101,20250824
368890-99999,TURGEN,KZ,+43.383,+077.550,+0979.9,19590101,20250824
368910-99999,CILIK,KZ,+43.583,+078.200,+0600.0,19810101,20250824
368940-99999,MALIBAY,KZ,+43.483,+078.400,+0870.0,19590101,20250824
369050-99999,PODGORNOJE,KZ,+43.317,+079.483,+1273.0,19590101,20250824
369110-99999,TOKMAK,KG,+42.833,+075.283,+0817.0,19590630,20250824
369340-99999,COLPON-ATA,KG,+42.650,+077.100,+1645.0,19730104,20250824
369440-99999,KYZYL-SUU,KG,+42.350,+078.350,+1769.0,20071001,20250824
369530-99999,NARYNKOL,KZ,+42.733,+080.133,+1807.0,19570710,20250824
369740-99999,NARYN,KG,+41.433,+076.000,+2041.0,19370102,20250824
369820-99999,TIAN-SHAN',KG,+41.883,+078.233,+3639.0,19590101,20250824
370008-99999,DOMODEDOVO,RS,+55.409,+037.906,+0179.2,19990114,20250824
370010-99999,VITYAZEVO,RS,+45.002,+037.347,+0053.0,19590101,20250824
370180-99999,TUAPSE,RS,+44.100,+039.033,+0095.0,19360101,20250824
370210-99999,MAJKOP,RS,+44.617,+040.083,+0220.0,19611005,20250824
370310-99999,ARMAVIR,RS,+44.983,+041.117,+0159.0,19320101,20250801
370360-99999,NEVINNOMYSSK,RS,+44.633,+041.967,+0343.0,19480102,20250824
370540-99999,MINERALNYYE VODY,RS,+44.225,+043.082,+0321.3,19550101,20250824
370580-99999,GEORGIEVSK,RS,+44.150,+043.467,+0302.0,19590101,20250824
370610-99999,BUDENNOVSK,RS,+44.783,+044.133,+0136.0,19480101,20250824
370750-99999,BAZHIGAN,RS,+44.550,+045.683,+0016.0,19590206,20240212
370850-99999,KOCUBEJ,RS,+44.400,+046.550,-0021.0,19590101,20250824
371070-99999,KRASNAYA POLYANA,RS,+43.683,+040.200,+0569.0,20090325,20250824
371260-99999,SHADZHATMAZ,RS,+43.733,+042.667,+2056.0,20070227,20250822
371440-99999,PROHLADNAYA,RS,+43.750,+044.050,+0199.9,20120926,20250820
371630-99999,KIZLJAR,RS,+43.833,+046.717,-0005.0,19590101,20250824
371690-99999,BABAYURT,RS,+43.600,+046.783,-0003.0,19590101,20241230
371710-99999,SOCHI,RS,+43.450,+039.957,+0027.1,19590101,20250824
371775-99999,KOPITNARI,GG,+42.177,+042.483,+0068.0,20050524,20250824
371930-99999,TEBERDA,RS,+43.450,+041.733,+1325.0,19360101,20250822
372120-99999,NALCHIK,RS,+43.513,+043.637,+0445.3,19480101,20250824
372180-99999,NAZRAN',RS,+43.150,+044.850,+0664.8,20120926,20250824
372280-99999,VLADIKAVKAZ,RS,+43.033,+044.683,+0703.0,19320101,20250821
372350-99999,GROZNYJ,RS,+43.250,+045.717,+0163.0,19480101,20250819
372440-99999,GUDERMES,RS,+43.350,+046.117,+0075.0,19610912,20250824
372790-99999,ZUGDIDI,GG,+42.517,+041.883,+0118.0,19590101,20250824
372980-99999,TSAGERI,GG,+42.633,+042.700,+0474.0,19590101,20250824
373080-99999,AMBROLAURI,GG,+42.517,+043.133,+0544.0,19690218,20250824
373090-99999,ONI,GG,+42.583,+043.450,+0789.0,19590101,20240612
373790-99999,POTI,GG,+42.133,+041.700,+0001.0,19320102,20250823
373950-99999,KUTAISI,GG,+42.267,+042.633,+0114.0,19361231,20250824
374030-99999,SACHKHERE,GG,+42.350,+043.417,+0455.0,19590101,20250823
374090-99999,MTA-SABUETI,GG,+42.033,+043.483,+1245.0,19590101,20250824
374370-99999,DUSETI,GG,+42.083,+044.700,+0902.0,19590101,20250815
374630-99999,GUNIB,RS,+42.400,+046.967,+1399.0,19590101,20250815
374700-99999,DERBENT,RS,+42.067,+048.300,-0018.0,19590101,20250815
374720-99999,MAHACHKALA,RS,+43.000,+047.500,-0018.6,19320101,20250823
374810-99999,KOBULETI,GG,+41.867,+041.767,+0007.0,19600112,20250823
374840-99999,BATUMI,GG,+41.610,+041.600,+0032.0,19320101,20250824
374920-99999,BAKHMARO,GG,+41.850,+042.317,+1924.0,19590101,20240709
374960-99999,BATUMI,GG,+41.600,+041.633,+0011.0,19550101,20250824
375140-99999,AKHALTSIKHE,GG,+41.650,+043.000,+0989.0,19590915,20250824
375310-99999,GORI,GG,+41.983,+044.117,+0609.0,19590101,20250824
375410-99999,MUHRANI,GG,+41.933,+044.583,+0551.0,19590101,20250824
375490-99999,TBILISI / LOCHINI AIRPORT,GG,+41.750,+044.767,+0427.0,19590101,20250824
375491-99999,MESTIA,GG,+43.069,+042.754,+2700.0,20110207,20250824
375750-99999,ZAKATALA,AJ,+41.667,+046.650,+0490.0,19480101,20250824
376090-99999,ASHOTSK,AM,+41.029,+043.876,+2015.0,20060128,20250824
376180-99999,TASHIR,AM,+41.117,+044.283,+1509.0,19590101,20250824
376210-99999,BOLNISI,GG,+41.450,+044.550,+0534.0,19590101,20250824
376610-99999,SHAKI,AJ,+41.217,+047.167,+0641.0,19590101,20250212
376630-99999,AHTY,RS,+41.467,+047.750,+1015.0,19590101,20250819
376750-99999,GUBA,AJ,+41.367,+048.517,+0552.0,19590101,20250824
376770-99999,KHALTAN,AJ,+41.000,+048.700,+1107.0,20070226,20250402
376820-99999,AMASIA,AM,+40.950,+043.783,+1866.0,19590101,20250824
376990-99999,APARAN,AM,+40.533,+044.383,+1892.0,19590101,20250824
377040-99999,VANADZOR,AM,+40.817,+044.436,+1376.0,19590828,20250824
377110-99999,IDJEVAN,AM,+40.867,+045.150,+0733.0,19590114,20250824
377170-99999,SEVAN OZERO,AM,+40.567,+045.000,+1917.0,20010916,20250824
377290-99999,GADABAY,AJ,+40.683,+045.817,+1476.0,19590101,20240819
377350-99999,GANDJA,AJ,+40.717,+046.417,+0309.0,19320101,20250824
377352-99999,UYTASH,RS,+42.817,+047.652,+0003.7,20040706,20250824
377400-99999,QABALA,AJ,+40.983,+047.867,+0682.0,19590101,20240819
377470-99999,EVLAKH AIRPORT,AJ,+40.617,+047.150,+0015.0,19590101,20250824
377490-99999,GOYCHAY,AJ,+40.650,+047.750,+0095.0,19590101,20250824
377560-99999,MARAZA,AJ,+40.533,+048.933,+0755.0,19590101,20250824
377590-99999,SHAMAKHY,AJ,+40.633,+048.633,+0892.0,19590101,20240819
377720-99999,TALIN,AM,+40.383,+043.900,+1637.0,20220601,20250824
377850-99999,ASHTARAK,AM,+40.283,+044.350,+1090.0,20060128,20250824
377870-99999,ARMAVIR,AM,+40.133,+043.903,+0860.8,19590101,20250824
377880-99999,YEREVAN ZVARTNOTS,AM,+40.150,+044.383,+0854.0,20010916,20240601
377920-99999,HRAZDAN,AM,+40.483,+044.750,+1761.0,19590101,20250824
378010-99999,GAVAR,AM,+40.350,+045.133,+1962.0,19590101,20250824
378150-99999,MASRIK,AM,+40.200,+045.750,+1940.0,19590101,20250824
378320-99999,BARDA,AJ,+40.367,+047.117,+0069.0,19880301,20240819
378355-99999,GABALA,AJ,+40.817,+047.733,+0338.0,20120106,20250824
378440-99999,KURDAMIR,AJ,+40.333,+048.167,+0004.0,19590101,20250212
378510-99999,BAKU (KHURDALAN),AJ,+40.417,+049.783,+0085.0,20061230,20240819
378630-99999,GYANDZHA,AJ,+40.733,+046.400,+0330.0,20040803,20250824
378635-99999,NAKHCHIVAN,AJ,+39.189,+045.458,+0872.6,20060201,20250824
378640-99999,HEYDAR ALIYEV,AJ,+40.468,+050.047,+0003.0,19590402,20250824
378650-99999,ORSK,RS,+51.073,+058.596,+0277.1,20040803,20250824
378710-99999,ARTASHAT,AM,+39.950,+044.550,+0833.0,20060128,20250824
378800-99999,VOROTANI LERNANTCK,AM,+39.683,+045.717,+2387.0,20220601,20250824
378820-99999,DJERMUK,AM,+39.833,+045.683,+2075.0,20110925,20250824
378970-99999,SISIAN,AM,+39.533,+046.017,+1581.0,19590101,20250824
379050-99999,BEYLAGAN AERODROME,AJ,+39.767,+047.750,+0071.0,19590101,20240819
379070-99999,FUZULI,AJ,+39.595,+047.196,+0364.0,19370103,20250824
379250-99999,NEFTCHALA,AJ,+39.400,+049.250,-0024.0,19600720,20240819
379530-99999,GORIS,AM,+39.511,+046.347,+1550.1,19590101,20250824
379580-99999,MEGRI,AM,+38.900,+046.250,+0628.0,19590101,20250824
379850-99999,LANKARAN,AJ,+38.733,+048.833,-0012.0,19320101,20250824
379890-99999,ASTARA,AJ,+38.450,+048.883,-0022.0,19361231,20240819
380010-99999,AKTAU,KZ,+43.860,+051.092,+0022.3,19320201,20250824
380020-99999,TUSCIKUDUK,KZ,+44.733,+051.967,+0056.0,19590101,20250824
380080-99999,TUSHCHIBEK,KZ,+44.150,+051.950,+0240.0,19590102,20250824
380230-99999,KARAKAPALKIJA,UZ,+44.850,+056.333,+0126.0,19590101,20250824
380490-99999,CIRIK-RABAT,KZ,+44.067,+062.900,+0088.0,19480101,20240911
380510-99999,KARAK,KZ,+44.883,+063.167,+0092.0,19590101,20250824
380620-99999,KYZYLORDA,KZ,+44.706,+065.591,+0132.0,19320101,20250824
380640-99999,KYZYLORDA,KZ,+44.767,+065.517,+0133.0,20230720,20250824
380690-99999,SHIELI,KZ,+44.167,+066.750,+0153.0,19480101,20250824
380990-99999,FURMANOVO,KZ,+44.283,+072.950,+0350.0,19600101,20250824
381080-99999,KHANTAU,KZ,+44.217,+073.800,+0504.0,20020519,20250824
381110-99999,SEVCENKO,KZ,+43.583,+051.083,+0015.0,19601201,20250824
381410-99999,JASLYK,UZ,+43.883,+057.883,+0127.0,19740421,20250824
381411-99999,ATYRAU,KZ,+47.122,+051.821,-0021.9,20040706,20250824
381412-99999,TURKMENBASHI,TX,+40.063,+053.007,+0085.0,20040706,20250824
381413-99999,KHUDZHAND / KHUJAND,TJ,+40.215,+069.695,+0442.0,20040706,20250824
381415-99999,BUKHARA,UZ,+39.775,+064.483,+0228.9,20040706,20250824
381416-99999,ZARAFSHAN,UZ,+41.620,+064.230,+0425.0,20061110,20250824
381417-99999,KARSHI KHANABAD,UZ,+38.802,+065.773,+0376.0,20060207,20250824
381460-99999,MUJNAK,UZ,+43.783,+059.033,+0054.0,20021124,20250824
381490-99999,KUNGRAD,UZ,+43.083,+058.933,+0064.0,19480101,20250824
381780-99999,AK-BAJTAL,UZ,+43.150,+064.333,+0234.0,19570201,20250824
381910-99999,AK-KUM,KZ,+43.717,+067.417,+0174.0,19590606,20250824
381960-99999,ASHCHYSAI,KZ,+43.550,+068.900,+0822.0,19611203,20250824
381980-99999,TURKESTAN,KZ,+43.267,+068.217,+0207.0,19320104,20250824
382010-99999,CULAKKURGAN,KZ,+43.800,+069.200,+0481.0,19600804,20250824
382021-99999,BAIKADAM,KZ,+43.800,+069.900,+0336.0,20180615,20250824
382030-99999,UJUK,RS,+43.783,+070.933,+0366.0,19590101,20250824
382070-99999,CAJAN,KZ,+43.033,+069.367,+0365.0,19590101,20250824
382220-99999,TOLE BI,KZ,+43.700,+073.783,+0456.0,19590101,20250824
382230-99999,CHOKPAR,KZ,+43.833,+074.400,+0768.0,19600101,20250824
382290-99999,KURDAJ,KZ,+43.300,+074.983,+1145.0,19590101,20250824
382320-99999,AKKUDUK,KZ,+42.967,+054.117,+0078.0,19570701,20240911
382610-99999,AK-DEPE,TX,+42.050,+059.367,+0074.0,20130918,20250422
382620-99999,CHIMBAJ,UZ,+42.950,+059.817,+0066.0,19320602,20250824
382640-99999,NUKUS,UZ,+42.450,+059.617,+0077.0,19591101,20250824
382670-99999,KENEURGENCH,TX,+42.300,+059.133,+0071.0,19591101,20250610
383010-99999,KYZYLKUM,KZ,+42.800,+067.417,+0185.0,19590101,20240911
383130-99999,BUGUN,KZ,+43.717,+069.000,+0405.0,20131128,20250824
383160-99999,ARYS,KZ,+42.433,+068.800,+0240.0,19590101,20250824
383180-99999,BAYYRKUM,KZ,+42.100,+068.117,+0184.0,20131128,20250824
383280-99999,SHYMKENT,KZ,+42.364,+069.479,+0422.1,19480101,20250824
383285-99999,TARAZ,KZ,+42.854,+071.304,+0665.7,20070822,20250824
383340-99999,AUL TURARA RYSKULOVA,KZ,+42.483,+070.300,+0808.0,19590101,20250824
383380-99999,BLINKOVO,KZ,+42.233,+070.117,+1122.0,19630316,20240911
383390-99999,OLGAING,UZ,+42.167,+070.883,+2151.0,19630610,20250824
383430-99999,KULAN,KZ,+42.950,+072.750,+0683.0,19590101,20250824
383450-99999,TALAS,KG,+42.517,+072.217,+1218.0,19480101,20250824
383511-99999,MERKE,KZ,+42.900,+073.200,+0702.0,20180911,20250824
383530-99999,BISHKEK,KG,+42.850,+074.533,+0760.0,19460103,20250824
383531-99999,MANAS,KG,+43.061,+074.478,+0627.3,20040713,20250824
383670-99999,KARABOGAZKEL,TX,+41.050,+052.917,-0022.0,19590101,20250422
383830-99999,SHASENEM,TX,+41.583,+058.717,+0062.0,19600207,20250422
383880-99999,EKEZHE,TX,+41.033,+057.767,+0062.0,19590101,20250824
383920-99999,DASHKHOVUZ,TX,+41.750,+059.817,+0082.0,19480101,20250824
383940-99999,GURLEN,UZ,+41.917,+060.350,+0090.0,20230329,20250824
383960-99999,URGENCH,UZ,+41.567,+060.633,+0101.0,19480101,20250824
384030-99999,BUZAUBAJ,UZ,+41.750,+062.467,+0098.0,19600101,20250824
384031-99999,NUKUS / KARAKALPAKSTAN,UZ,+42.483,+059.633,+0077.0,20040713,20250824
384032-99999,URGENCH,UZ,+41.584,+060.642,+0097.5,20040713,20250824
384130-99999,TAMDY-BULAK,UZ,+41.733,+064.617,+0238.0,19591110,20250824
384270-99999,MASHIKUDUK,UZ,+41.050,+065.283,+0200.0,19590930,20250824
384390-99999,SHARDARA,KZ,+41.367,+068.000,+0275.0,19730101,20250824
384520-99999,KARATAS,KZ,+41.867,+069.433,+0637.0,19611116,20250824
384570-99999,YUZHNY / TASHKENT ISLAM KARIMOV INTL,UZ,+41.258,+069.281,+0431.9,19320101,20250824
384573-99999,MARY,TX,+37.619,+061.897,+0221.9,20050722,20250824
384574-99999,DASHOGUZ,TX,+41.761,+059.827,+0082.9,20050724,20250824
384620-99999,PSKEM,UZ,+41.900,+070.367,+1258.0,19600208,20250824
384730-99999,TOKTOGUL,KG,+41.833,+072.867,+0986.0,19591102,20250824
384750-99999,ANDIZHAN AIRPORT,UZ,+40.733,+072.333,+0477.0,19591205,20250824
385070-99999,TURKMENBASHI,TX,+40.033,+052.983,+0090.0,19320101,20250824
385110-99999,CHAGYL,TX,+40.783,+055.333,+0115.0,19570710,20250824
385290-99999,DEVERZE,TX,+40.183,+058.483,+0084.0,19550703,20250422
385450-99999,DARGANATA,TX,+40.467,+062.283,+0142.0,19480101,20250824
385510-99999,DZANGELDY,UZ,+40.850,+063.333,+0208.0,19590901,20250824
385530-99999,AYAKAGITMA,UZ,+40.683,+064.483,+0219.0,19590801,20250824
385650-99999,NURATA,UZ,+40.550,+065.683,+0485.0,19480106,20250824
385670-99999,NAVOI,UZ,+40.133,+065.350,+0341.0,19600101,20250824
385790-99999,DZIZAK,UZ,+40.117,+067.833,+0345.0,19480101,20250824
385820-99999,ZAPADNY ARNASAY,UZ,+40.833,+067.667,+0250.0,19590101,20250824
385830-99999,SYR-DAR'JA,UZ,+40.817,+068.683,+0264.0,19600101,20250824
385890-99999,JANGIER,UZ,+40.283,+068.833,+0316.0,19530216,20250824
385980-99999,KAJRAKKUMSKOE,TI,+40.267,+069.817,+0347.0,20101001,20250824
385990-99999,KHUDJANT,TI,+40.217,+069.733,+0427.0,19360101,20250824
386060-99999,KOKAND,UZ,+40.550,+070.950,+0499.0,19590913,20250824
386110-99999,NAMANGAN,UZ,+40.983,+071.583,+0474.0,19480101,20250824
386130-99999,DZHALAL-ABAD,KG,+40.917,+072.950,+0765.0,19570702,20250824
386155-99999,OSH,KG,+40.609,+072.793,+0892.1,20070823,20250824
386160-99999,KARA-SUU,KG,+40.700,+072.900,+0868.0,19980301,20250824
386180-99999,FERGANA AIRPORT,UZ,+40.367,+071.750,+0603.5,19480101,20250824
386300-99999,NEBIT-DAG,TX,+39.483,+054.367,+0016.0,19590101,20250422
386340-99999,NEBITDAG,TX,+39.500,+054.333,-0008.0,19591102,20250422
386370-99999,OGRYDA,TX,+39.100,+053.100,-0026.0,19590101,20250422
386470-99999,GAZANDZHYK,TX,+39.250,+055.517,+0031.0,19591102,20250824
386560-99999,ERBENT,TX,+39.317,+058.600,+0087.0,19590109,20250824
386650-99999,AKMOLLA,TX,+39.583,+059.950,+0108.0,19730102,20250422
386830-99999,BUHARA,UZ,+39.717,+064.617,+0226.0,19361231,20250824
386850-99999,KARAKUL,UZ,+39.500,+063.850,+0196.0,19591101,20250824
386870-99999,CHARDZHEV,TX,+39.083,+063.600,+0190.0,19480101,20250824
386960-99999,SAMARKAND,UZ,+39.701,+066.984,+0677.9,19480101,20250824
386990-99999,SHAHRISABZ,UZ,+39.070,+066.834,+0625.3,19591102,20250824
387050-99999,PENDZHIKENT,TI,+39.500,+067.600,+1015.0,19600117,20250824
387080-99999,FARAB,TI,+39.233,+067.467,+1981.0,19630615,20250824
387110-99999,BAHMAL,UZ,+39.717,+068.017,+1321.7,20150813,20250824
387130-99999,URA-TYUBE,TI,+39.900,+068.983,+1005.0,19600102,20250824
387150-99999,SHAHRISTANSKIJ PEREVAL,TI,+39.567,+068.583,+3143.0,19610107,20250824
387180-99999,ISKANDERKUL,TI,+39.100,+068.383,+2204.0,19751101,20250824
387190-99999,ANZQBSKIJ PEREVAL,TI,+39.083,+068.867,+3373.0,19610201,20250824
387250-99999,MADRUSHKAT,TI,+39.433,+069.667,+2234.0,19591029,20250824
387340-99999,DEHAVZ,TI,+39.450,+070.200,+2561.0,19751101,20250824
387440-99999,LAHSH,TI,+39.283,+071.867,+1198.0,19730312,20250824
387500-99999,ESENGULY,TX,+37.467,+053.967,-0022.0,19320101,20250824
387550-99999,BYGDAILI,TX,+38.533,+054.300,-0001.0,19600216,20250422
387590-99999,GYZYLETREK,TX,+37.617,+054.783,+0029.0,19591102,20250422
387630-99999,GYZYLARBAT,TX,+38.983,+056.283,+0092.0,19320101,20250824
387670-99999,GARRYQALA,TX,+38.433,+056.300,+0312.0,19591103,20250422
387740-99999,BAKHERDEN,TX,+38.433,+057.417,+0159.0,19590801,20250824
387990-99999,UCHADZHY,TX,+38.083,+062.800,+0185.0,19530216,20250824
388040-99999,REPATEK,TX,+38.567,+063.183,+0185.0,19320101,20250422
388060-99999,BYRDALYK,TX,+38.467,+064.367,+0212.0,19591102,20250824
388120-99999,KARSHI,UZ,+38.800,+065.717,+0376.0,19590804,20250824
388150-99999,GUZAR,UZ,+38.617,+066.267,+0524.0,19480101,20250824
388160-99999,MINCHUKUR,UZ,+38.650,+066.933,+2121.0,19600101,20250824
388180-99999,AKRABAT,UZ,+38.250,+066.833,+1601.0,19600817,20250824
388270-99999,BAYSUN,UZ,+38.200,+067.200,+1244.6,19591102,20250824
388280-99999,SHURCHI,UZ,+38.018,+067.800,+0448.3,19590915,20250824
388290-99999,DENAU,UZ,+38.267,+067.900,+0520.0,19590811,20250824
388360-99999,DUSHANBE,TI,+38.543,+068.825,+0784.9,19320101,20250824
388380-99999,ISAMBAJ,TI,+38.050,+068.350,+0563.0,19600102,20250824
388420-99999,BUSTONABAD-IN-TAJIK,TI,+38.683,+069.567,+1964.0,19601202,20241129
388440-99999,SANGLOK,TI,+38.250,+069.233,+2239.0,19730101,20250824
388460-99999,HOVALING,TI,+38.367,+069.983,+1468.0,20090801,20250824
388470-99999,DANGARA,TI,+38.100,+069.317,+0660.0,19591102,20250824
388510-99999,RASHT,TI,+39.000,+070.300,+1316.0,19591124,20250824
388560-99999,DARVAZ,TI,+38.467,+070.883,+1288.0,19590901,20250824
388690-99999,IHRT,TI,+38.167,+072.633,+3276.0,19590101,20250824
388750-99999,KARAKUL,TI,+39.017,+073.550,+3940.0,19570722,20250824
388780-99999,MURGAB,TI,+38.167,+073.967,+3576.0,19591118,20250824
388800-99999,ASHGABAT,TX,+37.987,+058.361,+0210.9,19320101,20250824
388810-99999,GAUDAN-IN-TURKMEN,TX,+37.650,+058.400,+1486.0,19591205,20250422
388850-99999,KAKA,TX,+37.350,+059.633,+0308.0,19590810,20250422
388860-99999,TEDZHEN,TX,+37.383,+060.517,+0186.0,19480101,20250824
388950-99999,BAJRAMALY,TX,+37.600,+062.183,+0240.0,19370731,20250824
389110-99999,KERKI INTL,TX,+37.822,+065.135,+0243.2,19320101,20250824
389150-99999,CARSANGA,TX,+37.517,+066.017,+0265.0,19590801,20250824
389210-99999,SHIRABAD,UZ,+37.667,+067.017,+0410.0,19590811,20250824
389270-99999,TERMEZ,UZ,+37.287,+067.310,+0313.0,19480101,20250824
389330-99999,KURGAN-TYUBE,TI,+37.817,+068.783,+0429.0,19600101,20250824
389440-99999,PARKHAR,TI,+37.483,+069.383,+0448.0,19591030,20250824
389470-99999,PYANDJ,TI,+37.233,+069.083,+0363.0,19480101,20250824
389510-99999,RUSHAN,TI,+37.950,+071.550,+1981.0,20130112,20250824
389540-99999,KHOROG,TI,+37.500,+071.500,+2077.0,19571011,20250824
389570-99999,ISHKASHIM,TI,+36.717,+071.600,+2523.0,19591108,20250824
389660-99999,SAJMAK,TI,+37.533,+074.833,+3840.0,19601201,20240702
389740-99999,SARAGT,TX,+36.533,+061.217,+0275.0,19460403,20250824
389870-99999,GYSHGY,TX,+35.283,+062.350,+0625.0,19320101,20250824
389890-99999,TAGTABAZAR,TX,+35.950,+062.917,+0349.0,19570710,20250422
400010-99999,KAMISHLY,SY,+37.021,+041.191,+0451.1,19501109,20250724
400070-99999,ALEPPO INTL,SY,+36.181,+037.224,+0388.9,19370105,20250824
400160-99999,HASSAKAH,SY,+36.500,+040.750,+0308.0,19370105,20240407
400220-99999,LATTAKIA,SY,+35.533,+035.767,+0007.0,19370201,20240720
400250-99999,BASSEL AL ASSAD INTL,SY,+35.401,+035.949,+0047.9,19500711,20250516
400300-99999,HAMA,SY,+35.117,+036.750,+0303.0,19570630,20241204
400390-99999,RAQQA,SY,+35.933,+039.017,+0246.0,19600101,20240125
400450-99999,DEIR ZZOR,SY,+35.285,+040.176,+0213.4,19370101,20240305
400550-99999,HOMS,SY,+34.750,+036.717,+0485.0,19370715,20241001
400660-99999,SAFITA,SY,+34.817,+036.133,+0359.0,19630117,20241207
400800-99999,DAMASCUS INTL,SY,+33.412,+036.516,+0615.7,19370101,20250824
401000-99999,RAFIC HARIRI INTL,LE,+33.821,+035.488,+0026.5,19321019,20250824
401030-99999,TRIPOLI,LE,+34.450,+035.800,+0005.0,19370104,20240720
401530-99999,HAR-KNAAN (ZEFAT),IS,+32.967,+035.500,+0934.0,19500301,20250824
401550-99999,HAIFA,IS,+32.809,+035.043,+0008.5,19490301,20250824
401761-99999,MAHANAIM I BEN YAAKOV,IS,+32.981,+035.572,+0281.0,20040510,20250824
401763-99999,HERZELIA AIRPORT,IS,+32.183,+034.833,+0036.9,20240813,20250819
401790-99999,BET DAGAN,IS,+32.000,+034.817,+0035.0,19791111,20250824
401800-99999,BEN GURION,IS,+32.011,+034.887,+0041.1,19431101,20250824
401830-99999,JERUSALEM CENTER,IS,+31.767,+035.217,+0815.0,20080116,20250824
401900-99999,BEER SHEVA CITY,IS,+31.250,+034.800,+0280.0,20080116,20250824
401921-99999,SEDOM,IS,+31.031,+035.392,-0388.0,20181002,20250824
401990-99999,EILAT,IS,+29.561,+034.960,+0012.8,19510101,20250824
402500-99999,H4,JO,+32.539,+038.195,+0685.8,19630117,20241016
402550-99999,IRBID (MET),JO,+32.550,+035.850,+0619.0,19780701,20250824
402600-99999,PRINCE HASAN,JO,+32.161,+037.149,+0676.7,19640113,20250824
402650-99999,KING HUSSEIN,JO,+32.356,+036.259,+0682.8,19530301,20250824
402680-99999,SALT,JO,+32.033,+035.733,+0915.0,20050101,20250429
402700-99999,MARKA INTL,JO,+31.973,+035.992,+0778.8,19490301,20250824
402720-99999,QUEEN ALIA INTL,JO,+31.723,+035.993,+0730.0,19830701,20250824
402850-99999,DEIR ALLA,JO,+32.217,+035.617,-0224.0,20031130,20250806
402920-99999,ER RABBAH,JO,+31.267,+035.750,+0920.0,20040523,20241222
402960-99999,GHOR SAFI,JO,+31.033,+035.467,-0350.0,19830701,20250824
403050-99999,JAFER,JO,+30.283,+036.150,+0853.0,20200929,20241211
403100-99999,MA'AN,JO,+30.167,+035.783,+1069.0,19610701,20250824
403400-99999,AQABA KING HUSSEIN INTL,JO,+29.612,+035.018,+0053.3,19610701,20250824
403560-99999,TURAIF,SA,+31.693,+038.731,+0854.4,19510406,20250824
403570-99999,ARAR,SA,+30.907,+041.138,+0552.6,19510407,20250824
403600-99999,GURIAT,SA,+31.412,+037.279,+0509.6,19840415,20250824
403610-99999,AL JOUF,SA,+29.785,+040.100,+0689.2,19730101,20250824
403620-99999,RAFHA,SA,+29.626,+043.491,+0449.3,19510406,20250824
403730-99999,AL QAISUMAH INTL,SA,+28.335,+046.125,+0357.8,19510406,20250824
403750-99999,TABUK / PRINCE SULTAN BIN ABDULAZIZ,SA,+28.365,+036.619,+0777.5,19730101,20250824
403940-99999,HAIL,SA,+27.438,+041.686,+1015.3,19730101,20250824
404000-99999,WEJH,SA,+26.199,+036.476,+0020.1,19730101,20250824
404010-99999,PRINCE ABDULMAJEED BIN ABDULAZIZ AIRPORT / ALULA INTL,SA,+26.483,+038.119,+0623.0,20101110,20250824
404050-99999,GASSIM,SA,+26.300,+043.767,+0648.0,19730101,20250824
404140-99999,PRINCE SALMAN BIN ABDULAZIZ / AL DAWADMI,SA,+24.450,+044.121,+0922.3,20040810,20250824
404150-99999,DAMMAM (KING FAHD INT. AIRPORT),SA,+26.433,+049.800,+0012.0,20040105,20250824
404160-99999,KING ABDULAZIZ AB,SA,+26.265,+050.152,+0025.6,19460214,20250824
404194-99999,JUBAIL,SA,+27.039,+049.405,+0007.9,20000906,20240318
404200-99999,AL AHSA,SA,+25.285,+049.485,+0179.2,19810101,20250824
404300-99999,PRINCE MOHAMMAD BIN ABDULAZIZ,SA,+24.553,+039.705,+0655.6,19580302,20250824
404350-99999,AL-DAWADAMI,SA,+26.983,+044.117,+0923.0,19811002,20250824
404370-99999,KING KHALED INTL,SA,+24.958,+046.699,+0624.5,19831222,20250824
404390-99999,YENBO / PRINCE ABDULMOHSIN BIN ABDULAZIZ,SA,+24.144,+038.063,+0007.9,19730101,20250824
405736-99999,ALI AL SALEM AB,KU,+29.347,+047.521,+0143.9,20190102,20250824
405820-99999,KUWAIT INTL,KU,+29.227,+047.969,+0062.8,19450802,20250824
406020-99999,RABIAH,IZ,+36.800,+042.100,+0382.0,19740101,20250810
406030-99999,TEL AFER,IZ,+36.367,+042.483,+0373.0,19881120,20250810
406080-99999,MOSUL,IZ,+36.306,+043.147,+0216.1,19370111,20250810
406100-99999,BAAJ,IZ,+36.033,+041.733,+0321.0,20090801,20250301
406210-99999,KIRKUK AB,IZ,+35.469,+044.349,+0323.4,19370105,20250823
406220-99999,CHEM-CHAMAL,IZ,+35.517,+044.833,+0701.0,19881120,20240313
406230-99999,SULYMANIYAH,IZ,+35.550,+045.450,+0853.0,19730103,20250824
406235-99999,QAYYARAH WEST,IZ,+35.767,+043.125,+0228.3,20050101,20240802
406290-99999,ANAH,IZ,+34.367,+041.950,+0150.0,19730101,20250810
406310-99999,BAIJI,IZ,+34.900,+043.533,+0150.0,19780601,20250810
406320-99999,TUZ,IZ,+34.883,+044.650,+0220.0,20090808,20250810
406330-99999,TIKRIT,IZ,+34.567,+043.700,+0107.0,19881120,20250810
406340-99999,HADITHAH,IZ,+34.133,+042.350,+0140.0,19371002,20250810
406356-99999,ERBIL INTL,IZ,+36.233,+043.967,+0408.7,20090326,20250824
406370-99999,KHANAQIN,IZ,+34.350,+045.383,+0202.0,19370801,20250810
406380-99999,AL KHALIS,IZ,+33.833,+044.533,+0044.0,20070618,20250810
406420-99999,RUTBAH,IZ,+33.033,+040.283,+0615.0,19370107,20250810
406450-99999,RAMADI,IZ,+33.450,+043.317,+0048.0,19881120,20250810
406460-99999,HEET,IZ,+33.633,+043.750,+0058.0,20090720,20250810
406500-99999,BAGHDAD INTL AIRPORT,IZ,+33.267,+044.233,+0034.7,19370104,20250824
406550-99999,AINALTAMER,IZ,+32.550,+044.717,+0028.0,20100302,20250810
406560-99999,KERBELA,IZ,+32.567,+044.050,+0029.0,19761101,20250810
406570-99999,HELLA,IZ,+32.450,+044.450,+0027.0,19881120,20250810
406580-99999,NUKHEB,IZ,+32.033,+042.283,+0305.0,19490321,20250708
406600-99999,AZIZYAH,IZ,+32.917,+045.067,+0025.0,20090806,20250810
406620-99999,BADRAH,IZ,+33.100,+045.950,+0064.0,20090719,20250810
406640-99999,KUT,IZ,+32.500,+045.817,+0019.0,19881120,20250810
406650-99999,KUT-AL-HAI,IZ,+32.133,+046.033,+0015.0,19490101,20250810
406660-99999,ALI ALGHARBI,IZ,+32.467,+046.717,+0014.0,20090716,20250810
406700-99999,NAJAF,IZ,+31.950,+044.317,+0032.0,19630117,20250824
406720-99999,DIWANIYA,IZ,+31.950,+044.950,+0020.0,19370105,20250810
406740-99999,SAMAWA,IZ,+31.267,+045.267,+0006.0,19730702,20250810
406750-99999,RAFAEI,IZ,+31.717,+046.100,+0006.0,20100408,20250810
406760-99999,NASIRIYA,IZ,+31.017,+046.233,+0003.0,19490101,20250810
406800-99999,AMARAH,IZ,+31.850,+047.167,+0009.0,19730101,20250810
406890-99999,BASRAH INTL,IZ,+30.549,+047.662,+0003.4,19370718,20250824
406900-99999,BASRAH AIRPORT,IZ,+30.517,+047.783,+0002.6,19890701,20250810
406910-99999,AL-FAO,IZ,+29.983,+048.500,+0002.0,19790701,20250810
407000-99999,PARS ABAD MOGHAN,IR,+39.650,+047.917,+0032.0,19890102,20250824
407010-99999,MAKKO,IR,+39.333,+044.433,+1411.0,19900112,20250824
407030-99999,KHOY,IR,+38.427,+044.974,+1213.4,19730101,20250824
407036-99999,LAMERD,IR,+27.373,+053.189,+0410.0,20100707,20250821
407037-99999,KALALEH,IR,+37.383,+055.450,+0152.4,20120509,20250824
407040-99999,AHAR,IR,+38.433,+047.067,+1390.0,19910918,20250824
407060-99999,TABRIZ INTL,IR,+38.134,+046.235,+1359.1,19570701,20250824
407100-99999,SARAB,IR,+37.933,+047.533,+1682.0,19890901,20250824
407120-99999,UROMIYEH,IR,+37.668,+045.069,+1324.1,19491101,20250824
407125-99999,JAM,IR,+27.820,+052.352,+0662.0,20090219,20250824
407126-99999,LAVAN ISLAND,IR,+26.810,+053.356,+0022.3,20090313,20250824
407127-99999,DEZFUL,IR,+32.434,+048.398,+0144.5,20090214,20240410
407130-99999,MARAGHEH,IR,+37.350,+046.167,+1478.0,19910907,20250824
407160-99999,MEYANEH,IR,+37.450,+047.700,+1110.0,20050817,20250824
407180-99999,ANZALI,IR,+37.467,+049.467,-0026.0,19320102,20250824
407190-99999,RASHT / SARDAR E JANGAL,IR,+37.325,+049.606,-0012.2,19730101,20250824
407210-99999,MARAVEH-TAPPEH,IR,+37.900,+055.950,+0460.0,20010824,20250824
407230-99999,BOJNORD,IR,+37.493,+057.308,+1079.9,19771201,20250824
407260-99999,MOHABAD,IR,+36.767,+045.717,+1385.0,19890101,20250824
407270-99999,SAGHEZ,IR,+36.250,+046.267,+1493.0,19730101,20250819
407290-99999,ZANJAN,IR,+36.774,+048.359,+1640.4,19730101,20250824
407300-99999,IMAM KHOMEINI INTL,IR,+35.416,+051.152,+1007.4,20040824,20250824
407310-99999,GHAZVIN,IR,+36.240,+050.047,+1275.3,19730101,20250824
407320-99999,RAMSAR,IR,+36.910,+050.680,-0021.3,19730101,20250824
407350-99999,GONBAD GHABUS,IR,+37.250,+055.100,+0032.6,20040824,20250824
407360-99999,BABULSAR,IR,+36.717,+052.650,-0021.0,19491127,20250824
407370-99999,GHARAKHIL,IR,+36.450,+052.817,+0014.0,19890101,20250821
407380-99999,GORGAN,IR,+36.909,+054.401,-0007.3,19730101,20250824
407390-99999,SHAHRUD,IR,+36.417,+054.950,+1345.0,19570701,20250824
407400-99999,GHUCHAN,IR,+37.067,+058.500,+1287.0,19490813,20250824
407430-99999,SABZEVAR,IR,+36.168,+057.595,+0908.3,19630118,20250824
407450-99999,MASHHAD INTL / SHAHID HASHEMI NEJAD INTL,IR,+36.235,+059.641,+0994.6,19440103,20250824
407460-99999,KASHAFRUD,IR,+35.983,+060.833,+0584.0,20020723,20250824
407470-99999,SANANDAJ,IR,+35.247,+047.009,+1378.3,19730101,20250824
407540-99999,MEHRABAD INTL,IR,+35.689,+051.313,+1207.6,19431101,20250824
407560-99999,GARMSAR,IR,+35.250,+052.167,+0900.0,20020306,20250824
407570-99999,SEMNAN,IR,+35.591,+053.495,+1117.1,19730101,20250824
407620-99999,TORBAT-HEYDARIEH,IR,+35.267,+059.217,+1451.0,19730101,20250824
407630-99999,KASHMAR,IR,+35.200,+058.467,+1109.0,19490702,20250824
407660-99999,SHAHID ASHRAFI ESFAHANI,IR,+34.346,+047.158,+1305.8,19570701,20250824
407690-99999,ARAK,IR,+34.138,+049.847,+1661.8,19431018,20250824
407700-99999,GHOM/QOM,IR,+34.650,+050.900,+0928.0,20160307,20250824
407801-99999,MAHSHAHR,IR,+30.556,+049.152,+0002.4,20040511,20250824
407802-99999,KISH ISLAND,IR,+26.517,+053.983,+0031.0,20040511,20250824
407803-99999,SIRRI ISLAND,IR,+25.900,+054.533,+0013.0,20040511,20250824
407804-99999,ILAM,IR,+33.583,+046.400,+1368.0,20040511,20250824
407805-99999,KHORAM ABAD,IR,+33.433,+048.283,+1184.0,20040511,20250824
407806-99999,HAMADAN,IR,+34.867,+048.550,+1801.0,20040511,20250824
407807-99999,PAYAM,IR,+35.776,+050.827,+1271.0,20040511,20250824
407808-99999,DAYRESTAN / GHESHM,IR,+26.751,+055.898,+0012.5,20040511,20250824
407809-99999,SARAKHS,IR,+36.500,+061.067,+0295.0,20040511,20250824
407822-99999,NOSHAHR,IR,+36.650,+051.467,-0019.0,20040511,20250824
407823-99999,LAR,IR,+27.674,+054.383,+0792.5,20040511,20250824
407824-99999,YASOUJ,IR,+30.683,+051.550,+1871.0,20040511,20250824
407825-99999,ARDABIL,IR,+38.317,+048.417,+1348.0,20040511,20250824
407826-99999,SARI DASHT E NAZ,IR,+36.636,+053.194,+0010.7,20050724,20250824
407830-99999,ALI-GOODARZ,IR,+33.400,+049.683,+2034.0,19910919,20250824
407850-99999,KASHAN,IR,+33.895,+051.577,+1056.1,19730101,20250824
407890-99999,KHOR,IR,+33.783,+055.083,+0845.0,19891203,20250824
407910-99999,TABAS,IR,+33.668,+056.893,+0704.7,19651003,20250824
407920-99999,FERDOUS,IR,+34.017,+058.167,+1293.0,19910601,20250824
407940-99999,SAFI-ABAD DEZFUL,IR,+32.267,+048.417,+0083.0,19961201,20250824
407980-99999,SHAHRE KORD,IR,+32.297,+050.842,+2049.2,19730101,20250824
408000-99999,ESFAHAN SHAHID BEHESHTI INTL,IR,+32.751,+051.862,+1545.9,19480901,20250824
408090-99999,BIRJAND,IR,+32.898,+059.266,+1509.4,19630121,20250824
408110-99999,AHWAZ,IR,+31.337,+048.762,+0020.1,19730101,20250824
408120-99999,SHAHID ASYAEE,IR,+32.002,+049.271,+0361.8,19730101,20250824
408180-99999,ABADEH,IR,+31.183,+052.667,+2004.0,19771201,20250824
408210-99999,YAZD SHAHID SADOOGHI,IR,+31.905,+054.277,+1235.7,19570701,20250824
408270-99999,NEHBANDAN,IR,+31.533,+060.033,+1211.0,19900102,20250824
408290-99999,ZABOL,IR,+31.098,+061.544,+0496.2,19660101,20250824
408310-99999,ABADAN,IR,+30.371,+048.228,+0003.0,19431130,20250824
408320-99999,ABAMUSA ISLAND,IR,+25.883,+055.017,+0001.0,19730101,20250824
408330-99999,AGHAJARI,IR,+30.745,+049.676,+0026.8,19730101,20250824
408350-99999,GACHSARAN,IR,+30.338,+050.828,+0729.7,19730101,20250824
408351-99999,ABUMUSA ISLAND,IR,+25.867,+055.033,+0007.0,20040901,20250824
408352-99999,MALAYER,IR,+34.280,+048.820,+1725.0,20050315,20250708
408353-99999,BOROUJERD,IR,+34.900,+048.630,+1600.0,20050315,20240226
408354-99999,MINAB,IR,+27.120,+057.100,+0027.0,20050315,20250824
408355-99999,GONABAD,IR,+34.350,+058.680,+1056.0,20050315,20250824
408356-99999,MAKU,IR,+39.191,+044.929,+0966.0,20080101,20250505
408357-99999,KERMANSHAH,IR,+34.280,+047.120,+1322.0,20050315,20250708
408359-99999,RAFSANJAN,IR,+30.298,+056.051,+1614.8,20071122,20250721
408361-99999,PERSIAN GULF AIRPORT,IR,+27.367,+052.733,+0008.0,20051112,20250824
408410-99999,KERMAN,IR,+30.274,+056.951,+1748.3,19570701,20250824
408450-99999,KHARG,IR,+29.267,+050.267,+0003.0,19730101,20250824
408480-99999,SHIRAZ SHAHID DASTGHAIB INTL,IR,+29.539,+052.589,+1499.6,19570701,20250824
408510-99999,SIRJAN,IR,+29.467,+055.717,+1739.0,19890101,20250824
408530-99999,BAFT,IR,+29.233,+056.567,+2280.0,19490108,20250824
408540-99999,BAM,IR,+29.084,+058.450,+0940.0,19660101,20250824
408560-99999,ZAHEDAN INTL,IR,+29.476,+060.907,+1377.7,19570701,20250824
408580-99999,BUSHEHR,IR,+28.945,+050.835,+0020.7,19440101,20250824
408590-99999,FASA,IR,+28.892,+053.723,+1298.8,19730101,20250824
408720-99999,BANDAR-E-DAYYER,IR,+27.833,+051.933,+0004.0,20060913,20250823
408750-99999,BANDAR ABBAS INTL,IR,+27.218,+056.378,+0006.7,19650106,20250824
408770-99999,KAHNUJ,IR,+27.967,+057.700,+0470.0,19890127,20250824
408780-99999,SARAVAN,IR,+27.333,+062.333,+1195.0,19900323,20250824
408785-99999,KHASH,IR,+28.217,+061.200,+1394.0,20080116,20250824
408790-99999,IRAN SHAHR,IR,+27.236,+060.720,+0620.9,19730101,20250824
408830-99999,BANDAR LENGEH,IR,+26.532,+054.825,+0020.4,19730101,20250824
408930-99999,JASK,IR,+25.654,+057.799,+0005.8,19440102,20250824
408980-99999,CHAHBAHAR,IR,+25.283,+060.617,+0008.0,19660101,20250824
410240-99999,KING ABDULAZIZ INTL,SA,+21.680,+039.157,+0014.6,19830101,20250824
410310-99999,MINA,SA,+21.417,+039.867,+0394.0,20050112,20250824
410320-99999,ARAFAT,SA,+21.333,+039.967,+0308.0,20041109,20250616
410360-99999,TAIF,SA,+21.483,+040.544,+1477.7,19830101,20250824
410550-99999,AL BAHA / KING SAUD BIN ABDULAZIZ,SA,+20.296,+041.634,+1672.1,19830201,20250824
410610-99999,WADI AL DAWASIR,SA,+20.504,+045.200,+0628.5,19900401,20250824
410840-99999,BISHA,SA,+19.984,+042.621,+1184.8,19830101,20250824
411120-99999,ABHA,SA,+18.240,+042.657,+2090.3,19830101,20250824
411140-99999,KING KHALED AB,SA,+18.297,+042.804,+2065.9,19830101,20250824
411280-99999,NEJRAN,SA,+17.611,+044.419,+1213.7,19830101,20250824
411360-99999,SHARURAH,SA,+17.467,+047.121,+0720.2,19830101,20250824
411400-99999,KING ABDULLAH BIN ABDULAZIZ,SA,+16.901,+042.586,+0006.1,19830101,20250824
411500-99999,BAHRAIN INTL,BA,+26.271,+050.634,+0001.8,19440101,20250824
411600-99999,AI RUWAIS,QA,+26.150,+051.200,+0006.0,20111201,20250824
411610-99999,AL KHOR AIRPORT,QA,+25.617,+051.517,+0011.0,20111201,20250824
411620-99999,AL SHEHAIMIYA,QA,+25.850,+050.967,+0002.0,20111201,20250824
411640-99999,AL GUWAYRIYAH,QA,+25.833,+051.267,+0019.0,20111201,20250824
411670-99999,DUKHAN,QA,+25.400,+050.750,+0005.0,20111201,20250824
411680-99999,DOHA PORT,QA,+25.300,+051.550,+0004.0,19830101,20250824
411700-99999,DOHA INTL,QA,+25.261,+051.565,+0010.7,19830101,20250824
411703-99999,DOHA / HAMAD INTL,QA,+25.267,+051.600,+0004.0,20140513,20250824
411705-99999,AL UDEID AB,QA,+25.117,+051.315,+0039.6,20050101,20250824
411710-99999,QATAR UNIVERSITY,QA,+25.383,+051.483,+0012.0,20111201,20250824
411730-99999,AL WAKRAH,QA,+25.183,+051.617,+0005.0,20111201,20250824
411750-99999,AL KARANA,QA,+25.000,+051.033,+0049.0,20111201,20250824
411760-99999,UMM SAID,QA,+24.950,+051.567,+0005.0,19840101,20250824
411770-99999,TURAYNA,QA,+24.717,+051.217,+0041.0,20111201,20250824
411780-99999,ABU SAMRA,QA,+24.750,+050.817,+0008.0,20111201,20250824
411840-99999,RAS AL KHAIMAH INTL,AE,+25.613,+055.939,+0031.1,19830101,20250824
411940-99999,DUBAI INTL,AE,+25.255,+055.364,+0010.4,19830101,20250824
411945-99999,AL MAKTOUM INTL AIRPORT,AE,+24.886,+055.172,+0018.9,20100518,20250824
411960-99999,SHARJAH INTL,AE,+25.329,+055.517,+0033.8,19440320,20250824
411980-99999,FUJAIRAH INTL,AE,+25.112,+056.324,+0046.3,19881102,20250824
412160-99999,AL BATEEN EXECUTIVE,AE,+24.428,+054.458,+0004.9,19830101,20250824
412162-99999,AL DHAFRA,AE,+24.248,+054.548,+0023.2,20080721,20250620
412163-99999,DELMA,AE,+24.510,+052.335,+0025.0,20080721,20250513
412165-99999,SIR ABU NAIR,AE,+25.217,+054.234,+0007.0,20100131,20250512
412170-99999,ABU DHABI INTL / ZAYED INTL,AE,+24.433,+054.651,+0026.8,19830102,20250824
412180-99999,AL AIN INTL,AE,+24.262,+055.609,+0264.9,19940308,20250824
412400-99999,KHASAB PORT,MU,+26.217,+056.250,+0004.0,19830101,20250824
412420-99999,DIBA,MU,+25.617,+056.250,+0010.0,20010705,20250824
412440-99999,BURAIMI (AUT),MU,+24.233,+055.783,+0299.0,19830101,20250824
412460-99999,SOHAR MAJIS,OM,+24.386,+056.626,+0044.0,19830101,20250824
412490-99999,QUMAIRA,MU,+23.933,+056.200,+0633.0,20130101,20250824
412500-99999,SUNAYNAH,MU,+23.717,+055.900,+0257.0,20130101,20250824
412530-99999,RUSTAQ,MU,+23.417,+057.433,+0322.0,20010712,20250824
412540-99999,SAIQ,MU,+23.067,+057.633,+1981.0,19830101,20250824
412550-99999,NIZWA,MU,+22.867,+057.550,+0462.0,20010916,20250824
412560-99999,SEEB INTL / MUSCAT INTL,OM,+23.593,+058.284,+0014.6,19440101,20250824
412570-99999,SAMAIL,MU,+23.254,+057.928,+0417.0,20010707,20250824
412580-99999,MINA SULTAN QABOOS,MU,+23.633,+058.567,+0003.0,19830101,20250824
412590-99999,JABAL SHAMS,MU,+23.233,+057.267,+2764.0,20050303,20250824
412620-99999,FAHUD (AUT),MU,+22.350,+056.483,+0170.0,19870211,20250824
412630-99999,BAHLA,MU,+22.912,+057.257,+0592.0,20010915,20250824
412640-99999,ADAM AIRPORT,MU,+22.500,+057.367,+0328.0,20010705,20250709
412650-99999,IBRA,MU,+22.809,+058.461,+0469.0,20010915,20250824
412670-99999,QALHAT,MU,+22.667,+059.400,+0011.0,20010716,20250824
412680-99999,SUR,MU,+22.533,+059.483,+0014.0,19830101,20250824
412700-99999,RAS AL HADD,MU,+22.300,+059.817,+0043.0,20050315,20250824
412720-99999,SUWAIQ,MU,+23.817,+057.283,+0039.0,20130101,20250824
412740-99999,GHABA CENTRAL/PRI,MU,+21.383,+057.050,+0135.0,20140707,20250824
412750-99999,QARN ALAM,MU,+21.383,+057.050,+0133.0,20010802,20250824
412760-99999,UMZAMAIM,MU,+20.800,+057.117,+0126.0,20130101,20250824
412800-99999,AL AMERAT,MU,+23.500,+058.483,+0105.0,20130101,20250824
412870-99999,JOBA,MU,+20.867,+058.250,+0034.0,20050303,20250824
412880-99999,MASIRAH,MU,+20.675,+058.890,+0019.5,19430510,20250824
412900-99999,DUQM,MU,+19.617,+057.633,+0040.0,20050619,20250824
412910-99999,DUQM AIRPORT,MU,+19.517,+057.650,+0102.0,20130613,20250824
412920-99999,AL MUDHAIBI,MU,+22.517,+058.117,+0378.0,20140707,20250824
412930-99999,BIDIYA,MU,+22.467,+058.850,+0316.0,20130101,20250824
412950-99999,YAALONI,MU,+19.950,+057.100,+0156.0,20071024,20250824
413010-99999,HAIMA,MU,+20.050,+056.383,+0146.0,20130101,20250824
413040-99999,MARMUL,MU,+18.133,+055.183,+0273.0,19870406,20250824
413140-99999,THUMRAIT,MU,+17.666,+054.025,+0478.5,19830101,20250824
413150-99999,QAIROON HAIRITI,MU,+17.250,+054.083,+0881.0,20010814,20250824
413160-99999,SALALAH,MU,+17.039,+054.091,+0022.3,19430413,20250824
413910-99999,HAJJAH,YM,+15.833,+043.583,+1760.0,19930104,20250302
413990-99999,AMRAN,YM,+15.767,+044.017,+0015.0,20111201,20250302
414340-99999,DHAMAR,YM,+14.583,+044.417,+2425.0,20030331,20250302
414363-99999,SAYUN,YM,+15.967,+048.783,+0656.0,19881223,20250824
414370-99999,ATAQ,YM,+14.551,+046.826,+1097.3,19920301,20250824
414380-99999,AL SADDAH,YM,+14.133,+044.367,+2692.0,20111201,20240921
414520-99999,IBB,YM,+14.000,+044.333,+1920.0,20010916,20250824
414800-99999,ADEN,YM,+12.833,+045.033,+0003.0,19920301,20250824
414940-99999,SOCOTRA,YM,+12.633,+053.900,+0047.0,19920303,20250517
415040-99999,GUPIS,PK,+36.167,+073.400,+2156.0,20051001,20250824
415080-99999,DIR,PK,+35.200,+071.850,+1369.0,19800309,20250824
415100-99999,KALAM,PK,+35.833,+072.983,+2123.0,20050727,20240819
415150-99999,DROSH,PK,+35.567,+071.783,+1465.0,19440101,20250824
415160-99999,GILGIT,PK,+35.919,+074.334,+1457.2,19730401,20250824
415170-99999,SKARDU,PK,+35.336,+075.536,+2316.5,19440101,20250824
415180-99999,BUNJI,PK,+35.667,+074.633,+1470.0,20040806,20250824
415190-99999,CHILLAS,PK,+35.417,+074.100,+1251.0,20050728,20250824
415195-99999,TURBAT INTL,PK,+25.983,+063.033,+0152.0,20050727,20250824
415200-99999,ASTORE,PK,+35.367,+074.900,+2168.0,20050727,20250824
415205-99999,CHITRAL,PK,+35.883,+071.800,+1494.0,20050727,20250824
415235-99999,SAIDU SHARIF,PK,+34.817,+072.350,+0970.0,20050101,20250824
415250-99999,MALAM JABBA,PK,+34.750,+072.900,+2691.0,20070116,20250824
415300-99999,PESHAWAR,PK,+34.017,+071.583,+0360.0,19440101,20250824
415320-99999,MUZAFFAR ABAD,PK,+34.367,+073.483,+0702.0,19730103,20250824
415330-99999,RISALPUR,PK,+34.081,+071.973,+0320.0,19730101,20250824
415350-99999,KAKUL,PK,+34.183,+073.250,+1309.0,19730101,20250824
415360-99999,BALAKOT,PK,+34.383,+073.350,+0981.0,19980301,20250824
415600-99999,PARACHINAR,PK,+33.867,+070.083,+1726.0,19440101,20250824
415640-99999,KOHAT,PK,+33.567,+071.433,+0513.0,19730101,20250824
415650-99999,CHERAT,PK,+33.817,+071.883,+1372.0,19440101,20250824
415710-99999,CHAKLALA,PK,+33.617,+073.099,+0508.4,19440101,20250824
415730-99999,MURREE,PK,+33.917,+073.383,+2127.0,19440101,20250824
415770-99999,ISLAMABAD CITY,PK,+33.717,+073.100,+0525.0,20050727,20250824
415920-99999,MIANWALI,PK,+32.563,+071.571,+0210.3,19440101,20250824
415940-99999,SARGODHA,PK,+32.050,+072.667,+0188.0,19730101,20250824
415980-99999,JHELUM,PK,+32.933,+073.717,+0234.0,19730101,20250824
415990-99999,SIALKOT,PK,+32.500,+074.533,+0255.0,20090104,20250816
416000-99999,SIALKOT CITY,PK,+32.500,+074.533,+0250.0,19440101,20250824
416200-99999,ZHOB,PK,+31.358,+069.464,+1417.3,19440101,20250824
416240-99999,D I KHAN,PK,+31.909,+070.897,+0181.1,19440101,20250824
416300-99999,FAISALABAD,PK,+31.433,+073.100,+0184.0,19440101,20250824
416360-99999,JHANG,PK,+31.267,+072.317,+0153.0,20050803,20240530
416400-99999,LAHORE CITY,PK,+31.550,+074.333,+0214.0,19440101,20250824
416410-99999,ALLAMA IQBAL INTL,PK,+31.522,+074.404,+0217.0,19761201,20250824
416600-99999,QUETTA,PK,+30.251,+066.938,+1600.2,19440101,20250824
416711-99999,LAYYAH,PK,+31.017,+070.967,+0151.0,20160513,20250824
416720-99999,RAFIQUI,PK,+30.783,+072.200,+0150.0,19750905,20250824
416750-99999,MULTAN INTL,PK,+30.203,+071.419,+0121.9,19440101,20250824
416780-99999,BAHAWALNAGAR,PK,+29.950,+073.250,+0163.0,19730101,20250824
416850-99999,BAR KHAN,PK,+29.883,+069.717,+1097.0,19730620,20250824
416960-99999,KALAT,PK,+29.033,+066.583,+2017.0,19440101,20250824
416970-99999,SIBI,PK,+29.550,+067.883,+0134.0,19570201,20250824
417000-99999,BAHAWALPUR CITY,PK,+29.400,+071.783,+0112.0,19440101,20250824
417100-99999,NOKKUNDI,PK,+28.817,+062.750,+0683.0,19440102,20250824
417120-99999,DAL BANDIN,PK,+28.883,+064.400,+0850.0,19440101,20250824
417150-99999,SHAHBAZ AB,PK,+28.284,+068.450,+0056.4,19440101,20250824
417180-99999,KHANPUR,PK,+28.650,+070.683,+0088.0,19440101,20250824
417250-99999,ROHRI,PK,+27.667,+068.900,+0067.0,19570201,20250824
417390-99999,PANJGUR,PK,+26.955,+064.133,+1002.5,19440115,20250824
417440-99999,KHUZDAR,PK,+27.833,+066.633,+1232.0,19730101,20250824
417450-99999,SUKRAND AGROMET OBSERVATORY,PK,+25.133,+068.267,+0037.0,20180129,20250824
417460-99999,PADIDAN,PK,+26.850,+068.133,+0046.0,19440101,20250824
417480-99999,LARKANA,PK,+27.556,+068.210,+0053.0,20050727,20250824
417490-99999,NAWABSHAH,PK,+26.219,+068.390,+0028.3,19550101,20250824
417560-99999,JIWANI,PK,+25.068,+061.805,+0058.0,19440101,20250824
417570-99999,GWADAR,PK,+25.233,+062.329,+0029.3,20050728,20250824
417590-99999,PASNI,PK,+25.290,+063.344,+0003.7,19440101,20250824
417640-99999,HYDERABAD AIRPORT,PK,+25.383,+068.417,+0041.0,19450228,20250824
417680-99999,CHHOR,PK,+25.517,+069.783,+0006.0,19540101,20250824
417800-99999,JINNAH INTL,PK,+24.907,+067.161,+0030.5,19420506,20250824
417850-99999,BADIN,PK,+24.633,+068.900,+0010.0,19440101,20250824
417861-99999,M O MITHI,PK,+24.732,+069.798,+0030.0,20181121,20250824
418500-99999,TETULIA  PANCHAGOR,BG,+26.350,+088.600,+0055.0,20160217,20250824
418580-99999,SAIDPUR,BG,+25.750,+088.917,+0039.0,19440101,20250824
418590-99999,RANGPUR,BG,+25.733,+089.233,+0034.0,19811213,20250824
418621-99999,RAJARHAT KURIGRAM,BG,+25.800,+089.550,+0031.0,20150218,20250824
418630-99999,DINAJPUR,BG,+25.650,+088.683,+0037.0,19440101,20250824
418830-99999,BOGRA,BG,+24.850,+089.367,+0020.0,19820101,20240530
418860-99999,MYMENSINGH,BG,+24.717,+090.433,+0019.0,19440101,20250824
418910-99999,OSMANI INTL,BD,+24.963,+091.867,+0015.2,19440131,20250824
418950-99999,SHAH MOKHDUM,BG,+24.437,+088.617,+0019.5,19811230,20250824
419070-99999,ISHURDI,BG,+24.153,+089.049,+0013.7,19820101,20250824
419090-99999,TANGAIL,BG,+24.250,+089.933,-0999.9,19880305,20250824
419150-99999,SRIMANGAL,BG,+24.300,+091.733,+0023.0,19440101,20250824
419220-99999,HAZRAT SHAHJALAL INTL,BG,+23.843,+090.398,+0009.1,19430715,20250824
419230-99999,TEJGAON,BG,+23.779,+090.383,+0007.3,19450228,20250824
419260-99999,CHUADANGA,BG,+23.650,+088.817,+0012.0,20040821,20250824
419290-99999,FARIDPUR,BG,+23.600,+089.850,+0009.0,19440101,20250824
419330-99999,COMILLA,BG,+23.433,+091.183,+0009.0,19450802,20250824
419360-99999,JESSORE / JASHORE,BD,+23.184,+089.161,+0006.1,19820101,20250824
419390-99999,MADARIPUR,BG,+23.167,+090.183,+0013.0,19870303,20250824
419410-99999,CHANDPUR,BG,+23.267,+090.700,+0007.0,19610101,20250824
419430-99999,FENI,BG,+23.033,+091.417,+0008.0,19800324,20250824
419460-99999,SATKHIRA,BG,+22.717,+089.083,+0006.0,19780804,20250824
419470-99999,KHULNA,BG,+22.783,+089.533,+0004.0,19811214,20250824
419500-99999,BARISAL,BG,+22.750,+090.367,+0004.0,19440101,20250824
419510-99999,BHOLA,BG,+22.683,+090.650,+0005.0,19830419,20250824
419530-99999,MAIJDICOURT,BG,+22.867,+091.100,+0006.0,20011014,20250824
419580-99999,MONGLA,BG,+22.600,+089.500,-0999.9,20040807,20250824
419600-99999,PATUAKHALI,BG,+22.333,+090.333,+0003.0,20010805,20250824
419630-99999,HATIA,BG,+22.433,+091.100,+0004.0,19830413,20250824
419640-99999,SANDWIP,BG,+22.483,+091.433,+0006.0,19830408,20250824
419650-99999,SITAKUNDU,BG,+22.583,+091.700,+0010.0,19880609,20250824
419660-99999,RANGAMATI,BG,+22.533,+092.200,+0063.0,19830406,20250824
419770-99999,CHITTAGONG (AMBAGAN),BG,+22.350,+091.817,+0034.0,19440503,20250824
419780-99999,SHAH AMANAT INTL,BG,+22.250,+091.813,+0003.7,19820101,20250824
419840-99999,KHEPUPARA,BG,+21.983,+090.233,+0009.0,19830427,20250824
419890-99999,KUTUBDIA,BG,+21.817,+091.850,+0007.0,20011014,20250824
419920-99999,COXS BAZAR,BG,+21.452,+091.964,+0003.7,19460101,20250824
419980-99999,TEKNAF,BG,+20.867,+092.300,+0006.0,19820729,20250824
420260-99999,GULMARG,IN,+34.050,+074.400,+2655.0,19440601,20250824
420270-99999,SRINAGAR,IN,+34.083,+074.833,+1587.0,19730101,20250824
420420-99999,SRINAGAR,IN,+33.983,+074.783,+1664.0,19881026,20241111
420440-99999,QAZI GUND,IN,+33.583,+075.083,+1690.0,20090205,20250824
420450-99999,BANIHAL,IN,+33.500,+075.167,+1630.0,20021023,20250824
420560-99999,JAMMU,IN,+32.667,+074.833,+0367.0,19830902,20250824
420620-99999,DHARMSALA,IN,+32.267,+076.383,+1211.0,19730101,20250824
420650-99999,MANALI,IN,+32.267,+077.167,+2039.0,19990223,20250824
420710-99999,AMRITSAR,IN,+31.710,+074.797,+0230.4,19730101,20250824
420750-99999,JULLUNDUR,IN,+31.467,+075.583,-0999.9,20180918,20240213
420770-99999,UNA,IN,+31.467,+076.267,+0369.0,20090205,20250824
420780-99999,MANDI,IN,+31.717,+076.967,+0761.0,19590602,20250824
420790-99999,SUNDERNAGAR,IN,+31.533,+076.900,+0874.0,20130529,20250824
420801-99999,BHAVNAGAR,IN,+21.752,+072.185,+0013.4,20110129,20250824
420810-99999,BHUNTAR,IN,+31.833,+077.167,+1084.0,20020903,20250824
420830-99999,SHIMLA,IN,+31.100,+077.167,+2202.0,19440101,20250824
420990-99999,LUDHIANA,IN,+30.867,+075.933,+0255.0,19730101,20250824
421010-99999,PATIALA,IN,+30.333,+076.467,+0251.0,19730101,20250824
421030-99999,AMBALA,IN,+30.383,+076.767,+0272.0,19440101,20250824
421040-99999,NAHAN,IN,+30.400,+076.767,+0958.0,19881016,20250824
421050-99999,CHANDIGARH(IAFB),IN,+30.733,+076.883,+0347.0,19740101,20250824
421110-99999,DEHRADUN,IN,+30.317,+078.033,+0682.0,19440101,20250824
421140-99999,TEHRI,IN,+30.400,+078.483,+0770.0,19981224,20250824
421230-99999,GANGANAGAR,IN,+29.917,+073.917,+0177.0,19440101,20250824
421310-99999,HISAR,IN,+29.179,+075.755,+0213.4,19440101,20250824
421370-99999,KARNAL,IN,+29.700,+077.033,+0249.0,19730109,20250823
421390-99999,MEERUT,IN,+29.017,+077.717,+0222.0,19440603,20250824
421430-99999,NAJIBABAD,IN,+29.617,+078.383,+0270.0,19730101,20250824
421470-99999,MUKTESHWAR KUMAON,IN,+29.467,+079.650,+2311.0,19440101,20250824
421480-99999,PANTNAGAR,IN,+29.033,+079.467,+0233.0,20070520,20250824
421650-99999,BIKANER,IN,+28.000,+073.300,+0224.0,19440101,20250824
421700-99999,CHURU,IN,+28.250,+074.917,+0291.0,19730101,20250824
421740-99999,PILANI,IN,+28.333,+075.583,+0301.0,20020630,20250824
421760-99999,ROHTAK,IN,+28.833,+076.583,+0222.0,20010728,20250824
421770-99999,NARNAUL,IN,+28.000,+076.083,+0308.0,20020219,20241203
421810-99999,INDIRA GANDHI INTL,IN,+28.567,+077.103,+0236.8,19750307,20250824
421820-99999,SAFDARJUNG,IN,+28.585,+077.206,+0214.9,19420702,20250824
421830-99999,BULANDSHAHR,IN,+28.400,+077.867,+0218.0,20010823,20250708
421870-99999,MORADABAD,IN,+28.833,+078.750,+0202.0,19830915,20250823
421890-99999,BAREILLY,IN,+28.422,+079.451,+0176.8,19440101,20250824
422200-99999,PASIGHAT,IN,+28.100,+095.383,+0157.0,19740403,20250824
422370-99999,PHALODI,IN,+27.133,+072.367,+0234.0,19440101,20250823
422490-99999,SIKAR,IN,+27.617,+075.133,+0433.0,19730101,20250824
422550-99999,ALWAR,IN,+27.500,+076.583,+0271.0,19730101,20250824
422570-99999,MATHURA,IN,+27.500,+077.683,+0174.0,20020418,20241016
422580-99999,BHARATPUR,IN,+27.217,+077.500,+0176.0,20020214,20240814
422600-99999,AGRA,IN,+27.156,+077.961,+0167.9,19420824,20250824
422610-99999,AGRA,IN,+27.167,+078.033,+0169.0,19440101,20240412
422620-99999,ALIGARH,IN,+27.883,+078.067,+0187.0,19730101,20250824
422660-99999,SHAHJAHANPUR,IN,+27.883,+079.900,+0155.0,20090205,20250824
422700-99999,KHERI,IN,+27.900,+080.800,+0147.0,19730101,20250824
422710-99999,HARDOI,IN,+27.383,+080.167,+0142.0,19730101,20250824
422730-99999,BAHRAICH,IN,+27.567,+081.600,+0124.0,19440101,20250824
422790-99999,BASTI,IN,+26.800,+082.733,+0089.0,20160804,20250824
422820-99999,NAUTANWA,IN,+27.433,+083.417,+0099.0,19730101,20240324
422950-99999,DARJEELING,IN,+27.050,+088.267,+2128.0,19440101,20250131
422960-99999,KALIMPONG,IN,+27.067,+088.467,+1209.0,20151207,20250824
422990-99999,GANGTOK,IN,+27.333,+088.617,+1756.0,19740902,20250824
423050-99999,BOMDILA,IN,+27.417,+092.850,+2484.0,20020727,20250210
423090-99999,LILABARI,IN,+27.295,+094.098,+0100.6,19431223,20250824
423140-99999,DIBRUGARH,IN,+27.484,+095.017,+0110.3,19420714,20250824
423280-99999,JAISALMER,IN,+26.900,+070.917,+0231.0,19730101,20250824
423390-99999,JODHPUR,IN,+26.251,+073.049,+0218.5,19430731,20250824
423430-99999,AJMER,IN,+26.450,+074.617,+0486.0,19440101,20250824
423480-99999,JAIPUR,IN,+26.824,+075.812,+0385.0,19440101,20250824
423540-99999,DHOLPUR,IN,+26.667,+077.833,+0176.0,19730101,20250817
423610-99999,GWALIOR,IN,+26.293,+078.228,+0188.1,19440101,20250824
423640-99999,ETAWAH,IN,+26.921,+079.062,+0149.0,20010711,20250813
423670-99999,KANPUR CHAKERI,IN,+26.404,+080.410,+0123.4,19440101,20250824
423690-99999,LUCKNOW / CHAUDHARY CHARAN SINGH INTL,IN,+26.761,+080.889,+0125.0,19440101,20250824
423720-99999,FURSATGANJ AIRPORT,IN,+26.250,+081.383,+0109.7,20130529,20250824
423740-99999,AYODHA,IN,+26.748,+082.163,+0100.0,20020203,20250824
423790-99999,GORAKHPUR,IN,+26.740,+083.450,+0078.9,19440101,20250824
423820-99999,RAXAUL,IN,+26.983,+084.850,+0079.0,19730101,20240621
423830-99999,MOTIHARI,IN,+26.667,+084.917,+0066.0,19440101,20250824
423870-99999,MUZAFFARPUR,IN,+26.117,+085.400,+0053.0,19740515,20250824
423910-99999,DARBHANGA,IN,+26.167,+085.900,+0049.0,19440101,20250824
423930-99999,SUPAUL,IN,+26.133,+086.583,+0050.0,20010905,20250824
423950-99999,FORBESGANJ,IN,+26.300,+087.267,+0061.0,19730101,20250824
423980-99999,BAGDOGRA,IN,+26.681,+088.329,+0125.6,19570618,20250824
423990-99999,JALPAIGURI,IN,+26.533,+088.717,+0083.0,19440101,20250824
424030-99999,COOCH BEHAR,IN,+26.333,+089.467,+0043.0,19430220,20250824
424040-99999,DHUBRI,IN,+26.017,+089.983,+0036.0,19440101,20250824
424070-99999,GOALPARA,IN,+26.183,+090.633,+0038.0,19730102,20250824
424080-99999,RANGIA,IN,+26.433,+091.617,+0060.0,20151207,20250824
424100-99999,GUWAHATI INTL / LOKPRIYA GOPINATH BORDOLOI INTL,IN,+26.106,+091.586,+0049.4,19440102,20250824
424130-99999,MAJBAT,IN,+26.750,+092.350,+0120.0,20011009,20250824
424140-99999,CHAPARMUKH,IN,+26.200,+092.517,+0066.0,19730103,20250824
424150-99999,TEZPUR,IN,+26.617,+092.783,+0079.0,19440101,20250824
424200-99999,GOLAGHAT,IN,+26.517,+093.983,+0095.0,19740806,20250824
424230-99999,JORHAT,IN,+26.067,+090.167,+0880.0,19430414,20250824
424231-99999,JORHAT,IN,+26.732,+094.176,+0094.8,20160807,20250716
424350-99999,BARMER,IN,+25.750,+071.383,+0194.0,19440101,20250824
424410-99999,ERINPURA /JAWAI DAM SITE,IN,+25.083,+073.083,+0295.0,19450801,20250823
424470-99999,BHILWARA,IN,+25.350,+074.633,+0425.0,20020917,20250824
424520-99999,KOTA,IN,+25.160,+075.846,+0273.1,19730101,20250824
424560-99999,SHEOPUR,IN,+25.667,+076.683,+0235.0,19730101,20250824
424590-99999,SHIVPURI,IN,+25.333,+077.650,+0464.0,20020528,20250824
424600-99999,DATIA,IN,+25.667,+078.467,+0229.0,20020417,20250824
424630-99999,JHANSI,IN,+25.491,+078.558,+0244.1,19440101,20250824
424670-99999,NOWGONG,IN,+25.067,+079.450,+0229.0,19440101,20250824
424680-99999,ORAI,IN,+25.983,+079.500,+0141.0,20040508,20250824
424690-99999,HAMIRPUR,IN,+25.950,+080.150,+0109.0,20090205,20250824
424710-99999,FATEHPUR,IN,+25.933,+080.833,+0114.0,19730101,20250421
424730-99999,BANDA,IN,+25.467,+080.367,+0121.0,20040902,20250824
424750-99999,ALLAHABAD ARPT,IN,+25.440,+081.734,+0098.2,19420727,20250716
424790-99999,LAL BAHADUR SHASTRI VARANASI INTL,IN,+25.450,+082.867,+0081.1,19730101,20250824
424820-99999,GHAZIPUR,IN,+25.400,+083.550,+0067.0,20010718,20250824
424830-99999,VARANASI,IN,+25.300,+083.017,+0090.0,19440101,20250824
424840-99999,BALLIA,IN,+25.750,+084.167,+0064.0,20020217,20240326
424880-99999,CHAPRA,IN,+25.783,+084.733,+0058.0,20051019,20250824
424920-99999,JAI PRAKASH NARAYAN INTL PATNA,IN,+25.591,+085.088,+0051.8,19440101,20250824
424980-99999,BHAGALPUR,IN,+25.233,+086.950,+0049.0,19570102,20250824
424990-99999,SABAUR,IN,+25.233,+087.067,+0037.0,20020614,20240910
425000-99999,PURNEA,IN,+25.267,+087.467,+0038.0,19440101,20250824
425030-99999,MALDA,IN,+25.033,+088.133,+0031.0,19730101,20250824
425060-99999,BALURGHAT,IN,+25.217,+088.783,+0026.0,20151207,20250824
425120-99999,SHILLONG ARPT / UMROI ARPT / BARAPANI,IN,+25.700,+091.983,+0891.2,20151208,20250824
425150-99999,CHERRAPUNJI,IN,+25.250,+091.733,+1313.0,19440101,20250824
425160-99999,SHILLONG,IN,+25.567,+091.883,+1598.0,19440101,20250824
425220-99999,HAFLONG,IN,+25.167,+093.017,+0682.0,20151207,20250824
425230-99999,LUMDING,IN,+25.750,+093.183,+0149.0,19730101,20250824
425270-99999,KOHIMA,IN,+25.633,+094.167,+1406.0,19770923,20250824
425390-99999,DEESA,IN,+24.200,+072.200,+0136.0,19440101,20250824
425400-99999,MOUNT ABU,IN,+24.600,+072.717,+1195.0,19440101,20250701
425420-99999,UDAIPUR / MAHARANA PRATAP,IN,+24.618,+073.896,+0513.3,19750811,20250824
425460-99999,CHITTORGARH,IN,+24.883,+074.633,+0404.0,20090205,20250824
425570-99999,RAJGARH,IN,+24.000,+076.717,+0382.0,20090205,20250824
425590-99999,GUNA,IN,+24.650,+077.317,+0478.0,19440101,20250824
425620-99999,TIKAMGARH,IN,+24.767,+078.833,+0345.0,20060328,20250824
425670-99999,KHAJURAHO,IN,+24.983,+079.917,+0217.0,20020623,20250824
425700-99999,PANNA,IN,+24.717,+080.167,+0354.0,20010726,20250324
425710-99999,SATNA,IN,+24.567,+080.833,+0317.0,19440101,20250824
425740-99999,REWA,IN,+24.533,+081.300,+0299.0,20090205,20250824
425770-99999,SIDHI,IN,+24.417,+081.867,+0272.0,19730101,20250824
425870-99999,DALTONGANJ,IN,+24.050,+084.067,+0221.0,19440101,20250824
425880-99999,DEHRI,IN,+24.917,+084.183,+0107.0,19730101,20250824
425910-99999,GAYA,IN,+24.744,+084.951,+0115.8,19421122,20250824
425990-99999,DUMKA,IN,+24.267,+087.250,+0149.0,19440102,20241216
426030-99999,BERHAMPORE,IN,+24.133,+088.267,+0019.0,19440101,20250824
426180-99999,KAILASHAHAR,IN,+24.317,+092.000,+0030.0,19450119,20250824
426190-99999,SILCHAR,IN,+24.750,+092.800,+0029.0,19440101,20250824
426230-99999,IMPHAL,IN,+24.760,+093.897,+0774.2,19441202,20250824
426310-99999,NALIYA,IN,+23.250,+068.850,+0021.0,19730101,20250824
426340-99999,BHUJ,IN,+23.288,+069.670,+0081.7,19440101,20250824
426380-99999,KANDLA AERODROME,IN,+23.150,+070.117,+0029.0,20041007,20250824
426390-99999,NEW KANDLA,IN,+23.000,+070.217,+0014.0,20090205,20250824
426470-99999,AHMEDABAD / SARDAR VALLABHBHAI PATEL INTL,IN,+23.077,+072.635,+0057.6,19440101,20250824
426540-99999,GANDHINAGAR,IN,+23.233,+072.717,+0082.0,20151207,20250824
426610-99999,RATLAM,IN,+23.317,+075.050,+0486.0,19730101,20250824
426620-99999,UJJAIN,IN,+23.183,+075.783,+0489.0,20020615,20250824
426670-99999,BHOPAL / RAJA BHOJ,IN,+23.287,+077.337,+0524.0,19440101,20250824
426710-99999,SAGAR,IN,+23.850,+078.750,+0551.0,19440101,20250824
426720-99999,RAISEN,IN,+23.317,+077.833,+0440.0,19840225,20250824
426740-99999,DAMOH,IN,+23.833,+079.450,+0371.0,20040603,20250824
426750-99999,JABALPUR,IN,+23.178,+080.052,+0495.0,19440101,20250824
426790-99999,UMARIA,IN,+23.533,+080.883,+0459.0,19730101,20250824
426930-99999,AMBIKAPUR,IN,+23.167,+083.250,+0611.0,19730101,20250824
427010-99999,BIRSA MUNDA,IN,+23.314,+085.322,+0654.7,19440101,20250824
427050-99999,PURULIA,IN,+23.333,+086.417,+0255.0,19440325,20250824
427051-99999,KULLU MANALI,IN,+31.877,+077.154,+1089.1,20040707,20250816
427052-99999,CHANDIGARH,IN,+30.673,+076.789,+0308.5,20060812,20250716
427053-99999,LEH,IN,+34.136,+077.547,+3255.9,20060905,20250824
427055-99999,CALICUT,IN,+11.137,+075.955,+0104.2,20100125,20250824
427056-99999,BANGALURU INTL AIRPORT / KEMPEGOWDA INTL,IN,+13.200,+077.700,+0915.0,20080721,20250824
427060-99999,BANKURA,IN,+23.383,+087.083,+0100.0,20050225,20250824
427080-99999,SHANTI NIKETAN,IN,+23.650,+087.700,+0059.0,20010913,20250824
427090-99999,BURDWAN,IN,+23.233,+087.850,+0030.0,19440101,20250824
427110-99999,KRISHNANAGAR,IN,+23.400,+088.517,+0015.0,19950425,20250824
427140-99999,BAGATI,IN,+22.983,+088.367,+0012.0,19801206,20250824
427150-99999,MALANJKHAND,IN,+22.000,+080.700,+0581.0,20011121,20250824
427240-99999,AGARTALA,IN,+23.887,+091.240,+0014.0,19450110,20250824
427260-99999,LENGPUI,IN,+23.841,+092.620,+0426.1,20100719,20250824
427270-99999,AIJAL,IN,+23.733,+092.717,+1097.0,19540101,20240321
427300-99999,OKHA,IN,+22.483,+069.117,+0007.0,20011014,20250824
427310-99999,DWARKA,IN,+22.367,+069.083,+0011.0,19440101,20250824
427370-99999,RAJKOT,IN,+22.309,+070.780,+0134.4,19440101,20250824
427400-99999,SURENDRANAGAR,IN,+22.733,+071.600,+0074.0,19730101,20250824
427440-99999,VALLABH VIDYANAGAR,IN,+22.567,+072.933,+0044.0,19831001,20250824
427480-99999,BARODA AERODROME,IN,+22.333,+073.267,+0037.0,20070520,20240530
427510-99999,DOHAD,IN,+22.833,+074.267,+0333.0,19440101,20240627
427520-99999,DHAR,IN,+22.600,+075.300,+0583.0,19740724,20250627
427540-99999,DEVI AHILYABAI HOLKAR,IN,+22.722,+075.801,+0563.9,19440101,20250824
427630-99999,HOSHANGABAD,IN,+22.767,+077.767,+0302.0,19440101,20250824
427670-99999,PACHMARHI,IN,+22.467,+078.433,+1075.0,19440101,20250824
427680-99999,CHHINDWARA,IN,+22.100,+079.000,+0685.0,20020814,20250824
427700-99999,NARSINGHPUR,IN,+22.950,+079.183,+0356.0,20010709,20250824
427710-99999,SEONI,IN,+22.083,+079.550,+0619.0,19440101,20250824
427760-99999,MANDLA,IN,+22.583,+080.367,+0443.0,20070520,20250824
427790-99999,PENDRA ROAD,IN,+22.767,+081.900,+0625.0,19440101,20250824
427820-99999,BILASPUR,IN,+21.988,+082.111,+0274.0,20110724,20250824
427900-99999,JASHPURNAGAR,IN,+22.883,+084.133,+0771.0,20011004,20240423
427920-99999,SUNDARGARH,IN,+22.117,+084.033,+0240.0,20020620,20250824
427930-99999,ROURKELA,IN,+22.217,+084.883,+0196.0,20170815,20250824
427950-99999,CHAIBASA,IN,+22.550,+085.817,+0226.0,19440101,20250824
427980-99999,JAMSHEDPUR,IN,+22.813,+086.169,+0153.9,19730101,20250824
427990-99999,JAMSHEDPUR,IN,+22.817,+086.183,+0129.0,19450801,20250824
428030-99999,MIDNAPORE,IN,+22.417,+087.317,+0045.0,19730101,20250824
428050-99999,ULUBERIA,IN,+22.500,+087.950,+0005.0,19810506,20250824
428070-99999,BEHALA,IN,+22.505,+088.293,+0002.4,19440331,20250824
428090-99999,NETAJI SUBHASH CHANDRA BOSE INTL,IN,+22.655,+088.447,+0004.9,19430831,20250824
428110-99999,DIAMOND HARBOUR,IN,+22.183,+088.200,+0007.0,20011015,20250824
428120-99999,CANNING,IN,+22.250,+088.667,+0004.0,20090205,20250824
428300-99999,PORBANDAR,IN,+21.650,+069.667,+0005.0,19730101,20250824
428320-99999,KESHOD,IN,+21.317,+070.317,+0050.0,20010916,20250824
428340-99999,AMRELI,IN,+21.600,+071.217,+0115.0,19740517,20250824
428370-99999,MAHUVA,IN,+21.083,+071.783,+0009.0,20010711,20250824
428380-99999,BHAUNAGAR,IN,+21.750,+072.200,+0005.0,19730102,20250824
428400-99999,SURAT,IN,+21.200,+072.833,+0012.0,19440101,20250824
428410-99999,BROACH,IN,+21.733,+073.000,+0017.0,20011001,20240101
428460-99999,NANDURBAR,IN,+21.333,+074.250,+0206.0,20160321,20250824
428490-99999,KHARGONE,IN,+21.817,+075.617,+0251.0,20090205,20250824
428510-99999,JALGAON,IN,+21.050,+075.567,+0201.0,19440101,20250824
428550-99999,KHANDWA,IN,+21.833,+076.367,+0318.0,19440101,20250824
428600-99999,BETUL,IN,+21.867,+077.933,+0653.0,19730101,20250824
428660-99999,NAGPUR (MAYO HOSPITAL),IN,+21.150,+079.117,+0311.0,19860516,20250405
428670-99999,DR BABA SAHEB AMBEDKAR INTL,IN,+21.092,+079.047,+0314.9,19440101,20250824
428710-99999,GONDIA ARPT/BIRSI,IN,+21.524,+080.288,+0300.8,19730101,20250824
428720-99999,MANA,IN,+21.233,+081.650,+0313.0,20151207,20250824
428740-99999,PBO RAIPUR,IN,+21.233,+081.650,+0298.0,19960701,20250824
428750-99999,SWAMI VIVEKANANDA,IN,+21.183,+081.733,+0317.6,19440101,20250824
428760-99999,DURG,IN,+21.183,+081.283,+0293.0,20020315,20250824
428830-99999,SAMBALPUR,IN,+21.467,+083.967,+0148.0,19440101,20250824
428860-99999,JHARSUGUDA / VEER SURENDRA SAI,IN,+21.914,+084.050,+0228.9,19570102,20250824
428910-99999,KEONGJHARGARH,IN,+21.617,+085.517,+0463.0,20010917,20250824
428940-99999,BARIPADA,IN,+21.933,+086.767,+0054.0,20090205,20250824
428950-99999,BALASORE,IN,+21.517,+086.933,+0020.0,19440101,20250824
429000-99999,CONTAI,IN,+21.783,+087.750,+0011.0,20020314,20250824
429010-99999,DIGHA,IN,+21.617,+087.500,+0006.0,20090204,20250824
429030-99999,SAGAR ISLAND,IN,+21.650,+088.050,+0003.0,19440101,20250824
429090-99999,VERAVAL,IN,+20.900,+070.367,+0008.0,19440101,20250824
429140-99999,DIU APRT,IN,+20.715,+070.922,+0009.1,20151207,20250824
429150-99999,BULSAR,IN,+20.617,+072.933,+0015.0,20090205,20240918
429160-99999,DAMAN,IN,+20.417,+072.850,+0012.0,19780110,20250824
429200-99999,OZAR AIR FORCE STATION /NASHIK ARPT,IN,+20.119,+073.914,+0598.0,19890430,20250824
429210-99999,NASIK CITY,IN,+19.967,+073.817,+0598.0,20060202,20250824
429250-99999,MALEGAON,IN,+20.550,+074.533,+0437.0,19440101,20250824
429310-99999,BULDANA,IN,+20.533,+076.233,+0650.0,19730101,20250824
429330-99999,AKOLA,IN,+20.700,+077.033,+0282.0,19440101,20250824
429340-99999,AKOLA,IN,+20.699,+077.059,+0304.5,19730101,20241109
429350-99999,WASHIM,IN,+20.117,+077.117,+0565.0,20090205,20250824
429370-99999,AMRAOTI,IN,+20.933,+077.783,+0370.0,19440101,20250824
429390-99999,WARDHA,IN,+20.667,+078.583,+0283.0,20070520,20250824
429430-99999,YEOTMAL,IN,+20.400,+078.150,+0451.0,19730101,20250824
429460-99999,BRAMHAPURI,IN,+20.600,+079.850,+0229.0,19831018,20250824
429480-99999,RAJNANDGAON,IN,+21.100,+081.033,+0329.0,20151208,20250824
429610-99999,TITLAGARH,IN,+20.300,+083.300,+0211.0,19730101,20250824
429660-99999,PHULBANI,IN,+20.483,+084.267,+0489.0,20010707,20250813
429690-99999,ANGUL,IN,+20.833,+085.100,+0139.0,19730101,20250824
429700-99999,CUTTACK,IN,+20.467,+085.933,+0027.0,19440101,20250824
429710-99999,BHUBANESHWAR / BIJU PATNAIK INTL,IN,+20.244,+085.818,+0042.1,19570102,20250824
429730-99999,CHANDBALI,IN,+20.783,+086.733,+0006.0,19440101,20250824
429760-99999,PARADIP (C.W.R.),IN,+20.300,+086.683,+0008.0,20020521,20250824
430010-99999,DAHANU,IN,+19.967,+072.717,+0005.0,19440101,20250824
430030-99999,CHHATRAPATI SHIVAJI MAHARAJ INTL,IN,+19.089,+072.868,+0011.3,19440101,20250824
430050-99999,T B I A,IN,+19.150,+072.000,+0012.0,20170418,20250824
430090-99999,AHMADNAGAR,IN,+19.083,+074.800,+0657.0,19440101,20250824
430110-99999,BIR,IN,+19.000,+075.717,+0519.0,20020317,20250824
430140-99999,AURANGABAD,IN,+19.863,+075.398,+0582.5,19730101,20250824
430170-99999,PARBHANI,IN,+19.133,+076.833,+0422.0,19440101,20250824
430210-99999,NANDED,IN,+19.083,+077.333,+0358.0,20151207,20250824
430250-99999,ADILABAD,IN,+19.650,+078.533,+0269.0,19851202,20250824
430290-99999,CHANDRAPUR,IN,+19.967,+079.300,+0193.0,19440101,20250824
430410-99999,JAGDALPUR,IN,+19.083,+082.033,+0553.0,19440101,20250824
430420-99999,BHAWANIPATNA,IN,+19.917,+083.183,+0261.0,19810103,20250824
430490-99999,GOPALPUR,IN,+19.267,+084.883,+0017.0,19440101,20250824
430530-99999,PURI,IN,+19.800,+085.817,+0006.0,19730101,20250824
430570-99999,BOMBAY / COLABA,IN,+18.900,+072.817,+0011.0,20041228,20250824
430580-99999,ALIBAG,IN,+18.633,+072.867,+0007.0,20020509,20250822
430600-99999,MATHERAN,IN,+18.983,+073.283,+0695.0,20170604,20250824
430630-99999,PUNE,IN,+18.533,+073.850,+0558.0,19440101,20250824
430670-99999,PASHAN CTI,IN,+18.533,+073.850,+0560.0,20180724,20250823
430690-99999,BARAMATI,IN,+18.150,+074.583,+0551.0,19840213,20250824
430710-99999,JEUR,IN,+18.200,+075.200,+0521.0,20151208,20250824
430760-99999,UDGIR,IN,+18.067,+077.117,+0639.0,20151208,20250824
430810-99999,NIZAMABAD,IN,+18.667,+078.100,+0381.0,19440101,20250824
430830-99999,MEDAK,IN,+18.050,+078.267,+0472.0,19870905,20250824
430860-99999,RAMGUNDAM,IN,+18.767,+079.433,+0156.0,19730101,20250824
430870-99999,HANAMKONDA,IN,+18.017,+079.567,+0269.0,19440101,20250824
430930-99999,BAILADILA,IN,+18.583,+081.233,+1144.0,19890521,20250212
430970-99999,KORAPUT,IN,+18.817,+082.717,+0913.0,19730113,20250824
431050-99999,KALINGAPATAM,IN,+18.333,+084.133,+0006.0,19440101,20250824
431090-99999,HARNAI,IN,+17.817,+073.100,+0020.0,19440101,20250824
431100-99999,RATNAGIRI,IN,+16.983,+073.333,+0067.0,19440101,20250824
431110-99999,MAHABALESHWAR,IN,+17.933,+073.667,+1382.0,19440101,20250824
431130-99999,SATARA,IN,+17.517,+074.050,+0612.0,20020727,20250824
431170-99999,SOLAPUR,IN,+17.628,+075.935,+0482.8,19440101,20250824
431210-99999,GULBARGA,IN,+17.350,+076.850,+0458.0,19440101,20250824
431250-99999,BIDAR,IN,+17.917,+077.533,+0663.0,19440701,20250824
431280-99999,BEGUMPET AIRPORT / HYDERABAD INTL,IN,+17.452,+078.461,+0531.0,19440101,20250824
431285-99999,HYDERABAD INTL AIRPORT / RAJIV GANDHI INTL,IN,+17.233,+078.417,+0617.0,20080721,20250824
431330-99999,NALGONDA,IN,+17.000,+079.250,+0227.0,19771019,20250824
431360-99999,BHADRACHALAM,IN,+17.667,+080.883,+0054.0,19730104,20250824
431370-99999,KHAMMAM,IN,+17.250,+080.150,+0112.0,19440101,20250824
431470-99999,TUNI,IN,+17.350,+082.550,+0035.0,20090204,20250824
431490-99999,VISHAKHAPATNAM CTLZ,IN,+17.717,+083.217,+0004.6,19540101,20250824
431500-99999,CWC VISHAKHAPATNAM/WALTAIR,IN,+17.700,+083.300,+0066.0,19440101,20250824
431570-99999,KOLHAPUR,IN,+16.665,+074.289,+0608.4,19730101,20250824
431580-99999,SANGLI,IN,+16.850,+074.600,+0549.0,19750906,20250824
431610-99999,BIJAPUR,IN,+16.817,+075.717,+0594.0,19440101,20250824
431680-99999,MAHABUBNAGAR,IN,+16.750,+078.000,+0505.0,20090205,20250824
431690-99999,RAICHUR,IN,+16.200,+077.350,+0400.0,19440101,20250824
431770-99999,RENTACHINTALA,IN,+16.550,+079.550,+0106.0,19440101,20250823
431810-99999,VIJAYAWADA,IN,+16.530,+080.797,+0025.0,19730103,20250824
431820-99999,NANDIGAMA,IN,+16.783,+080.283,+0051.0,20090205,20250824
431840-99999,NIDADAVOLE,IN,+16.833,+081.583,+0013.0,20011125,20250413
431850-99999,MACHILIPATNAM/FRANCHPET,IN,+16.200,+081.150,+0003.0,19540101,20250824
431870-99999,NARSAPUR,IN,+16.433,+081.700,+0004.0,20040528,20250824
431890-99999,KAKINADA,IN,+16.950,+082.233,+0008.0,19440101,20250824
431920-99999,GOA/PANJIM,IN,+15.483,+073.817,+0058.4,19730101,20250824
431930-99999,VENGURLA,IN,+15.867,+073.633,+0016.0,19561031,20241230
431940-99999,GOA INTL,IN,+15.381,+073.831,+0056.1,19730101,20250824
431960-99999,MORMUGAO,IN,+15.417,+073.783,+0062.0,19440101,20250823
431970-99999,BELGAUM,IN,+15.850,+074.533,+0753.0,19440101,20250625
431971-99999,BELGAUM AIRPORT / BELAGAVI,IN,+15.850,+074.617,+0747.0,20151207,20250824
431980-99999,BELGAUM,IN,+15.859,+074.618,+0758.0,19730101,20250824
432000-99999,DHARWAD,IN,+15.483,+074.983,+0678.0,20151208,20250824
432010-99999,GADAG,IN,+15.417,+075.633,+0650.0,19440101,20250824
432011-99999,HUBLI / HUBBALLI,IN,+15.350,+075.083,+0661.3,20151110,20250824
432070-99999,PARANGIPETTAI,IN,+11.500,+079.767,+0003.0,20151207,20250824
432120-99999,NANDYAL,IN,+15.467,+078.483,+0212.0,20010825,20250824
432130-99999,KURNOOL,IN,+15.800,+078.067,+0281.0,19440101,20250824
432200-99999,BAPATLA,IN,+15.900,+080.467,+0006.0,19790416,20250824
432210-99999,ONGOLE,IN,+15.500,+080.083,+0012.0,19730101,20250824
432250-99999,KARWAR,IN,+14.783,+074.133,+0004.0,19730101,20250824
432260-99999,HONAVAR,IN,+14.283,+074.450,+0009.0,19440101,20250824
432270-99999,HAVERI,IN,+14.783,+075.400,+0573.0,20151208,20250824
432290-99999,SHIRALI,IN,+14.067,+074.533,+0045.0,19771222,20250128
432300-99999,DAVANGERE,IN,+14.500,+075.917,+0620.0,20151208,20250824
432330-99999,CHITRADURGA,IN,+14.233,+076.433,+0733.0,19440101,20250824
432370-99999,PBO ANANTAPUR,IN,+14.583,+077.633,+0364.0,19540101,20250824
432410-99999,CUDDAPAH,IN,+14.483,+078.833,+0130.0,19440101,20250824
432430-99999,KAVALI,IN,+14.900,+079.983,+0017.0,20040528,20250824
432450-99999,NELLORE,IN,+14.450,+079.983,+0020.0,19440101,20250824
432580-99999,SHIVAMOGGA,IN,+13.858,+075.620,+0630.6,20010904,20250824
432600-99999,CHICKMAGALUR,IN,+13.250,+075.750,+1057.0,20090205,20250602
432630-99999,HASSAN,IN,+12.967,+076.333,+0955.0,20020522,20241019
432660-99999,M.O. AGATHI AIRPORT,IN,+10.850,+072.467,+0003.0,20090205,20250824
432710-99999,AROGYAVARAM,IN,+13.533,+078.500,+0701.0,19730101,20250824
432720-99999,CHINTAMANI,IN,+13.200,+078.067,+0857.0,20151208,20250824
432750-99999,TIRUPATHI,IN,+13.667,+079.583,+0105.0,19860108,20250824
432770-99999,TIRUTTANI,IN,+13.150,+079.533,+0087.0,19780210,20250824
432780-99999,NUMGAMBAKKAM,IN,+13.067,+080.200,+0007.0,19870110,20250824
432790-99999,CHENNAI INTL,IN,+12.994,+080.181,+0015.8,19440101,20250824
432840-99999,MANGALORE,IN,+12.961,+074.890,+0102.7,19730101,20250824
432850-99999,MANGALORE/PANAMBUR,IN,+12.950,+074.833,+0031.0,19740429,20250107
432870-99999,MADIKERI,IN,+12.417,+075.733,+1153.0,19440101,20250729
432890-99999,MANDYA,IN,+12.500,+076.833,+0695.0,19811012,20250318
432910-99999,MYSORE,IN,+12.300,+076.700,+0767.0,19440101,20250824
432950-99999,BANGALORE,IN,+12.967,+077.583,+0921.0,19730101,20250824
432960-99999,BANGALORE/HINDUSTAN AIRPORT,IN,+12.950,+077.633,+0888.0,19420901,20240531
433010-99999,DHARMAPURI,IN,+12.133,+078.033,+0396.0,19771125,20250824
433020-99999,TIRUPPATTUR,IN,+12.483,+078.567,+0385.0,20151212,20250824
433025-99999,BANGALORE / HAL AIRPORT BENGALURU,IN,+12.950,+077.668,+0887.6,20050507,20250824
433030-99999,VELLORE,IN,+12.917,+079.150,+0214.0,19440101,20250824
433090-99999,MAYA BANDAR,IN,+12.917,+092.917,+0028.0,19730101,20250824
433100-99999,LONG ISLAND,IN,+12.417,+092.933,+0025.0,20070520,20250824
433110-99999,M.O. AMINI,IN,+11.117,+072.733,+0003.0,19730101,20250824
433140-99999,KOZHIKODE,IN,+11.250,+075.783,+0005.0,19440101,20250824
433150-99999,CANNUR,IN,+11.833,+075.333,+0018.0,19771015,20250824
433160-99999,NILAMBUR,IN,+11.283,+076.233,+0031.0,19990225,20241028
433170-99999,UDHAGAMANDALAM,IN,+11.400,+076.733,+2249.0,19440101,20250824
433180-99999,COONOOR,IN,+11.350,+076.800,+1747.0,19860214,20250824
433200-99999,M.O. KARIPUR AIRPORT,IN,+11.133,+075.950,+0100.0,20090205,20240531
433210-99999,COIMBATORE,IN,+11.031,+077.044,+0403.6,19730101,20250824
433220-99999,CHAMARAJNAGAR,IN,+11.933,+076.933,+0760.0,20151208,20250802
433240-99999,ARIYALUR,IN,+11.167,+079.000,+0747.0,19771101,20250823
433250-99999,SALEM,IN,+11.650,+078.167,+0278.0,19440101,20250824
433260-99999,KALLAKKURICHCHI,IN,+11.733,+078.967,+0127.0,19730101,20240702
433270-99999,KARAIKUDI,IN,+10.067,+078.800,+0092.0,19760323,20250522
433290-99999,CUDDALORE,IN,+11.767,+079.767,+0012.0,19440101,20250824
433300-99999,THANJAVUR,IN,+10.783,+079.133,+0068.0,19761009,20250824
433310-99999,M.O. PONDICHERRY,IN,+11.967,+079.817,+0038.0,20090204,20250824
433330-99999,PORT BLAIR,IN,+11.667,+092.717,+0079.0,19451101,20250824
433340-99999,ANDROTH,IN,+10.800,+073.983,+0005.0,20020807,20250203
433350-99999,PALAKKAD,IN,+10.767,+076.650,+0097.0,19440101,20250824
433370-99999,KAVARATTI HELIPORT,IN,+10.542,+072.616,+0009.1,20160101,20250324
433380-99999,ERODE,IN,+11.483,+077.767,+0172.0,20190623,20250824
433390-99999,KODAIKANAL,IN,+10.233,+077.467,+2343.0,19440101,20250824
433400-99999,YERCAUD,IN,+11.750,+078.167,+1463.0,20151207,20250824
433410-99999,VALPARAI,IN,+10.283,+077.000,+1041.0,20151207,20250824
433420-99999,K. PARAMATHY,IN,+10.950,+078.083,+0181.0,19780731,20250824
433430-99999,TIRUCHIRAPALLI TOWN,IN,+10.767,+078.717,+0088.0,20160205,20250104
433440-99999,TIRUCHIRAPPALLI,IN,+10.765,+078.710,+0087.8,19440101,20250824
433450-99999,KUDIMIAMALAI,IN,+10.400,+078.667,+0123.0,20151211,20241213
433460-99999,KARAIKAL,IN,+10.917,+079.833,+0007.0,19990412,20250824
433470-99999,NAGAPPATTINAM,IN,+10.767,+079.850,+0009.0,19440101,20250824
433480-99999,ATIRAMAPATTINAM,IN,+10.333,+079.383,+0006.0,20030727,20250824
433490-99999,VEDARANNIYAM,IN,+10.367,+079.850,+0004.0,19990908,20241112
433510-99999,FORT COCHIN,IN,+09.967,+076.233,+0003.0,19540101,20250418
433520-99999,ALAPUZHA,IN,+09.550,+076.417,+0004.0,19440701,20241029
433530-99999,COCHIN,IN,+09.946,+076.272,+0002.4,19440101,20250824
433540-99999,PUNALUR,IN,+09.000,+076.917,+0034.0,20020827,20250824
433550-99999,KOTTAYAM,IN,+09.533,+076.600,+0078.0,20010707,20250824
433560-99999,PERIAKULAM,IN,+10.000,+077.133,+0300.0,20151207,20250824
433570-99999,THRISSUR,IN,+10.517,+076.217,+0039.0,20151207,20250824
433590-99999,MADURAI,IN,+09.917,+078.117,+0133.0,19730101,20250824
433600-99999,MADURAI,IN,+09.835,+078.093,+0139.9,19440101,20250824
433610-99999,TONDI,IN,+09.733,+079.033,+0005.0,20030727,20250824
433630-99999,PAMBAN,IN,+09.283,+079.217,+0011.0,19440101,20250824
433640-99999,HUT BAY,IN,+10.583,+092.550,+0005.0,20020604,20250824
433670-99999,CAR NICOBAR,IN,+09.167,+092.833,+0010.0,19730101,20250824
433680-99999,CAR NICOBAR(IN-AFB),IN,+09.150,+092.817,+0014.0,19730101,20250716
433690-99999,MINICOY,IN,+08.300,+073.150,+0002.0,19440101,20250824
433710-99999,THIRUVANANTHAPURAM,IN,+08.483,+076.950,+0064.0,19440101,20250824
433720-99999,THIRUVANANTHAPURAM INTL,IN,+08.482,+076.920,+0004.6,19960201,20250824
433760-99999,PALAYANKOTTAI,IN,+08.733,+077.750,+0051.0,19730101,20250823
433770-99999,KANNIYAKUMARI,IN,+08.083,+077.500,+0037.0,19800710,20250824
433790-99999,TUTICORIN NEW PORT,IN,+08.750,+078.183,+0002.0,20090205,20250822
433820-99999,NANCOWRY,IN,+07.983,+093.533,+0026.0,19730101,20250824
433990-99999,PARO,BT,+27.403,+089.425,+2234.8,20101206,20250824
434040-99999,JAFFNA,CE,+09.650,+080.017,+0003.0,20010820,20250824
434100-99999,MULLAITTIVU,CE,+09.267,+080.817,+0002.0,19840105,20250824
434130-99999,MANNAR,CE,+08.983,+079.917,+0003.0,19570701,20250824
434150-99999,VAVUNIYA,CE,+08.750,+080.500,+0098.0,20020326,20250824
434180-99999,CHINA BAY,CE,+08.539,+081.182,+0001.8,19450801,20250824
434210-99999,ANURADHAPURA,CE,+08.301,+080.428,+0098.8,19620101,20250824
434220-99999,MAHA ILLUPPALLAMA,CE,+08.117,+080.467,+0117.0,19990909,20250824
434240-99999,PUTTALAM,CE,+08.033,+079.833,+0002.0,19590112,20250824
434360-99999,BATTICALOA,CE,+07.706,+081.679,+0006.1,19570701,20250824
434410-99999,KURUNEGALA,CE,+07.467,+080.367,+0116.0,20030112,20250824
434440-99999,KANDY,CE,+07.333,+080.633,+0477.0,20030111,20250824
434500-99999,BANDARANAIKE INTL COLOMBO,CE,+07.181,+079.866,+0008.8,19620101,20250824
434660-99999,COLOMBO,CE,+06.900,+079.867,+0007.0,19440101,20250824
434670-99999,COLOMBO RATMALANA,CE,+06.822,+079.886,+0006.7,19440513,20250824
434730-99999,NUWARA ELIYA,CE,+06.967,+080.767,+1880.0,19570701,20250824
434750-99999,POTTUVIL,CE,+06.883,+081.833,+0008.0,20070619,20250824
434760-99999,DIYATALAWA,CE,+06.817,+080.967,+1250.0,20050714,20250824
434790-99999,BADULLA,CE,+06.983,+081.050,+0667.0,20030112,20250824
434860-99999,RATNAPURA,CE,+06.683,+080.400,+0088.0,20020116,20250824
434950-99999,GALLE,CE,+06.033,+080.217,+0013.0,20020116,20250824
434970-99999,HAMBANTOTA,CE,+06.117,+081.133,+0020.0,19450801,20250824
435330-99999,HANIMAADHOO,MV,+06.733,+073.167,+0002.0,19930501,20250824
435550-99999,MALE INTL / VELANA INTL,MV,+04.192,+073.529,+0001.8,19810101,20250824
435770-99999,KADHDHOO,MV,+01.883,+073.500,+0002.0,19940301,20250824
435880-99999,KAADEDHDHOO,MV,+00.483,+072.983,+0002.0,20010916,20250824
435990-99999,GAN ISLAND,MV,-00.693,+073.156,+0001.8,19811001,20250824
442030-99999,RINCHINLHUMBE,MG,+51.117,+099.667,+1583.0,19830421,20250824
442070-99999,HATGAL,MG,+50.433,+100.150,+1668.0,19630301,20250824
442100-99999,NOGOONNUUR,MG,+49.600,+090.350,+1480.0,20070822,20250824
442120-99999,ULAANGOM,MG,+49.800,+092.083,+0939.0,19570701,20250824
442130-99999,BARUUNTURUUN,MG,+49.650,+094.400,+1232.0,19830102,20250824
442140-99999,ULGI,MG,+48.933,+089.933,+1715.0,19590101,20250824
442150-99999,OMNO-GOBI,MG,+49.017,+091.717,+1590.0,19730101,20250824
442160-99999,HUNHATAOORTOO,MG,+48.817,+093.100,+1051.0,19751001,20250824
442170-99999,TOLBO,MG,+48.417,+090.300,+2101.0,19730401,20250824
442180-99999,HOVD,MG,+48.017,+091.567,+1405.0,19561016,20250824
442190-99999,URGAMAL,MG,+48.517,+094.300,+1263.0,19750109,20250824
442210-99999,GANDAN HURYEE,MG,+49.650,+095.783,+1421.0,19730401,20250824
442240-99999,TSETSEN UUL,MG,+48.767,+096.000,+1928.0,19751003,20250824
442250-99999,TOSONTSENGEL,MG,+48.733,+098.200,+1723.0,19690101,20250824
442290-99999,TARIAT,MG,+48.083,+099.550,+2041.0,19730101,20250824
442300-99999,TARIALAN,MG,+49.567,+102.000,+1235.0,19830112,20250824
442310-99999,MUREN,MG,+49.633,+100.167,+1283.0,19560802,20250824
442320-99999,HUTAG,MG,+49.383,+102.700,+0938.0,19630301,20250824
442370-99999,ERDENEMANDAL,MG,+48.533,+101.383,+1509.0,19830102,20250824
442390-99999,BULGAN,MG,+48.800,+103.550,+1208.0,19560805,20250824
442410-99999,BARUUNHARAA,MG,+48.917,+106.067,+0807.0,19560802,20250824
442420-99999,HADATYN,MG,+49.450,+107.200,+0762.0,19730102,20250824
442430-99999,ULYGAIIN DUGANG,MG,+49.833,+107.733,+0883.0,19730101,20250824
442540-99999,TATAAL,MG,+48.850,+111.450,+0994.0,19630301,20250824
442560-99999,DASHBALBAR,MG,+49.550,+114.400,+0705.0,19831201,20250824
442570-99999,BINDER,MG,+48.617,+110.600,+0747.0,19560803,20250824
442590-99999,CHOIBALSAN,MG,+48.083,+114.550,+0747.0,19560802,20250824
442650-99999,BAITAG,MG,+46.117,+091.467,+1186.0,19630301,20250824
442660-99999,TONHIL,MG,+46.317,+093.900,+2095.0,19731004,20250824
442720-99999,ULIASTAI,MG,+47.750,+096.850,+1759.0,19560901,20250824
442750-99999,BAYANBULAG,MG,+46.833,+098.083,+2255.0,19831011,20250824
442770-99999,ALTAI,MG,+46.400,+096.250,+2181.0,19560802,20250824
442820-99999,TSETSERLEG,MG,+47.450,+101.467,+1691.0,19560803,20250824
442840-99999,GALUUT,MG,+46.700,+100.133,+2126.0,19570725,20250824
442850-99999,HUJIRT,MG,+46.900,+102.767,+1662.0,19580410,20250824
442860-99999,BAT OLDZIY BUND,MG,+46.967,+103.800,+1358.0,19730103,20250824
442870-99999,BAYANHONGOR,MG,+46.133,+100.683,+1859.0,19630301,20250824
442880-99999,ARVAIHEER,MG,+46.267,+102.783,+1813.0,19560802,20250824
442910-99999,SONGIIN,MG,+47.850,+106.750,+1272.0,20070822,20250824
442920-99999,CHINGGIS KHAAN INTL / BUYANT UKHAA INTL,MN,+47.843,+106.767,+1330.1,19560802,20250824
442940-99999,MAANTI,MG,+47.300,+107.483,+1430.0,19560821,20250824
442980-99999,CHOIR,MG,+46.450,+108.217,+1286.0,19560802,20250824
443020-99999,BAYAN-OVOO,MG,+47.783,+112.117,+0926.0,19690101,20250824
443040-99999,UNDERKHAAN,MG,+47.317,+110.633,+1033.0,19560802,20250824
443050-99999,BARUUN-URT,MG,+46.683,+113.283,+0981.0,19600101,20250824
443130-99999,KHALKH-GOL,MG,+47.617,+118.617,+0688.0,19831011,20250824
443140-99999,MATAD,MG,+47.167,+115.633,+0907.0,19750808,20250824
443170-99999,ERDENETSAGAAN,MG,+45.900,+115.367,+1076.0,19730101,20250824
443250-99999,ERDENI,MG,+45.150,+097.767,+2417.0,19630301,20250824
443290-99999,AMARBUYANTAYN,MG,+44.617,+098.700,+2103.0,19731004,20250824
443360-99999,SAIKHAN-OVOO,MG,+45.450,+103.900,+1316.0,19831011,20250824
443380-99999,BOGD,MG,+44.650,+102.167,+1646.0,19750809,20250824
443410-99999,MANDALGOBI,MG,+45.767,+106.283,+1393.0,19560802,20250824
443470-99999,TSOGT-OVOO,MG,+44.417,+105.317,+1298.0,19690101,20250824
443480-99999,BAYAN DOBO SUMA,MG,+44.567,+107.183,+1093.0,19731129,20250824
443520-99999,BAYANDELGER,MG,+45.733,+112.367,+1101.0,19561031,20250824
443540-99999,SAINSHAND,MG,+44.900,+110.117,+0938.0,19560802,20250824
443580-99999,ZAMYN-UUD,MG,+43.733,+111.900,+0964.0,19560803,20250824
443730-99999,DALANZADGAD,MG,+43.583,+104.417,+1465.0,19560802,20250824
443740-99999,SHINE USA,MG,+42.900,+100.217,+1494.0,19730102,20250824
443850-99999,HANBOGD,MG,+43.200,+107.167,+0914.0,19751201,20250824
443860-99999,UNKNOWN MONGOLIA,MG,+43.183,+109.217,+0213.0,19730102,20250824
444040-99999,DADELDHURA,NP,+29.300,+080.583,+1848.0,19780301,20250824
444060-99999,DIPAYAL,NP,+29.250,+080.950,+0617.0,20051012,20250824
444090-99999,DHANGADHI (ATARIYA),NP,+28.800,+080.550,+0187.0,20051012,20250824
444160-99999,SURKHET,NP,+28.600,+081.617,+0720.0,19761101,20250824
444180-99999,NEPALGUNJ AIRPORT,NP,+28.100,+081.667,+0165.0,20051012,20250824
444240-99999,JUMLA,NP,+29.283,+082.167,+2300.0,19750913,20250824
444290-99999,DANG,NP,+28.050,+082.500,+0634.0,20051012,20250824
444340-99999,POKHARA,NP,+28.201,+083.981,+0826.6,19770207,20250824
444380-99999,BHAIRAHAWA / GAUTAM BUDDHA,NP,+27.506,+083.416,+0109.1,19770302,20250824
444490-99999,SIMARA,NP,+27.159,+084.980,+0137.2,19740110,20250824
444540-99999,TRIBHUVAN INTL,NP,+27.697,+085.359,+1338.1,19730521,20250824
444620-99999,OKHALDHUNGA,NP,+27.300,+086.500,+1720.0,19761101,20250824
444740-99999,TAPLEJUNG,NP,+27.350,+087.667,+1732.0,19780701,20250824
444770-99999,DHANKUTA,NP,+26.983,+087.350,+1210.0,19761101,20250824
444780-99999,BIRATNAGAR,NP,+26.481,+087.264,+0071.9,19770208,20250824
450070-99999,HONG KONG INTL,HK,+22.309,+113.915,+0008.5,19481231,20250824
450110-99999,MACAU INTL,MC,+22.150,+113.592,+0006.1,19510320,20250824
450320-99999,TA KWU LING,CH,+22.533,+114.150,+0013.0,19921204,20250824
450350-99999,LAU FAU SHAN,CH,+22.467,+113.983,+0035.0,20040713,20250824
450390-99999,SHA TIN,CH,+22.400,+114.200,+0008.0,20040713,20250824
450440-99999,CHEUNG CHAU,CH,+22.200,+114.017,+0079.0,20020313,20250824
450450-99999,WAGLAN ISLAND,CH,+22.183,+114.300,+0060.0,20040122,20250824
466860-99999,CHIANG KAI SHEK INTL / TAOYUAN INTL,TW,+25.078,+121.233,+0032.6,19790301,20250824
466960-99999,SONGSHAN,TW,+25.069,+121.552,+0005.5,19461231,20250824
467340-99999,MAGONG / PENGHU,TW,+23.569,+119.628,+0031.4,19490531,20250824
467400-99999,KAOHSIUNG INTL,TW,+22.577,+120.350,+0007.9,19730101,20250824
467403-99999,TAITUNG / FONGNIAN,TW,+22.755,+121.102,+0043.6,19820603,20250824
467430-99999,TAINAN,TW,+22.950,+120.206,+0019.2,19471231,20250824
467700-99999,TAICHUNG INTL / CHING CHUANG KANG AB,TW,+24.265,+120.621,+0202.1,19520331,20250824
470030-99999,SENBONG,KN,+42.317,+130.400,+0003.0,19570202,20250824
470050-99999,SAMJIYON,KN,+41.817,+128.300,+1381.0,19760401,20250824
470080-99999,CHONGJIN,KN,+41.783,+129.817,+0043.0,19570202,20250824
470140-99999,CHUNGGANG,KN,+41.783,+126.883,+0331.0,19570202,20250824
470160-99999,HYESAN,KN,+41.400,+128.167,+0714.0,19570202,20250824
470200-99999,KANGGYE,KN,+40.967,+126.600,+0306.0,19570202,20250824
470220-99999,PUNGSAN,KN,+40.817,+128.150,+1200.0,19760401,20250824
470250-99999,KIMCHAEK/SONGJIN,KN,+40.667,+129.200,+0023.0,19570202,20250824
470280-99999,SUPUNG,KN,+40.450,+124.933,+0076.0,19760401,20250824
470310-99999,CHANGJIN,KN,+40.367,+127.250,+1080.0,19760401,20250824
470311-99999,MEILAN,CH,+19.935,+110.459,+0022.9,20040706,20250824
470312-99999,ZHENGDING,CH,+38.281,+114.697,+0071.0,20040706,20250824
470350-99999,SINUIJU,KN,+40.100,+124.383,+0007.0,19570202,20250824
470370-99999,KUSONG,KN,+39.983,+125.250,+0099.0,19760401,20250824
470390-99999,HUICHON,KN,+40.167,+126.250,+0155.0,19760401,20250824
470410-99999,HAMHEUNG,KN,+39.933,+127.550,+0022.0,19570202,20250824
470460-99999,SINPO,KN,+40.033,+128.183,+0019.0,19760401,20250824
470500-99999,ANJU,KN,+39.617,+125.650,+0027.0,19760401,20250824
470520-99999,YANGDOK,KN,+39.217,+126.650,+0279.0,19760401,20250824
470550-99999,WONSAN,KN,+39.183,+127.433,+0036.0,19570202,20250824
470580-99999,PYONGYANG INTL,KN,+39.224,+125.670,+0035.7,19501024,20250824
470600-99999,NAMPO,KN,+38.717,+125.383,+0047.0,19760401,20250824
470610-99999,CHANGJON,KN,+38.733,+128.183,+0034.0,19760401,20250824
470650-99999,SARIWON,KN,+38.517,+125.767,+0052.0,19570202,20250824
470670-99999,SINGYE,KN,+38.500,+126.533,+0097.0,19760401,20250824
470680-99999,RYONGYON,KN,+38.150,+124.883,+0006.0,19760401,20250824
470690-99999,HAEJU,KN,+38.033,+125.700,+0081.0,19570202,20250824
470700-99999,KAESONG,KN,+37.967,+126.567,+0070.0,19570202,20250824
470750-99999,PYONGGANG,KN,+38.417,+127.283,+0352.0,19760401,20250824
470880-99999,SANGJU RANGE,KS,+36.400,+128.283,+0090.3,20050102,20250815
470900-99999,SOKCHO,KS,+38.251,+128.565,+0022.9,19730101,20250824
470920-99999,YANGYANG INTL,KS,+38.061,+128.669,+0073.5,20040405,20250824
470950-99999,CHEORWON,KS,+38.150,+127.300,+0155.0,19880331,20250824
470970-99999,ICHEON,KS,+37.267,+127.483,+0090.0,20090108,20250824
470980-99999,DONGDUCHEON,KS,+37.900,+127.067,+0112.0,20010705,20250824
470990-99999,PAJU,KS,+37.883,+126.766,+0030.0,20030330,20250824
471000-99999,DAEGWALLYEONG,KS,+37.683,+128.717,+0844.0,19791126,20250824
471010-99999,CHUNCHEON,KS,+37.900,+127.733,+0078.0,19510622,20250824
471020-99999,BAENGNYEONGDO,KS,+37.966,+124.630,+0036.0,19800310,20250824
471030-99999,BAENGNYEONGDO AB,KS,+37.933,+124.667,+0171.0,19510916,20250824
471034-99999,YEONPYEUNGDO,KS,+37.700,+125.700,+0091.0,19930702,20250824
471040-99999,A 306,KS,+37.884,+127.718,+0077.0,19600918,20250824
471050-99999,GANGNEUNG,KS,+37.771,+128.868,+0026.1,19730101,20250824
471060-99999,DONGHAE RADAR,KS,+37.500,+129.133,+0037.0,19510701,20250824
471066-99999,CAMP CASEY/TONGDUCH,KS,+37.917,+127.050,+0060.0,19531023,20240712
471070-99999,GANGNEUNG,KS,+37.754,+128.944,+0010.7,19511231,20250818
471074-99999,KEO JIN,KS,+38.467,+128.467,+0107.0,19930802,20250821
471080-99999,SEOUL CITY,KS,+37.567,+126.967,+0087.0,19501204,20250824
471084-99999,PYORIPSAN,KS,+37.783,+126.367,+0250.0,19930829,20250806
471085-99999,PAEKADO,KS,+37.017,+126.050,+0046.0,19930702,20250824
471086-99999,WOONG CHEON,KS,+36.200,+126.550,+0013.0,19930910,20250817
471094-99999,WHANG RYEONG,KS,+37.750,+128.667,+1407.0,19930802,20250819
471100-99999,GIMPO,KS,+37.558,+126.791,+0017.7,19450930,20250824
471110-99999,SEOUL AB,KS,+37.446,+127.114,+0028.0,19740101,20250824
471120-99999,INCHEON,KS,+37.467,+126.633,+0070.0,19730101,20250824
471131-99999,INCHEON INTL,KS,+37.469,+126.451,+0007.0,20040706,20250824
471140-99999,WONJU,KS,+37.438,+127.960,+0100.3,19540424,20250824
471150-99999,ULLEUNGDO,KS,+37.483,+130.900,+0220.0,19730101,20250824
471165-99999,KOREAN AF HQ,KS,+37.500,+126.917,+0049.0,20050102,20250823
471190-99999,SUWON,KS,+37.267,+126.983,+0035.0,19730101,20250824
471200-99999,SUWON,KS,+37.239,+127.007,+0026.8,19510205,20250820
471205-99999,MAESANRI,KS,+37.350,+127.267,+0144.0,19930910,20250814
471210-99999,YEONGWOL,KS,+37.183,+128.467,+0237.0,19810604,20250824
471220-99999,OSAN AB,KS,+37.091,+127.030,+0011.6,19530109,20250824
471223-99999,KOTAR RANGE,KS,+37.100,+128.900,+0792.0,19820624,20250817
471240-99999,SEONGMU,KS,+36.568,+127.500,+0078.6,19910611,20250824
471250-99999,JUNGWON AB,KS,+37.030,+127.885,+0085.6,19920415,20250821
471270-43216,A 511 / DESIDERIO AAF-PYEONGTAEK / CAMP HUMPHREYS ROK,KS,+36.967,+127.033,+0015.5,19510313,20250824
471280-99999,CHEONGJU INTL,KS,+36.717,+127.499,+0058.2,19790315,20250824
471290-99999,SEOSAN,KS,+36.767,+126.500,+0027.0,19730101,20250824
471300-99999,ULJIN,KS,+37.000,+129.417,+0051.2,19780310,20250824
471310-99999,CHEONGJU,KS,+36.633,+127.450,+0059.0,19510228,20250824
471315-99999,YEOJU RANGE,KS,+37.433,+127.633,+0043.0,19730114,20250820
471330-99999,TAEJON,KS,+36.300,+127.400,+0078.0,19730101,20250824
471340-99999,YECHEON,KS,+36.632,+128.355,+0107.9,19770208,20250813
471350-99999,CHUPUNGNYEONG,KS,+36.217,+127.983,+0245.0,19550912,20250824
471360-99999,ANDONG,KS,+36.567,+128.700,+0141.6,19830201,20250824
471370-99999,SANGJU,KS,+36.417,+128.150,+0097.6,19890501,20250824
471380-99999,POHANG,KS,+36.033,+129.383,+0003.6,19730101,20250824
471390-99999,POHANG GYEONGJU,KR,+35.988,+129.420,+0021.3,19730101,20250729
471400-99999,GUNSAN,KS,+36.002,+126.763,+0026.9,19730101,20250824
471410-43219,KUNSAN AB,KS,+35.904,+126.616,+0008.8,19510409,20250824
471420-99999,DAEGU AB,KS,+35.894,+128.659,+0035.4,19501101,20250824
471430-99999,TAEGU ACC (KOR-AFB),KS,+35.883,+128.617,+0061.0,19730101,20250824
471450-99999,CHEONAN,KS,+36.763,+127.293,+0081.5,20090108,20250824
471460-99999,JEONJU,KS,+35.833,+127.117,+0062.6,19730101,20250824
471500-99999,BORYEONG,KS,+36.333,+126.550,+0018.0,20090108,20250824
471520-99999,ULSAN,KS,+35.593,+129.352,+0013.7,19730101,20250824
471530-99999,GIMHAE INTL,KS,+35.180,+128.938,+0001.8,19540719,20250824
471540-99999,GUMI,KS,+36.117,+128.317,+0047.0,20090108,20250824
471550-99999,CHANGWON,KS,+35.170,+128.573,+0036.8,19860601,20250824
471560-99999,GWANGJU,KS,+35.167,+126.900,+0074.0,19730101,20250824
471570-99999,GEOCHANG,KS,+35.667,+127.917,+0226.0,20090108,20250824
471580-99999,GWANGJU,KS,+35.126,+126.809,+0011.9,19531201,20250729
471590-99999,BUSAN,KS,+35.100,+129.033,+0071.0,19730101,20250824
471610-43240,SACHEON AB,KS,+35.083,+128.083,+0008.0,19730101,20250729
471620-99999,TONGYEONG,KS,+34.850,+128.433,+0033.3,19730101,20250824
471630-99999,MUAN INTL AIRPORT,KS,+34.983,+126.383,+0016.0,20080331,20250824
471650-99999,MOKPO,KS,+34.817,+126.383,+0039.0,19730101,20250824
471680-99999,YEOSU,KS,+34.733,+127.750,+0067.0,19730101,20250824
471690-99999,HEUKSANDO,KS,+34.687,+125.451,+0068.5,20010705,20250824
471700-99999,WANDO,KS,+34.400,+126.700,+0035.0,19830201,20250824
471710-99999,JEONGEUP,KS,+35.550,+126.867,+0039.0,20090108,20250824
471720-99999,GOCHANG,KS,+35.349,+126.599,+0055.0,20090108,20250824
471730-99999,NAMWON,KS,+35.417,+127.400,+0132.5,20090108,20250824
471740-99999,SUNCHEON,KS,+35.017,+127.367,+0166.9,19890601,20250824
471790-99999,ULNEUNGDO,KS,+37.500,+130.867,+0968.0,19890503,20250813
471820-99999,JEJU INTL,KS,+33.511,+126.493,+0036.0,19730101,20250824
471840-99999,JEJU,KS,+33.517,+126.533,+0023.0,19510131,20250824
471850-43263,GOSAN,KS,+33.294,+126.163,+0071.0,19880312,20250824
471870-43263,MOSULPO (KOR-AFB),KS,+33.200,+126.267,+0027.1,20220707,20250823
471880-99999,SEONGSAN,KS,+33.383,+126.867,+0018.0,20101208,20250824
471890-99999,SEOGWIPO,KS,+33.250,+126.567,+0051.0,19730101,20250824
471920-99999,JINJU,KS,+35.167,+128.033,+0029.9,19730101,20250824
474010-99999,WAKKANAI,JA,+45.417,+141.683,+0011.7,19521231,20250824
474020-99999,KITAMIESASHI,JA,+44.933,+142.583,+0008.4,19521231,20250824
474040-99999,HABORO,JA,+44.367,+141.700,+0009.6,19521231,20250824
474050-99999,OMU,JA,+44.583,+142.967,+0015.9,19521231,20250824
474060-99999,RUMOI,JA,+43.950,+141.633,+0024.3,19521231,20250824
474070-99999,ASAHIKAWA,JA,+43.750,+142.367,+0140.0,19521231,20250824
474090-99999,ABASHIRI,JA,+44.017,+144.283,+0043.5,19521231,20250824
474110-99999,OTARU,JA,+43.183,+141.017,+0026.3,19521231,20250824
474120-99999,SAPPORO,JA,+43.067,+141.333,+0026.2,19521231,20250824
474130-99999,IWAMIZAWA,JA,+43.217,+141.783,+0051.5,19521231,20250824
474170-99999,OBIHIRO,JA,+42.917,+143.217,+0043.7,19521231,20250824
474180-99999,KUSHIRO/KENEBETSU,JA,+42.983,+144.400,+0037.0,19521231,20250824
474200-99999,NEMURO,JA,+43.333,+145.583,+0027.2,19521231,20250824
474210-99999,SUTTSU,JA,+42.800,+140.217,+0035.1,19521231,20250824
474230-99999,MURORAN/YAKUMO,JA,+42.317,+140.983,+0049.0,19521231,20250824
474240-99999,TOMAKOMAI,JA,+42.617,+141.550,+0007.9,19521231,20250824
474250-99999,NEW CHITOSE,JA,+42.775,+141.692,+0025.0,19451031,20250824
474260-99999,URAKAWA,JA,+42.167,+142.783,+0038.5,19521231,20250824
474280-99999,ESASHI,JA,+41.867,+140.117,+0012.1,19521231,20250824
474300-99999,HAKODATE,JA,+41.817,+140.750,+0043.9,19521231,20250824
474330-99999,KUTCHAN,JA,+42.900,+140.750,+0188.1,19730101,20250824
474340-99999,CHITOSE,JA,+42.794,+141.666,+0026.5,19880901,20250824
474350-99999,MOMBETSU,JA,+44.350,+143.350,+0017.7,19730101,20250824
474400-99999,HIROO,JA,+42.300,+143.317,+0034.2,19730101,20250824
474410-99999,WAKKANAI,JA,+45.404,+141.801,+0009.1,19730101,20250824
474740-99999,MONBETSU,JA,+44.304,+143.404,+0024.4,19730401,20250824
474760-99999,ASAHIKAWA,JA,+43.671,+142.448,+0219.8,19730101,20250824
474770-99999,ASAHIKAWA,JA,+43.795,+142.363,+0114.9,19730103,20250822
474790-99999,SAPPORO,JA,+43.116,+141.380,+0007.6,19730101,20250824
474810-99999,MEMANBETSU,JA,+43.881,+144.164,+0041.1,19730101,20250824
474830-99999,NAKASHIBETSU,JA,+43.578,+144.960,+0071.3,19730410,20250824
474880-99999,HAKODATE,JA,+41.770,+140.822,+0046.0,19730101,20250824
474890-99999,KUSHIRO,JA,+43.041,+144.193,+0099.7,19730101,20250824
474900-99999,OBIHIRO,JA,+42.733,+143.217,+0153.9,19730101,20250824
474905-99999,TOKACHI,JA,+42.891,+143.158,+0085.6,19810506,20250822
475120-99999,OFUNATO,JA,+39.067,+141.717,+0038.4,19730101,20250824
475150-99999,HACHINOHE,JA,+40.556,+141.466,+0046.3,19730101,20250824
475200-99999,SHINJO,JA,+38.750,+140.317,+0102.0,19730101,20250824
475420-99999,AOMORI,JA,+40.735,+140.691,+0202.4,19730101,20250824
475450-99999,AKITA,JA,+39.616,+140.219,+0095.4,19730101,20250824
475490-99999,HANAMAKI,JA,+39.429,+141.135,+0090.5,19730101,20250824
475530-99999,YAMAGATA,JA,+38.412,+140.371,+0107.6,19730101,20250824
475570-99999,FUKUSHIMA,JA,+37.227,+140.431,+0372.2,19950826,20250824
475690-99999,SENDAI,JA,+38.140,+140.917,+0004.6,19730101,20250824
475700-99999,WAKAMATSU,JA,+37.483,+139.917,+0213.6,19730101,20250824
475730-43318,NIIGATA AIRPORT,JA,+37.950,+139.117,+0004.0,19730101,20250824
475740-99999,FUKAURA,JA,+40.650,+139.933,+0068.0,19730101,20250824
475750-99999,AOMORI,JA,+40.817,+140.767,+0004.1,19730101,20250824
475760-99999,MUTSU,JA,+41.283,+141.217,+0004.8,19730101,20250824
475800-44402,MISAWA NAVAL AIR STATION,JA,+40.703,+141.368,+0036.3,20050101,20250824
475810-99999,HACHINOHE,JA,+40.533,+141.517,+0028.5,19730101,20250824
475820-99999,AKITA,JA,+39.717,+140.100,+0021.8,19521231,20250824
475830-99999,ODATE NOSHIRO,JA,+40.192,+140.371,+0089.0,19800302,20250824
475840-99999,MORIOKA,JA,+39.700,+141.167,+0155.4,19521231,20250824
475850-99999,MIYAKO,JA,+39.650,+141.967,+0047.0,19521231,20250824
475870-99999,SAKATA,JA,+38.917,+139.850,+0004.8,19521231,20250824
475874-99999,SHONAI,JA,+38.812,+139.787,+0026.2,19920508,20250824
475880-99999,YAMAGATA,JA,+38.250,+140.350,+0153.7,19521231,20250824
475900-99999,SENDAI,JA,+38.267,+140.900,+0043.8,19541214,20250824
475910-99999,MATSUSHIMA,JA,+38.405,+141.220,+0002.1,19480229,20250824
475920-99999,ISHINOMAKI,JA,+38.433,+141.300,+0042.9,19730101,20250824
475950-99999,FUKUSHIMA,JA,+37.767,+140.467,+0069.3,19730101,20250824
475970-99999,SHIRAKAWA,JA,+37.133,+140.217,+0356.7,19730101,20250824
475980-99999,ONAHAMA,JA,+36.950,+140.900,+0005.1,19730101,20250824
476000-99999,WAJIMA,JA,+37.383,+136.900,+0006.7,19730101,20250824
476020-99999,AIKAWA,JA,+38.033,+138.233,+0007.2,19730101,20250824
476040-99999,NIIGATA,JA,+37.900,+139.017,+0005.7,19730101,20250824
476050-99999,KANAZAWA,JA,+36.583,+136.633,+0033.7,19730101,20250824
476060-99999,FUSHIKI,JA,+36.800,+137.050,+0013.1,19730101,20250824
476070-99999,TOYAMA,JA,+36.717,+137.200,+0017.3,19730101,20250824
476100-99999,NAGANO,JA,+36.667,+138.200,+0419.9,19730101,20250824
476120-99999,TAKADA,JA,+37.100,+138.250,+0014.6,19730101,20250824
476150-99999,UTSUNOMIYA,JA,+36.550,+139.867,+0140.3,19730101,20250824
476160-99999,FUKUI,JA,+36.050,+136.217,+0017.4,19730101,20250824
476170-99999,TAKAYAMA,JA,+36.150,+137.250,+0561.9,19730101,20250824
476180-99999,MATSUMOTO,JA,+36.250,+137.967,+0611.6,19730101,20250824
476200-99999,SUWA,JA,+36.050,+138.117,+0762.6,19730101,20250824
476220-99999,KARUIZAWA,JA,+36.350,+138.550,+1004.8,19730101,20250824
476240-99999,MAEBASHI,JA,+36.400,+139.067,+0114.4,19521231,20250824
476260-99999,KUMAGAYA,JA,+36.150,+139.383,+0031.8,19521231,20250824
476290-99999,MITO,JA,+36.383,+140.467,+0030.7,19521231,20250824
476310-99999,TSURUGA,JA,+35.650,+136.067,+0012.4,19521231,20250824
476320-99999,GIFU,JA,+35.400,+136.767,+0017.0,19521231,20250824
476340-99999,GIFU,JA,+35.394,+136.870,+0039.0,19730101,20250824
476345-99999,CHUBU CENTRAIR INTL,JA,+34.858,+136.805,+0004.6,20050217,20250824
476350-99999,NAGOYA,JA,+35.255,+136.924,+0015.8,19461031,20250824
476360-99999,NAGOYA,JA,+35.167,+136.967,+0056.3,19521231,20250824
476370-99999,IIDA,JA,+35.517,+137.817,+0528.9,19521231,20250824
476380-99999,KOFU,JA,+35.667,+138.550,+0281.5,19521231,20250824
476390-99999,FUJISAN,JA,+35.367,+138.733,+3777.5,19521231,20250824
476400-99999,KAWAGUCHIKO,JA,+35.500,+138.767,+0861.3,19521231,20250824
476410-99999,CHICHIBU,JA,+35.983,+139.067,+0233.7,19521231,20250824
476420-43313,YOKOTA AB,JA,+35.750,+139.350,+0142.0,19990101,20250824
476430-99999,IRUMA,JA,+35.842,+139.411,+0089.9,19460930,20250824
476435-99999,SOMAGAHARA (JGSDF) HELIPAD,JA,+36.433,+138.950,+0395.0,20090201,20250824
476480-99999,CHOSHI,JA,+35.733,+140.850,+0028.1,19521231,20250824
476490-99999,UENO,JA,+34.767,+136.150,+0161.0,19521231,20250824
476510-99999,TSU,JA,+34.733,+136.517,+0018.4,19521231,20250824
476530-99999,IRAKO,JA,+34.633,+137.100,+0007.7,19521231,20250824
476540-99999,HAMAMATSU,JA,+34.750,+137.717,+0047.7,19521231,20250824
476550-99999,OMAEZAKI,JA,+34.600,+138.217,+0046.8,19521231,20250824
476560-99999,SHIZUOKA,JA,+34.983,+138.400,+0015.9,19521231,20250824
476570-99999,MISHIMA,JA,+35.117,+138.933,+0021.9,19521231,20250824
476580-99999,SHIZUHAMA,JA,+34.813,+138.298,+0007.0,19730101,20250824
476610-43321,KISARAZU,JA,+35.398,+139.910,+0003.1,19730103,20250824
476620-99999,TOKYO,JA,+35.683,+139.767,+0036.0,19521231,20250824
476630-99999,OWASE,JA,+34.067,+136.200,+0017.1,19521231,20250824
476660-99999,IROZAKI,JA,+34.600,+138.850,+0053.2,19521231,20250824
476680-99999,AJIRO,JA,+35.050,+139.100,+0067.9,19521231,20250824
476700-99999,YOKOHAMA,JA,+35.433,+139.650,+0042.7,19730101,20250824
476710-99999,TOKYO INTL,JA,+35.552,+139.780,+0010.7,19460911,20250824
476713-99999,ICHIGAYA,JA,+35.680,+139.720,+0031.0,19900725,20250823
476720-99999,TATEYAMA,JA,+34.983,+139.867,+0007.1,19730101,20250824
476740-99999,KATSUURA,JA,+35.150,+140.317,+0013.5,19521231,20250824
476741-99999,AMAKUSA,JA,+32.483,+130.159,+0103.6,20040706,20250824
476742-99999,NOTO,JA,+37.293,+136.962,+0218.8,20040706,20250824
476750-99999,OSHIMA,JA,+34.750,+139.367,+0075.5,19521231,20250824
476770-99999,MIYAKEJIMA,JA,+34.117,+139.517,+0039.6,19521231,20250824
476780-99999,HACHIJOJIMA,JA,+33.117,+139.783,+0152.6,19521231,20250824
476790-43319,ATSUGI US NAVAL AIR STATION,JA,+35.455,+139.450,+0062.5,20050101,20250824
476800-99999,KASTNER AAF / CAMP ZAMA JAPAN,JA,+35.514,+139.394,+0110.0,19541214,20250824
476810-99999,HAMAMATSU,JA,+34.750,+137.703,+0045.7,19730101,20250824
476820-99999,CHIBA,JA,+35.600,+140.100,+0006.1,19730101,20250824
476830-99999,CHOFU AIRPORT,JA,+35.667,+139.533,+0044.0,19541214,20250824
476840-99999,YOKKAICHI,JA,+34.933,+136.583,+0057.1,19730101,20250824
476860-99999,NARITA INTL,JA,+35.765,+140.386,+0043.0,19780519,20250824
476870-99999,TOKYO HELIPORT,JA,+35.633,+139.850,+0008.0,19730101,20250824
476880-99999,TATEYAMA,JA,+34.987,+139.829,+0003.0,19730101,20250824
476900-99999,NIKKO,JA,+36.733,+139.500,+1294.0,19521231,20250824
476920-99999,UTSUNOMIYA,JA,+36.515,+139.871,+0101.8,19730101,20250824
476960-43323,YOKOSUKA NAVAL STATION,JA,+35.283,+139.667,+0049.1,19730101,20250507
477040-99999,KOMATSU,JA,+36.395,+136.407,+0011.0,19730101,20250824
477070-99999,TOYAMA,JA,+36.648,+137.188,+0029.0,19730101,20250824
477090-99999,MATSUMOTO,JA,+36.167,+137.923,+0665.1,19730101,20250824
477150-99999,HYAKURI,JA,+36.181,+140.415,+0032.0,19730101,20250824
477270-99999,SHIMOFUSA,JA,+35.799,+140.011,+0029.9,19730101,20250824
477350-99999,OSHIMA,JA,+34.782,+139.360,+0039.6,19730101,20250824
477390-99999,SHIZUOKA AIRPORT,JA,+34.800,+138.183,+0135.0,19730101,20250824
477400-99999,SAIGO,JA,+36.200,+133.333,+0028.1,19521231,20250824
477410-99999,MATSUE,JA,+35.450,+133.067,+0022.4,19521231,20250824
477420-99999,SAKAI,JA,+35.550,+133.233,+0003.8,19521231,20250824
477430-99999,MIHO,JA,+35.492,+133.236,+0006.1,19480831,20250824
477440-99999,YONAGO,JA,+35.433,+133.333,+0008.5,19521231,20250824
477460-99999,TOTTORI,JA,+35.483,+134.233,+0015.9,19521231,20250824
477470-99999,TOYOOKA,JA,+35.533,+134.817,+0005.8,19521231,20250824
477473-99999,TAJIMA,JA,+35.513,+134.787,+0178.0,19961020,20250824
477500-99999,MAIZURU,JA,+35.450,+135.317,+0004.2,19521231,20250824
477540-99999,HAGI,JA,+34.417,+131.400,+0003.7,19521231,20250824
477550-99999,HAMADA,JA,+34.900,+132.067,+0020.9,19521231,20250824
477560-99999,TSUYAMA,JA,+35.067,+134.017,+0147.8,19521231,20250824
477590-99999,KYOTO,JA,+35.017,+135.733,+0046.5,19451031,20250824
477610-99999,HIKONE,JA,+35.283,+136.250,+0092.8,19521231,20250824
477620-99999,SHIMONOSEKI,JA,+33.950,+130.933,+0019.5,19521231,20250824
477641-43324,AIRFIELD & HARBOR OPERATIONS,JA,+34.137,+132.243,+0000.0,20040401,20250824
477650-99999,HIROSHIMA,JA,+34.400,+132.467,+0054.0,19521231,20250824
477660-99999,KURE,JA,+34.233,+132.550,+0005.0,19521231,20250824
477670-99999,FUKUYAMA,JA,+34.450,+133.250,+0003.6,19521231,20250824
477680-99999,OKAYAMA,JA,+34.683,+133.917,+0007.0,19521231,20250824
477690-99999,HIMEJI,JA,+34.833,+134.667,+0039.7,19521231,20250824
477700-99999,KOBE,JA,+34.700,+135.217,+0030.6,19521231,20250824
477710-99999,OSAKA INTL,JA,+34.786,+135.438,+0015.2,19451101,20250824
477720-99999,OSAKA,JA,+34.683,+135.517,+0083.0,19521231,20250824
477740-99999,KANSAI INTL,JA,+34.433,+135.233,+0007.9,19950827,20250824
477760-99999,SUMOTO,JA,+34.333,+134.900,+0112.4,19521231,20250824
477770-99999,WAKAYAMA,JA,+34.233,+135.167,+0018.0,19521231,20250824
477780-99999,SHIONOMISAKI,JA,+33.450,+135.750,+0069.2,19521231,20250824
477790-99999,YAO,JA,+34.596,+135.603,+0011.9,19730101,20250824
477800-99999,NARA,JA,+34.700,+135.833,+0109.0,19530430,20250824
477820-99999,NANKI SHIRAHAMA,JA,+33.662,+135.364,+0090.8,19730101,20250824
477830-99999,IWAMI,JA,+34.676,+131.790,+0056.1,19940719,20250824
477840-99999,YAMAGUCHI,JA,+34.167,+131.467,+0019.7,19730101,20250824
477860-99999,YAMAGUCHI UBE,JA,+33.930,+131.279,+0007.0,19730101,20250824
477870-99999,OZUKI,JA,+34.045,+131.052,+0004.0,19730101,20250824
477880-99999,HOFU,JA,+34.035,+131.549,+0002.1,19481025,20250824
477890-99999,HIROSHIMA,JA,+34.436,+132.919,+0331.6,19730101,20250824
477900-99999,IZUMO,JA,+35.414,+132.890,+0004.6,19730101,20250824
477930-99999,OKAYAMA,JA,+34.757,+133.855,+0245.7,19730101,20250824
477940-99999,TOTTORI,JA,+35.530,+134.167,+0019.8,19730101,20250824
477990-99999,TSUSHIMA,JA,+34.285,+129.331,+0064.9,19800301,20250824
478000-99999,IZUHARA,JA,+34.198,+129.292,+0003.7,19521231,20250824
478030-99999,ASHIYA,JA,+33.883,+130.653,+0029.9,19451231,20250824
478050-99999,HIRADO,JA,+33.367,+129.550,+0058.7,19521231,20250824
478070-99999,FUKUOKA,JA,+33.583,+130.383,+0015.0,19521231,20250824
478080-99999,FUKUOKA,JA,+33.586,+130.451,+0009.8,19460906,20250824
478090-99999,IIZUKA,JA,+33.650,+130.700,+0037.9,19521231,20250824
478100-99999,SAGA,JA,+33.150,+130.302,+0001.8,19990115,20250824
478120-99999,SASEBO,JA,+33.167,+129.733,+0005.6,19521231,20250824
478130-99999,SAGA,JA,+33.267,+130.300,+0033.0,19521231,20250824
478140-99999,HITA,JA,+33.317,+130.933,+0084.4,19521231,20250824
478150-99999,OITA,JA,+33.233,+131.617,+0013.5,19521231,20250824
478170-99999,NAGASAKI,JA,+32.733,+129.867,+0035.9,19521231,20250824
478180-99999,UNZENDAKE,JA,+32.733,+130.267,+0679.8,19521231,20250824
478190-99999,KUMAMOTO,JA,+32.817,+130.700,+0039.4,19521231,20250824
478220-99999,NOBEOKA,JA,+32.583,+131.650,+0021.0,19610731,20250824
478230-99999,AKUNE,JA,+32.033,+130.200,+0042.2,19521231,20250824
478240-99999,HITOYOSHI,JA,+32.217,+130.750,+0147.7,19521231,20250824
478270-99999,KAGOSHIMA,JA,+31.550,+130.550,+0031.7,19521231,20250824
478290-99999,MIYAKONOJO,JA,+31.733,+131.083,+0155.7,19521231,20250824
478300-99999,MIYAZAKI,JA,+31.933,+131.417,+0015.0,19521231,20250824
478310-99999,MAKURAZAKI,JA,+31.267,+130.300,+0031.4,19521231,20250824
478350-99999,ABURATSU,JA,+31.583,+131.400,+0014.6,19521231,20250824
478360-99999,YAKUSHIMA,JA,+30.386,+130.659,+0037.8,19521231,20250824
478370-99999,TANEGASHIMA,JA,+30.717,+130.983,+0037.6,19521231,20250824
478380-99999,USHIBUKA,JA,+32.200,+130.033,+0015.0,19521231,20250824
478400-99999,TSUIKI,JA,+33.685,+131.040,+0016.8,19730101,20250824
478430-99999,FUKUE,JA,+32.700,+128.833,+0026.9,19620430,20250824
478440-99999,FUKUE,JA,+32.666,+128.833,+0083.2,19730101,20250824
478500-99999,KANOYA,JA,+31.368,+130.845,+0065.2,19450918,20250824
478510-99999,KAGOSHIMA,JA,+31.803,+130.719,+0276.1,19730101,20250824
478520-99999,OITA,JA,+33.479,+131.737,+0005.8,19730101,20250824
478530-99999,KITAKYUSHU,JP,+33.846,+131.035,+0007.0,19730101,20250824
478540-99999,NYUTABARU,JA,+32.084,+131.451,+0078.9,19580430,20250824
478550-99999,NAGASAKI,JA,+32.917,+129.914,+0004.6,19730101,20250824
478560-99999,KUMAMOTO,JA,+32.837,+130.855,+0195.7,19730101,20250824
478570-99999,MIYAZAKI,JA,+31.877,+131.449,+0006.1,19730101,20250824
478580-99999,IKI,JA,+33.749,+129.785,+0015.8,19730101,20250824
478700-99999,TANEGASHIMA,JP,+30.605,+130.992,+0237.0,19730101,20250824
478720-99999,AMAMI,JA,+28.431,+129.713,+0008.2,19730101,20250824
478724-99999,KIKAI,JA,+28.321,+129.928,+0006.4,19801129,20250824
478800-99999,TAKAMATSU,JA,+34.214,+134.016,+0185.0,19730101,20250824
478810-99999,TOKUSHIMA,JA,+34.133,+134.607,+0007.9,19730101,20250824
478820-99999,MATSUYAMA,JA,+33.827,+132.700,+0007.6,19730101,20250824
478830-99999,KOCHI,JA,+33.546,+133.669,+0012.8,19730101,20250824
478870-99999,MATSUYAMA,JA,+33.850,+132.783,+0034.3,19521231,20250824
478900-99999,TADOTSU,JA,+34.283,+133.750,+0004.8,19521231,20250824
478910-99999,TAKAMATSU,JA,+34.317,+134.050,+0014.0,19521231,20250824
478920-99999,UWAJIMA,JA,+33.233,+132.550,+0014.8,19521231,20250824
478930-99999,KOCHI,JA,+33.567,+133.550,+0004.9,19521231,20250824
478950-99999,TOKUSHIMA,JA,+34.067,+134.567,+0006.4,19521231,20250824
478970-99999,SUKUMO,JA,+32.917,+132.700,+0010.9,19521231,20250824
478980-99999,SHIMIZU,JA,+32.717,+133.017,+0033.8,19521231,20250824
478990-99999,MUROTOMISAKI,JA,+33.250,+134.183,+0186.9,19521231,20250824
479090-99999,NAZE/FUNCHATOGE,JA,+28.394,+129.553,+0294.1,19521231,20250824
479100-99999,TOKUNOSHIMA,JA,+27.836,+128.881,+0005.2,19760601,20250824
479110-99999,YONAGUNI,JA,+24.467,+122.978,+0021.3,19870214,20250824
479120-99999,YONAGUNIJIMA,JA,+24.467,+123.017,+0036.5,19730101,20250824
479170-99999,IRIOMOTEJIMA,JA,+24.433,+123.767,+0011.2,19751201,20250824
479180-99999,NEW ISHIGAKI,JP,+24.396,+124.245,+0038.0,19730101,20250824
479270-99999,MIYAKO,JA,+24.783,+125.295,+0045.7,19730101,20250824
479275-99999,TARAMA,JA,+24.654,+124.675,+0011.0,19790911,20250824
479276-99999,SHIMOJISHIMA,JA,+24.827,+125.145,+0016.5,19790911,20250824
479290-99999,KUMEJIMA,JA,+26.364,+126.714,+0007.0,19740517,20250824
479300-99999,NAHA,JA,+26.196,+127.646,+0003.7,19451111,20250824
479310-42204,KADENA AB,JA,+26.350,+127.767,+0048.0,19990101,20250824
479330-42215,OKINAWA MARINE CORPS AIR STATION,JA,+26.267,+127.750,+0075.3,19730101,20250823
479360-99999,NAHA,JA,+26.200,+127.683,+0050.1,19730101,20250824
479380-99999,IE SHIMA AUX AB,JA,+26.729,+127.762,+0056.1,19450515,20250226
479400-99999,NAGO,JA,+26.600,+127.967,+0007.1,19751201,20250824
479420-99999,OKIERABU,JA,+27.426,+128.701,+0030.8,19730101,20250824
479425-99999,YORON,JA,+27.044,+128.402,+0015.8,19790911,20250824
479450-99999,MINAMI DAITO,JA,+25.847,+131.263,+0050.9,19730101,20250824
479455-99999,KITADAITO,JA,+25.945,+131.327,+0024.4,19800402,20250824
479710-42402,CHICHI JIMA BONIN ISLAND,JA,+27.083,+142.183,+0007.9,19730101,20250825
479810-99999,IWOTO,JA,+24.784,+141.323,+0115.2,19450301,20250824
479910-99999,MINAMI TORISHIMA,JA,+24.290,+153.979,+0006.7,19730101,20250824
480010-99999,PUTAO,BM,+27.333,+097.417,+0409.0,19430301,20250824
480040-99999,HKAMTI,BM,+26.000,+095.700,+0146.0,19820306,20250824
480080-99999,MYITKYINA,BM,+25.367,+097.400,+0147.0,19440713,20250824
480100-99999,HOMALIN,BM,+24.867,+094.917,+0131.0,19730101,20250824
480180-99999,KATHA,BM,+24.167,+096.333,+0095.0,19550701,20250824
480190-99999,BHAMO,BM,+24.267,+097.200,+0113.0,19450208,20241203
480200-99999,MAWLAIK,BM,+23.633,+094.417,+0116.0,19830508,20250824
480250-99999,KALEWA,BM,+23.200,+094.300,+0109.0,19730101,20250824
480300-99999,HAKHA,BM,+22.650,+093.633,+1866.0,20120403,20250824
480310-99999,FALAM,BM,+22.917,+093.683,+1372.0,19730101,20241028
480330-99999,SHWEBO,BM,+22.583,+095.717,+0110.0,19450131,20250824
480350-99999,LASHIO,BM,+22.933,+097.750,+0749.0,19450318,20240801
480370-99999,MONYWA,BM,+22.100,+095.133,+0082.0,19450221,20250824
480420-99999,MANDALAY,BM,+21.983,+096.100,+0076.0,19470405,20250824
480480-99999,NYAUNG-U,BM,+21.200,+094.917,+0055.0,20010705,20250824
480510-99999,KYAUKTAW,BM,+20.850,+092.633,+0003.0,20120410,20240116
480530-99999,MEIKTILA,BM,+20.833,+095.833,+0220.0,19450315,20250824
480570-99999,TAUNGGYI,BM,+20.783,+097.050,+1436.0,19500821,20250824
480600-99999,KENGTUNG,BM,+21.300,+099.617,+0828.0,19581122,20250824
480620-99999,SITTWE,BM,+20.133,+092.873,+0008.2,19450302,20250824
480640-99999,MINBU,BM,+20.167,+094.883,+0051.0,19581122,20250824
480710-99999,KYAUKPYU,BM,+19.417,+093.550,+0005.0,19490101,20241116
480720-99999,MANAUNG,BM,+18.850,+093.733,+0009.1,20120410,20241116
480740-99999,PYINMANA,BM,+19.717,+096.217,+0104.0,19540515,20250824
480750-99999,LOIKAW,BM,+19.683,+097.217,+0895.0,19581122,20250824
480770-99999,PROME,BM,+18.800,+095.217,+0060.0,19500622,20250824
480780-99999,TOUNGOO,BM,+18.917,+096.467,+0049.0,19500408,20250824
480800-99999,SANDOWAY,BM,+18.467,+094.350,+0011.0,19490101,20240815
480850-99999,GWA,BM,+17.583,+094.583,+0003.0,20120403,20241030
480870-99999,HINTHADA,BM,+17.667,+095.417,+0026.0,19740805,20250824
480930-99999,BAGO,BM,+17.333,+096.500,+0015.0,19540520,20250824
480940-99999,PATHEIN,BM,+16.767,+094.767,+0010.0,19490101,20250824
480950-99999,MAUBIN,BM,+16.733,+095.650,+0005.0,19540501,20250824
480960-99999,MINGALADON,BM,+16.900,+096.183,+0029.0,19450901,20250824
480970-99999,YANGON INTL,BM,+16.907,+096.133,+0033.2,19490417,20250824
480990-99999,HPAAN,BM,+16.750,+097.667,+0010.0,19730101,20250824
481010-99999,PHYAPON,BM,+16.267,+095.667,+0002.1,19510921,20250824
481030-99999,MAWLAMYINE,BM,+16.500,+097.617,+0022.0,19490929,20250824
481070-99999,YE,BM,+15.250,+097.867,+0007.0,19730101,20250824
481080-99999,DAWEI,BM,+14.100,+098.217,+0017.0,19490101,20250824
481090-99999,COCO ISLAND,BM,+14.117,+093.367,+0003.0,19550114,20250824
481100-99999,MERGUI,BM,+12.433,+098.600,+0037.0,19490101,20250824
481120-99999,VICTORIA POINT,BM,+09.967,+098.583,+0047.0,19460101,20250824
483000-99999,MAE HONG SON,TH,+19.301,+097.976,+0283.2,19540512,20250824
483020-99999,DOI ANG KHANG,TH,+19.917,+099.033,+1530.0,20060429,20250824
483030-99999,CHIANG RAI,TH,+19.885,+099.827,+0399.9,19560103,20250824
483031-99999,MAE FAH LUANG CHIANG RAI INTL,TH,+19.952,+099.883,+0390.1,20050405,20250824
483033-99999,NAKHON PHANOM,TH,+17.384,+104.643,+0178.9,20050405,20250824
483034-99999,ROI ET,TH,+16.117,+103.774,+0137.5,20050405,20250824
483040-99999,CHAING RAI ARGOMET,TH,+19.867,+099.767,+0401.0,20090801,20250824
483070-99999,TUNG CHANG,TH,+19.417,+100.883,+0335.0,20050108,20250824
483100-99999,PHAYAO,TH,+19.193,+099.900,+0398.9,19850413,20250824
483150-99999,THA WANG PHA,TH,+19.117,+100.800,+0237.0,19740315,20250824
483240-99999,THOEN,TH,+17.633,+099.250,+0192.0,20050108,20250824
483250-99999,MAE SARIANG,TH,+18.167,+097.933,+0213.0,19540501,20250824
483270-99999,CHIANG MAI INTL,TH,+18.767,+098.963,+0315.8,19421231,20250824
483280-99999,LAMPANG,TH,+18.271,+099.504,+0247.2,19500222,20250824
483290-99999,LAMPHUN,TH,+18.567,+099.033,+0298.0,19850410,20250824
483300-99999,PHRAE,TH,+18.132,+100.165,+0164.0,19520214,20250824
483310-99999,NAN,TH,+18.808,+100.783,+0208.8,19490113,20250824
483330-99999,NAN AGROMET,TH,+18.867,+100.750,+0264.0,20070705,20250824
483340-99999,LAMPANG AGROMET,TH,+18.317,+099.283,+0319.0,20070705,20250824
483500-99999,LOEI AGROMET,TH,+17.400,+101.733,+0264.0,20070707,20250824
483510-99999,UTTARADIT,TH,+17.617,+100.100,+0064.0,19490103,20250824
483520-99999,NONG KHAI,TH,+17.867,+102.750,+0175.7,19730101,20250824
483530-99999,LOEI,TH,+17.439,+101.722,+0262.1,19540523,20250824
483540-99999,UDON THANI,TH,+17.386,+102.788,+0176.5,19421231,20250824
483550-99999,SAKON NAKHON AGROMET,TH,+17.117,+104.050,+0192.0,20070705,20250824
483560-99999,SAKON NAKHON,TH,+17.150,+104.133,+0172.0,19490106,20250824
483565-99999,SAKON NAKHON,TH,+17.195,+104.119,+0161.2,19750717,20250824
483570-99999,NAKHON PHANOM,TH,+17.417,+104.783,+0148.0,19520707,20250824
483580-99999,NAKHON PHANOM AGROMET,TH,+17.433,+104.783,+0153.0,20070705,20250824
483600-99999,NONGBUALAMPHU,TH,+17.217,+102.417,+0228.0,20081231,20250824
483720-99999,SUKHOTHAI,TH,+17.100,+099.800,+0050.0,20040608,20250824
483730-99999,SI SAMRONG AGROMET,TH,+17.167,+099.867,+0054.0,20070705,20250824
483740-99999,LOMSAK,TH,+16.767,+101.250,+0145.0,19850414,20250824
483750-99999,MAE SOT,TH,+16.700,+098.545,+0210.3,19490103,20250824
483760-99999,TAK,TH,+16.896,+099.253,+0145.7,19540526,20250824
483770-99999,BHUMIBOL DAM,TH,+17.233,+099.050,+0144.0,19730101,20250824
483780-99999,PHITSANULOK,TH,+16.783,+100.279,+0044.2,19490103,20250824
483790-99999,PHETCHABUN,TH,+16.676,+101.195,+0137.2,19500501,20250824
483800-99999,KAMPHAENG PHET,TH,+16.483,+099.533,+0082.0,19760402,20250824
483810-99999,KHON KAEN,TH,+16.467,+102.784,+0204.2,19490106,20250824
483820-99999,KOSUMPHISAI,TH,+16.250,+103.067,+0154.0,19861127,20250824
483830-99999,MUKDAHAN,TH,+16.533,+104.717,+0140.0,19490113,20250824
483840-99999,THA PHRA AGROMET,TH,+16.333,+102.817,+0166.0,20070705,20250824
483850-99999,UMPHANG,TH,+16.017,+098.867,+0460.0,19850503,20250824
483860-99999,PICHIT AGROMET,TH,+16.333,+100.367,+0039.4,20070705,20250824
483870-99999,DOI MU SOE AGROMET,TH,+16.750,+098.933,+0368.0,19890613,20250824
483900-99999,KAMALASAI,TH,+16.333,+103.583,+0140.9,20010705,20250824
484000-99999,NAKHON SAWAN,TH,+15.673,+100.137,+0034.4,19490106,20250824
484010-99999,TAKFA AGROMET,TH,+15.350,+100.500,+0087.0,20070705,20250824
484020-99999,CHAINAT AGROMET,TH,+15.150,+100.183,+0017.0,19871202,20250824
484030-99999,CHAIYAPHUM,TH,+15.800,+102.033,+0184.0,19560801,20250824
484040-99999,ROI ET AGROMET,TH,+16.067,+103.617,+0156.0,20070705,20250824
484050-99999,ROB MUANG,TH,+16.070,+103.646,+0139.9,19490106,20250824
484070-99999,UBON RATCHATHANI,TH,+15.251,+104.870,+0123.7,19490106,20250824
484075-99999,BURI RAM,TH,+15.230,+103.253,+0179.8,19730402,20250824
484076-99999,SUKHOTHAI,TH,+17.238,+099.818,+0054.6,19750501,20250824
484080-99999,UBON RATCHATHANI AGROMET,TH,+15.233,+105.033,+0129.9,19730202,20250824
484090-99999,SI SAKET AGROMET,TH,+15.085,+104.331,+0129.2,20070705,20250824
484130-99999,WICHIAN BURI,TH,+15.657,+101.105,+0069.7,19740315,20250824
484150-99999,AYUTTHAYA,TH,+14.517,+100.717,+0010.0,20070705,20250824
484160-99999,THA TUM,TH,+15.317,+103.683,+0130.0,19740315,20250824
484180-99999,BUA CHUM,TH,+15.267,+101.200,+0051.0,19740315,20250824
484190-99999,PATHUMTHANI,TH,+14.100,+100.617,+0007.0,20070705,20250824
484200-99999,SAMUTPRAKAN AGROMET,TH,+13.517,+100.750,+0003.0,20081001,20250824
484210-99999,THONG PHAPHUM,TH,+14.750,+098.633,+0099.0,19740315,20250824
484250-99999,SUPHAN BURI,TH,+14.467,+100.133,+0009.0,19490109,20250824
484260-99999,LOP BURI,TH,+14.800,+100.617,+0011.0,19490103,20250824
484270-99999,U THONG AGROMET,TH,+14.300,+099.867,+0007.0,20070705,20250824
484290-99999,SUVARNABHUMI INTER AIRPORT,TH,+13.683,+100.767,+0006.0,20070801,20250824
484300-99999,KHAO E TO,TH,+14.078,+101.380,+0024.4,19490103,20250824
484310-99999,KHORAT,TH,+14.935,+102.079,+0222.2,19490102,20250824
484315-99999,NAKHON RATCHASIMA,TH,+14.949,+102.313,+0233.2,19730101,20250824
484320-99999,SURIN,TH,+14.883,+103.500,+0147.0,19490103,20250824
484330-99999,SURIN AGROMET,TH,+14.883,+103.450,+0145.0,20070705,20250824
484340-99999,CHOK CHAI,TH,+14.717,+102.167,+0193.0,19850413,20250824
484350-99999,PAKCHONG AGROMET,TH,+14.633,+101.317,+0388.0,20070705,20250824
484360-99999,NANGRONG,TH,+14.631,+102.721,+0181.7,19850414,20250824
484390-99999,KABINBURI,TH,+13.983,+101.700,+0012.0,19850409,20250824
484400-99999,SRAKAEW,TH,+13.783,+102.033,+0043.0,20050207,20250824
484500-99999,KANCHANA BURI,TH,+14.017,+099.533,+0029.0,19490109,20250824
484510-99999,NAKHONPATHOM,TH,+14.017,+099.967,+0010.0,20070705,20250824
484530-99999,BANG NA AGROMET,TH,+13.667,+100.617,+0006.0,20070705,20250824
484540-99999,BANGKOK PORT,TH,+13.700,+100.567,+0006.0,19950401,20250824
484550-99999,BANGKOK METROPOLIS,TH,+13.733,+100.567,+0004.0,19490102,20250824
484560-99999,BANGKOK INTL / DON MUEANG INTL,TH,+13.913,+100.607,+0002.7,19421231,20250824
484570-99999,BANGKOK PILOT,TH,+13.383,+100.600,+0015.0,19560104,20250824
484580-99999,CHACHOENGSAO AGROMET,TH,+13.567,+101.454,+0070.2,20070705,20250824
484590-99999,CHON BURI/SATTAHIP / SUVARNABHUMI INTL,TH,+13.681,+100.748,+0002.0,19490113,20250824
484600-99999,KO SICHANG,TH,+13.167,+100.800,+0027.0,19620106,20250824
484610-99999,PHATTHAYA,TH,+12.917,+100.867,+0061.0,19811101,20250824
484620-99999,ARANYAPRATHET,TH,+13.700,+102.504,+0049.0,19490106,20250824
484630-99999,LAEM CHABANG,TH,+13.083,+100.883,+0082.0,19950401,20250824
484640-99999,RATCHA BURI,TH,+13.483,+099.783,+0005.0,20070705,20250824
484650-99999,PHETCHABURI,TH,+12.999,+100.067,+0003.8,19780101,20250824
484740-99999,NONG PHLUB AGROMET,TH,+12.583,+099.733,+0108.0,20070705,20250824
484750-99999,HUA HIN,TH,+12.636,+099.952,+0018.9,19490102,20250824
484770-99999,SATTAHIP,TH,+12.683,+100.983,+0018.0,19490508,20250824
484780-99999,RAYONG,TH,+12.633,+101.350,+0005.0,19811101,20250824
484790-99999,HUAI PONG AGROMET,TH,+12.733,+101.133,+0045.0,20070705,20250824
484800-99999,CHANTHABURI,TH,+12.600,+102.117,+0004.0,19490116,20250824
484810-99999,PHLIU AGROMET,TH,+12.500,+102.167,+0024.0,20070705,20250824
485000-99999,PRACHUAP,TH,+11.788,+099.805,+0003.0,19490102,20250824
485010-99999,KHLONG YAI,TH,+11.767,+102.883,+0004.0,19490911,20250824
485170-99999,CHUMPHON,TH,+10.711,+099.362,+0005.5,19490102,20250824
485200-99999,SAWI AGROMET,TH,+10.333,+099.100,+0013.0,19780201,20250824
485320-99999,RANONG,TH,+09.778,+098.585,+0017.4,19540517,20250824
485500-99999,KO SAMUI,TH,+09.467,+100.050,+0005.0,19730101,20250824
485510-99999,SURAT THANI,TH,+09.133,+099.136,+0006.1,19490109,20250824
485520-99999,CHA IAN,TH,+08.471,+099.956,+0013.4,19490113,20250824
485540-99999,NAKHONSI THAMMARAT AGROMET,TH,+08.359,+100.059,+0003.0,20070705,20250824
485550-99999,SURAT THANI AGROMET,TH,+09.100,+099.633,+0037.0,20070705,20250824
485560-99999,PHRASANG,TH,+08.567,+099.250,+0014.0,20041125,20250824
485570-99999,CHAWANG,TH,+08.433,+099.517,+0030.0,20040811,20250824
485575-99999,NAKHON SI THAMMARAT,TH,+08.540,+099.945,+0004.0,20050322,20250824
485576-99999,KRABI,TH,+08.099,+098.986,+0025.0,20050329,20250824
485577-99999,SAMUI,TH,+09.548,+100.062,+0019.5,20050322,20250824
485578-99999,TRAT,TH,+12.275,+102.320,+0032.0,20050323,20250824
485600-99999,PHATTHALUNG AGROMET,TH,+07.583,+100.167,+0004.0,20070705,20250824
485610-99999,TAKUA PA,TH,+08.683,+098.250,+0004.0,19761101,20250824
485630-99999,KRABI,TH,+08.100,+098.983,+0045.0,19950401,20250824
485640-99999,PHUKET,TH,+07.883,+098.400,+0004.0,19490113,20250824
485650-99999,PHUKET INTL,TH,+08.113,+098.317,+0025.0,19560126,20250824
485660-99999,KO LANTA,TH,+07.533,+099.050,+0003.0,19490122,20250824
485670-99999,TRANG,TH,+07.509,+099.617,+0020.4,19620124,20250824
485680-99999,SONGKHLA,TH,+07.187,+100.608,+0003.7,19421231,20250824
485690-99999,HAT YAI INTL,TH,+06.933,+100.393,+0027.4,19730101,20250824
485700-99999,KHOUN KHAN,TH,+06.661,+100.080,+0005.5,19780101,20250824
485710-99999,KHO HONG AGROMET,TH,+07.000,+100.500,+0010.0,20070705,20250824
485740-99999,SA-DAO,TH,+06.800,+100.383,+0025.0,20040930,20250824
485800-99999,PATTANI,TH,+06.785,+101.154,+0002.4,19730101,20250824
485810-99999,YALA AGROMET,TH,+06.517,+101.283,+0036.0,20070705,20250824
485830-99999,NARATHIWAT,TH,+06.520,+101.743,+0004.9,19490201,20250824
486000-99999,LANGKAWI INTL,MY,+06.330,+099.729,+0008.8,19901210,20250824
486001-99999,MANDALAY INTL,BM,+21.702,+095.978,+0091.4,20040707,20250824
486010-99999,PENANG INTL,MY,+05.297,+100.277,+0003.4,19490101,20250824
486020-99999,BUTTERWORTH,MY,+05.466,+100.391,+0003.4,19490101,20250824
486021-99999,MERSING,MY,+02.450,+103.833,+0045.0,20040706,20250824
486022-99999,SULTAN ABDUL HALIM,MY,+06.194,+100.403,+0004.6,20040706,20250824
486023-99999,IPOH SULTAN AZLAN SHAH,MY,+04.568,+101.092,+0039.6,20040706,20250824
486030-99999,ALOR STAR,MY,+06.200,+100.400,+0005.0,19490101,20250824
486040-99999,CHUPING,MY,+06.483,+100.267,+0022.0,20040513,20250824
486150-99999,SULTAN ISMAIL PETRA,MY,+06.167,+102.293,+0004.9,19490105,20250824
486180-99999,SULTAN MAHMUD,MY,+05.383,+103.103,+0006.4,20011012,20250824
486200-99999,SITIAWAN,MY,+04.217,+100.700,+0008.0,19490101,20250824
486470-99999,SULTAN ABDUL AZIZ SHAH INTL,MY,+03.131,+101.549,+0027.4,19490101,20250824
486500-99999,KUALA LUMPUR INTL,MY,+02.746,+101.710,+0021.0,20000918,20250824
486530-99999,TEMERLOH,MY,+03.467,+102.383,+0040.0,19490101,20240808
486570-99999,KUANTAN,MY,+03.775,+103.209,+0017.7,19490103,20250824
486650-99999,MALACCA,MY,+02.263,+102.252,+0010.7,19490101,20250824
486726-99999,KERTEH,MY,+04.537,+103.427,+0005.5,20120904,20250824
486790-99999,SULTAN ISMAIL / SENAI INTL,MY,+01.641,+103.670,+0041.1,19990101,20250824
486940-99999,PAYA LEBAR,SN,+01.360,+103.910,+0019.8,19490101,20250824
486980-99999,SINGAPORE CHANGI INTL,SN,+01.350,+103.994,+0006.7,19560103,20250824
486990-99999,SELETAR,SN,+01.417,+103.868,+0011.0,20040831,20250824
488020-99999,SA PA,VM,+22.350,+103.817,+1581.0,19590502,20250824
488030-99999,LAO CAI,VM,+22.500,+103.967,+0097.0,19490502,20250824
488060-99999,SON LA,VM,+21.333,+103.900,+0676.0,19970301,20250824
488080-99999,CAO BANG,VM,+22.667,+106.250,+0243.0,19490502,20250824
488100-99999,BAC CAN,VM,+22.150,+105.833,+0176.0,19590501,20250824
488200-99999,NOIBAI INTL,VM,+21.221,+105.807,+0011.9,19581201,20250824
488230-99999,NAM DINH,VM,+20.433,+106.150,+0003.0,19740924,20250824
488250-99999,HA DONG,VM,+20.967,+105.767,+0007.9,19800808,20250824
488251-99999,CAT BI INTL ARPT/HAI PHONG,VM,+20.819,+106.725,+0001.8,20170531,20250824
488260-99999,PHU LIEN,VM,+20.800,+106.633,+0116.0,19740924,20250824
488300-99999,LANG SON,VM,+21.833,+106.767,+0263.0,19740924,20250824
488310-99999,THAI NGUYEN,VM,+21.600,+105.833,+0032.0,19740924,20250824
488380-99999,MONG CAI,VM,+21.517,+107.967,+0007.0,19740924,20250824
488390-99999,BACH LONG VI,VM,+20.133,+107.717,+0056.0,19740925,20250824
488400-99999,THANH HOA,VM,+19.750,+105.783,+0005.0,19740924,20250824
488450-99999,VINH,VM,+18.737,+105.671,+0005.2,19740924,20250824
488460-99999,HA TINH,VM,+18.350,+105.900,+0003.0,19740924,20250824
488480-99999,DONG HOI,VM,+17.483,+106.600,+0008.0,19740924,20250824
488520-99999,PHUBAI,VM,+16.402,+107.703,+0014.6,19570101,20250824
488550-99999,DANANG INTL,VM,+16.044,+108.199,+0010.1,19561231,20250824
488630-99999,QUANG NGAI,VM,+15.133,+108.783,+0009.0,19571231,20250824
488660-99999,PLEIKU,VM,+14.005,+108.017,+0741.9,19580908,20250824
488700-99999,QUY NHON,VM,+13.767,+109.217,+0006.0,19570104,20250824
488750-99999,BANMETHUOT,VM,+12.683,+108.083,+0537.0,19561231,20250824
488770-99999,NHA TRANG,VM,+12.250,+109.200,+0010.0,19561231,20250824
488870-99999,PHAN THIET,VM,+10.933,+108.100,+0005.0,19561008,20250824
488920-99999,SONG TU TAY (SOUTH WEST CAY),VM,+11.417,+114.333,+0005.0,19921201,20250824
488940-99999,NHA BE,VM,+10.650,+106.717,+0003.6,20130702,20250824
489000-99999,TAN SON NHAT INTL,VN,+10.819,+106.652,+0010.1,19490102,20250824
489070-99999,RACH GIA,VM,+10.000,+105.083,+0003.0,19560117,20250824
489125-99999,CAN THO,VM,+10.083,+105.717,+0003.1,19651213,20250824
489140-99999,CA MAU,VM,+09.183,+105.150,+0002.0,19570831,20250824
489160-99999,THO CHU,VM,+09.283,+103.467,+0024.0,19970201,20250824
489170-99999,PHU QUOC,VM,+10.217,+103.967,+0004.0,19570403,20250824
489180-99999,CON SON,VM,+08.683,+106.600,+0009.0,19490103,20250824
489190-99999,HUYEN TRAN,VM,+08.017,+110.617,+0019.0,19970201,20250824
489200-99999,TRUONG SA,VM,+08.650,+111.917,+0003.0,19811101,20250824
489210-99999,BOUNNEUA,LA,+21.633,+101.883,+0923.0,20030330,20250824
489240-99999,LUANG NAMTHA (M.SING),LA,+21.050,+101.467,+0644.0,20030330,20250824
489250-99999,OUDOMXAY,LA,+20.683,+102.000,+0550.0,19840701,20250824
489260-99999,HOUEI-SAI *,LA,+20.250,+100.433,-0999.9,19740610,20250824
489270-99999,VIENGSAY,LA,+20.417,+104.233,+0913.0,19790701,20250824
489280-99999,SAM-NEUA,LA,+20.417,+104.067,+1000.0,19590829,20250824
489300-99999,LUANG PHABANG INTL,LA,+19.897,+102.161,+0291.1,19510601,20250824
489350-99999,PLAINE DES JARRES (XIENGKHOUANG),LA,+19.467,+103.133,+1050.0,19511011,20250824
489380-99999,SAYABOURY,LA,+19.233,+101.733,+0326.0,19730101,20250824
489400-99999,WATTAY INTL,LA,+17.988,+102.563,+0171.9,19490101,20250824
489410-99999,PHONHONG,LA,+18.467,+102.400,+0179.0,20020530,20250824
489440-99999,THANGONE,LA,+18.283,+102.633,+0185.0,20020608,20250824
489450-99999,PAKSANE,LA,+18.400,+103.667,+0157.0,20090801,20250824
489460-99999,THAKHEK,LA,+17.383,+104.650,+0052.0,19810101,20250824
489470-99999,SAVANNAKHET,LA,+16.557,+104.760,+0155.1,19680131,20250824
489480-99999,SENO,LA,+16.667,+105.000,+0185.0,19490101,20250824
489520-99999,SARAVANE,LA,+15.683,+106.417,+0168.0,19800701,20250824
489530-99999,SEKONG,LA,+15.333,+106.683,+0143.0,20090801,20250824
489560-99999,PAKSONG,LA,+15.183,+106.200,+1200.0,20081228,20240616
489570-99999,ATTOPEU,LA,+14.800,+106.833,+0105.0,19660511,20250824
489620-99999,BATTAMBANG,CB,+13.100,+103.200,+0013.0,19510911,20250127
489630-99999,PAILIN,CB,+12.800,+102.600,+0170.0,20221019,20250809
489640-99999,PREAH VIHEAR,CB,+14.100,+105.150,+0062.0,20221230,20250811
489650-99999,KOMPONG THOM,CB,+12.683,+104.900,+0013.0,20221005,20250516
489660-99999,SIEM REAP,CB,+13.411,+103.813,+0018.3,19490103,20250809
489680-99999,PURSAT,CB,+12.550,+103.850,+0018.0,19490901,20250811
489700-99999,KRATIE,CB,+12.483,+106.167,+0023.0,20221230,20250526
489710-99999,MONDOL KIRI,CB,+12.450,+107.183,+0690.0,20221230,20250811
489720-99999,STUNG TRENG,CB,+13.517,+105.967,+0056.0,19490102,20250811
489730-99999,RATTANAKIRI,CB,+13.733,+106.983,+0330.0,20230629,20250806
489850-99999,KAMPOT,CB,+10.600,+104.183,+0004.0,19490102,20250811
489860-99999,KOH KONG,CB,+11.633,+102.983,+0013.0,20221129,20250522
489900-99999,KANDAL,CB,+11.600,+104.817,+0008.0,20221006,20250309
489910-99999,PHNOM PENH INTL,CB,+11.547,+104.844,+0012.2,19490102,20250824
489920-99999,KOMPONG SPEU,CB,+11.467,+104.567,+0027.0,19741127,20250809
489930-99999,TAKEO,CB,+10.983,+104.800,+0006.0,20210525,20250811
489970-99999,CPREY VENG,CB,+11.467,+105.317,+0002.0,20111201,20250809
489980-99999,SVAY RIENG,CB,+11.083,+105.800,+0006.0,19490501,20250811
501360-99999,MOHE,CH,+52.967,+122.533,+0438.0,19730101,20250824
503530-99999,HUMA,CH,+51.733,+126.633,+0175.6,19560820,20250824
504340-99999,TULIHE,CH,+50.450,+121.700,+0733.0,19570531,20250824
504680-99999,AIHUI,CH,+50.250,+127.450,+0166.0,19610801,20250824
505270-99999,HAILAR,CH,+49.250,+119.700,+0650.0,19560820,20250824
505480-99999,XIAO'ERGOU,CH,+49.200,+123.717,+0288.0,19570531,20250824
505570-99999,NENJIANG,CH,+49.167,+125.233,+0243.0,19560820,20250824
505640-99999,SUNWU,CH,+49.433,+127.350,+0235.0,19560820,20250824
506030-99999,XIN BARAG YOUQI,CH,+48.683,+116.817,+0556.7,19600101,20250824
506320-99999,BUGT,CH,+48.767,+121.917,+0739.0,19560820,20250824
506580-99999,KESHAN,CH,+48.050,+125.883,+0237.0,19570601,20250824
507270-99999,ARXAN,CH,+47.167,+119.933,+0997.0,19560820,20250824
507450-99999,SANJIAZI,CH,+47.240,+123.918,+0145.4,19560820,20250824
507560-99999,HAILUN,CH,+47.450,+126.867,+0248.0,19560820,20250824
507740-99999,YICHUN,CH,+47.700,+128.833,+0259.1,19570601,20250824
507880-99999,FUJIN,CH,+47.233,+131.983,+0065.0,19560820,20250824
508440-99999,TAILAI,CH,+46.400,+123.450,+0150.0,19610801,20250824
508540-99999,ANDA,CH,+46.383,+125.317,+0150.0,19560820,20250824
508880-99999,BAOQING,CH,+46.317,+132.183,+0083.0,19570602,20250824
509150-99999,ULIASTAI,CH,+45.517,+116.967,+0840.0,19560820,20250824
509490-99999,QIAN GORLOS,CH,+45.083,+124.867,+0136.0,19560820,20250824
509530-99999,HARBIN,CH,+45.933,+126.567,+0117.7,19560820,20250824
509630-99999,TONGHE,CH,+45.967,+128.733,+0110.0,19560820,20250824
509680-99999,SHANGZHI,CH,+45.217,+127.967,+0191.0,19560820,20250824
509780-99999,JIXI,CH,+45.300,+130.917,+0273.5,19560820,20250824
509830-99999,HULIN,CH,+45.767,+132.967,+0103.0,19730101,20250824
510530-99999,KABA HE,CH,+48.050,+086.350,+0534.0,19600101,20250824
510760-99999,ALTAY,CH,+47.733,+088.083,+0737.0,19560820,20250824
510870-99999,FUYUN,CH,+46.983,+089.517,+0827.0,19560820,20250824
511330-99999,TACHENG,CH,+46.733,+083.000,+0535.0,19610901,20250824
511560-99999,HOBOKSAR,CH,+46.817,+085.750,+1323.2,19560820,20250824
512430-99999,KARAMAY,CH,+45.617,+084.850,+0428.0,19610402,20250824
513340-99999,JINGHE,CH,+44.567,+082.817,+0330.2,19560820,20250824
513790-99999,QITAI,CH,+44.017,+089.567,+0794.0,19560820,20250824
514630-99999,WU LU MU QI,CH,+43.783,+087.617,+0919.0,19560820,20250824
514635-99999,DIWOPU,CH,+43.907,+087.474,+0647.7,19850209,20250824
514950-99999,SHISANJIANFANG,CH,+43.217,+091.733,+0732.0,19560820,20250824
515420-99999,BAYANBULAK,CH,+43.033,+084.150,+2459.0,19600101,20250824
515730-99999,TURPAN,CH,+42.950,+089.230,+0039.3,19560820,20250824
516440-99999,KUQA,CH,+41.717,+082.950,+1100.0,19560820,20250824
516560-99999,KORLA,CH,+41.733,+085.817,+0903.0,19610901,20250824
517090-99999,KASHI / LAINING,CN,+39.543,+076.020,+1380.4,19571004,20250824
517110-99999,AKQI,CH,+40.933,+078.450,+1986.0,19570701,20250824
517160-99999,BACHU,CH,+39.800,+078.567,+1117.0,19560820,20250824
517300-99999,ALAR,CH,+40.500,+081.050,+1013.0,19620302,20250824
517470-99999,TAZHONG,CH,+39.000,+083.667,+1099.0,20010915,20250824
517650-99999,TIKANLIK,CH,+40.633,+087.700,+0847.0,19570630,20250824
518110-99999,SHACHE,CH,+38.433,+077.267,+1232.0,19560820,20250824
518180-99999,PISHAN,CH,+37.617,+078.283,+1376.0,19610301,20250824
518280-99999,HOTAN,CH,+37.133,+079.933,+1375.0,19560820,20250824
518860-99999,MANGNAI,CH,+38.250,+090.850,+2945.0,19610801,20250824
521120-99999,NAOMAOHU,CH,+43.600,+095.133,+0469.0,20030330,20250824
522030-99999,HAMI,CH,+42.817,+093.517,+0739.0,19560820,20250824
523230-99999,MAZONG SHAN,CH,+41.800,+097.033,+1770.0,19591209,20250824
523780-99999,GUAIZIHU,CH,+41.367,+102.367,+0960.0,19600501,20250824
524360-99999,YUMENZHEN,CH,+40.267,+097.033,+1527.0,19560820,20250824
524950-99999,BAYAN MOD,CH,+40.750,+104.500,+1329.0,19610902,20250824
525330-99999,JIUQUAN/SUZHOU,CH,+39.767,+098.483,+1478.0,19460331,20250824
525331-99999,ZHONGCHUAN,CH,+36.515,+103.620,+1947.1,20040713,20250824
526020-99999,LENGHU,CH,+38.833,+093.383,+2771.0,19570701,20250824
526520-99999,ZHANGYE,CH,+39.083,+100.283,+1462.0,19600101,20250824
526810-99999,MINQIN,CH,+38.633,+103.083,+1367.0,19570502,20250824
527130-99999,DA-QAIDAM,CH,+37.850,+095.367,+3174.0,19570630,20250824
527370-99999,DELINGHA,CH,+37.367,+097.367,+2982.0,19560820,20250824
527540-99999,GANGCA,CH,+37.333,+100.133,+3302.0,19610316,20250824
527870-99999,WUSHAOLING,CH,+37.200,+102.867,+3044.0,19560820,20250824
528180-99999,GOLMUD,CH,+36.417,+094.900,+2809.0,19560820,20250824
528360-99999,DOULAN,CH,+36.300,+098.100,+3190.0,19560820,20250824
528660-99999,XINING / CAOJIAPU,CN,+36.530,+102.039,+2184.0,19560820,20250824
529080-99999,WUDAOLIANG,CH,+35.217,+093.083,+4613.0,19570701,20250824
529550-99999,GUINAN,CH,+35.583,+100.750,+3123.0,20010802,20250824
529830-99999,YU ZHONG,CH,+35.867,+104.150,+1875.0,20040510,20250824
529960-99999,HUAJIALING,CH,+35.383,+105.000,+2450.0,19560820,20250824
530680-99999,ERENHOT,CH,+43.650,+112.000,+0966.0,19560820,20250824
530830-99999,NARAN BULAG,CH,+44.617,+114.150,+1183.0,19580101,20250824
531490-99999,MANDAL,CH,+42.533,+110.133,+1223.0,19580101,20250824
531920-99999,ABAG QI,CH,+44.017,+115.000,+1147.7,19560820,20250824
532310-99999,HAILS,CH,+41.450,+106.383,+1510.0,19600102,20250824
533360-99999,HALIUT,CH,+41.567,+108.517,+1290.0,19560820,20250824
533520-99999,BAILING-MIAO,CH,+41.700,+110.433,+1377.0,19560820,20250824
533910-99999,HUADE,CH,+41.900,+114.000,+1484.0,19560820,20250824
534630-99999,BAITA,CH,+40.851,+111.824,+1083.9,19560820,20250824
534800-99999,JINING,CH,+41.033,+113.067,+1416.0,19560820,20250824
534870-99999,DATONG,CH,+40.083,+113.417,+1054.0,19570601,20250824
535020-99999,JARTAI,CH,+39.783,+105.750,+1143.0,19560820,20250824
535130-99999,LINHE,CH,+40.767,+107.400,+1041.0,19560820,20250824
535290-99999,OTOG QI,CH,+39.100,+107.983,+1381.0,19560820,20250824
535430-99999,DONGSHENG,CH,+39.833,+109.983,+1459.0,19730101,20250824
535640-99999,HEQU,CH,+39.367,+111.217,+1037.0,19560820,20250824
535880-99999,WUTAI SHAN,CH,+38.950,+113.517,+2210.0,19560820,20250824
535930-99999,YU XIAN,CH,+39.833,+114.567,+0910.0,19560820,20250824
536140-99999,YINCHUAN / HEDONG,CN,+38.321,+106.392,+1141.0,19560820,20250824
536460-99999,YULIN,CH,+38.267,+109.783,+1158.0,19560820,20250824
536730-99999,YUANPING,CH,+38.750,+112.700,+0838.0,19560820,20250824
536980-99999,SHIJIAZHUANG,CH,+38.067,+114.350,+0104.8,19560820,20250824
537050-99999,ZHONGNING,CH,+37.483,+105.683,+1193.0,19560820,20250824
537230-99999,YANCHI,CH,+37.800,+107.383,+1356.0,19560820,20250824
537640-99999,LISHI,CH,+37.500,+111.100,+0951.0,19570601,20250824
537720-99999,WUSU,CH,+37.747,+112.628,+0784.9,19560820,20250824
537870-99999,YUSHE,CH,+37.067,+112.983,+1042.0,19570601,20250824
537980-99999,XINGTAI,CH,+37.183,+114.367,+0184.0,19570601,20250824
538450-99999,YAN AN,CH,+36.600,+109.500,+0959.0,19560820,20250824
538630-99999,JIEXIU,CH,+37.033,+111.917,+0745.0,19560820,20250824
538980-99999,ANYANG,CH,+36.050,+114.133,+0195.7,19570601,20250824
539150-99999,PINGLIANG,CH,+35.550,+106.667,+1348.0,19560820,20250824
539230-99999,XIFENGZHEN,CH,+35.733,+107.633,+1423.0,19560820,20250824
539590-99999,YUNCHENG,CH,+35.117,+111.067,+0376.5,19560820,20250824
539750-99999,YANGCHENG,CH,+35.483,+112.400,+0659.0,19610801,20250824
540120-99999,XI UJIMQIN QI,CH,+44.583,+117.600,+0997.0,19560820,20250824
540260-99999,JARUD QI,CH,+44.567,+120.900,+0266.0,19560820,20250824
540270-99999,LINDONG,CH,+43.983,+119.400,+0485.0,19560820,20250824
540490-99999,CHANGLING,CH,+44.250,+123.967,+0190.0,19560820,20250824
540940-99999,MUDANJIANG,CH,+44.500,+129.667,+0306.5,19560820,20250824
540960-99999,SUIFENHE,CH,+44.383,+131.150,+0498.0,19560820,20250824
541020-99999,XILIN HOT,CH,+43.950,+116.117,+1004.0,19560820,20250824
541150-99999,LINXI,CH,+43.633,+118.033,+0825.4,19560820,20250824
541350-99999,TONGLIAO,CH,+43.600,+122.267,+0180.0,19560820,20250824
541570-99999,SIPING,CH,+43.183,+124.333,+0167.0,19560820,20250824
541610-99999,LONGJIA,CH,+43.996,+125.681,+0215.2,19560820,20250824
541611-99999,TAIPING,CH,+45.623,+126.250,+0139.3,20040713,20250824
541860-99999,DUNHUA,CH,+43.367,+128.200,+0525.0,19570601,20250824
542080-99999,DUOLUN,CH,+42.183,+116.467,+1247.0,19560820,20250824
542180-99999,CHIFENG,CH,+42.300,+118.833,+0567.0,19560820,20250824
542260-99999,BUGT,CH,+42.333,+120.700,+0401.0,19570601,20250824
542360-99999,ZHANGWU,CH,+42.417,+122.533,+0084.0,19560820,20250824
542590-99999,QINGYUAN,CH,+42.067,+124.867,+0230.0,19570601,20250824
542730-99999,HUADIAN,CH,+42.983,+126.750,+0264.0,19570601,20250824
542920-99999,YANJI,CH,+42.883,+129.500,+0178.0,19560820,20250824
543080-99999,FENGNING,CH,+41.200,+116.633,+0661.0,19570601,20250824
543110-99999,WEICHANG,CH,+41.933,+117.750,+0844.0,19560820,20250824
543240-99999,CHAOYANG,CH,+41.550,+120.450,+0176.0,19570302,20250824
543370-99999,JINZHOU,CH,+41.133,+121.117,+0070.0,19560820,20250824
543420-99999,SHENYANG,CH,+41.733,+123.517,+0043.0,19560820,20250824
543424-99999,TAOXIAN,CH,+41.640,+123.483,+0060.4,19920701,20250824
543460-99999,BENXI,CH,+41.317,+123.783,+0185.0,19570601,20250824
543740-99999,LINJIANG,CH,+41.800,+126.917,+0381.0,19570401,20250824
543770-99999,JI'AN,CH,+41.150,+126.217,+0225.0,19560820,20250824
543860-99999,CHANGBAI,CH,+41.417,+128.183,+0775.0,19570601,20250824
544010-99999,ZHANGJIAKOU,CH,+40.783,+114.883,+0726.0,19560820,20250824
544050-99999,HUAILAI,CH,+40.417,+115.500,+0538.0,19560820,20250824
544230-99999,CHENGDE,CH,+40.967,+117.917,+0423.0,19560820,20250824
544360-99999,QINGLONG,CH,+40.400,+118.950,+0228.0,19570602,20250824
544710-99999,YINGKOU,CH,+40.667,+122.200,+0004.0,19560820,20250824
544930-99999,KUANDIAN,CH,+40.717,+124.783,+0261.0,19560820,20250824
544970-99999,DANDONG,CH,+40.050,+124.333,+0014.0,19560820,20250824
545110-99999,BEIJING - CAPITAL INTERNATIONAL AIRPORT,CH,+40.080,+116.585,+0035.4,19451031,20250824
545270-99999,TIANJIN,CH,+39.100,+117.167,+0005.0,19560820,20250824
545273-99999,TIANJIN BINHAI INTL,CN,+39.124,+117.346,+0003.0,19811125,20250824
545340-99999,TANGSHAN,CH,+39.650,+118.100,+0029.0,19560820,20250824
545390-99999,LETING,CH,+39.433,+118.900,+0012.0,19570601,20250824
546020-99999,BAODING,CH,+38.733,+115.483,+0017.0,19560820,20250824
546180-99999,POTOU,CH,+38.083,+116.550,+0013.0,19971201,20250824
546620-99999,ZHOUSHUIZI,CH,+38.966,+121.539,+0032.6,19560820,20250824
547150-99999,LINGXIAN,CH,+37.333,+116.567,+0019.0,19800701,20250824
547250-99999,HUIMIN,CH,+37.500,+117.533,+0012.0,19560820,20250824
547510-99999,CHANG DAO,CH,+37.933,+120.717,+0040.0,19860501,20250824
547530-99999,LONGKOU,CH,+37.617,+120.317,+0005.0,19570601,20250824
547760-99999,CHENGSHANTOU,CH,+37.400,+122.683,+0047.0,19570601,20250824
548080-99999,XINXIAN,CH,+36.233,+115.667,+0038.0,19570601,20250824
548230-99999,JINAN/TSINAN,CH,+36.683,+116.983,+0058.0,19560820,20250824
548260-99999,TAI SHAN,CH,+36.250,+117.100,+1536.0,19560820,20250824
548360-99999,YIYUAN,CH,+36.183,+118.150,+0302.0,19610701,20250824
548430-99999,WEIFANG,CH,+36.767,+119.183,+0022.0,19560820,20250824
548525-99999,NANTONG,CN,+32.068,+120.982,+0005.0,20050703,20250710
548570-99999,LIUTING / QINGDAO INTL,CN,+36.266,+120.374,+0010.1,19560820,20250824
548630-99999,HAIYANG,CH,+36.767,+121.167,+0064.0,19570601,20250824
549090-99999,DINGTAO,CH,+35.083,+115.517,+0051.0,19950401,20250824
549160-99999,YANZHOU,CH,+35.567,+116.850,+0053.0,19560820,20250824
549290-99999,FEZXZAN,CH,+35.250,+117.950,+0120.0,19980301,20250824
549450-99999,RIZHAO,CH,+35.433,+119.533,+0037.0,19570601,20250824
552280-99999,SHIQUANHE,CH,+32.500,+080.083,+4280.0,19610701,20250824
552990-99999,NAGQU,CH,+31.483,+092.067,+4508.0,19560820,20250824
555780-99999,XIGAZE,CH,+29.250,+088.883,+3837.0,19570701,20250824
555910-99999,LHASA / GONGGAR,CN,+29.298,+090.912,+3570.0,19560820,20250824
556640-99999,TINGRI,CH,+28.633,+087.083,+4300.0,19591210,20250824
557730-99999,PAGRI,CH,+27.733,+089.083,+4300.0,19560820,20250824
560040-99999,TUOTUOHE,CH,+34.217,+092.433,+4535.0,19570701,20250824
560180-99999,ZADOI,CH,+32.900,+095.300,+4068.0,19570701,20250824
560210-99999,QUMARLEB,CH,+34.133,+095.783,+4176.0,19570701,20250824
560290-99999,YUSHU,CH,+33.017,+096.950,+3682.0,19560820,20250824
560330-99999,MADOI,CH,+34.917,+098.217,+4273.0,19560820,20250824
560460-99999,DARLAG,CH,+33.750,+099.650,+3968.0,19560820,20250824
560650-99999,HENAN,CH,+34.733,+101.600,+3501.0,19610901,20250824
560790-99999,RUO'ERGAI,CH,+33.583,+102.967,+3441.0,19591209,20250824
560800-99999,HEZUO,CH,+35.000,+102.900,+2910.0,19580506,20250824
560960-99999,WUDU,CH,+33.400,+104.917,+1079.0,19560820,20250824
561160-99999,DENGQEN,CH,+31.417,+095.600,+3874.0,19560820,20250824
561370-99999,QAMDO,CH,+31.150,+097.167,+3307.0,19560820,20250824
561440-99999,DEGE,CH,+31.733,+098.567,+3201.0,19570701,20250824
561460-99999,GARZE,CH,+31.617,+100.000,+3394.0,19560820,20250824
561520-99999,SERTAR,CH,+32.283,+100.333,+3896.0,19610105,20250824
561670-99999,DAWU,CH,+30.983,+101.117,+2959.0,19790701,20250824
561720-99999,BARKAM,CH,+31.900,+102.233,+2666.0,19560820,20250824
561820-99999,SONGPAN,CH,+32.667,+103.600,+2882.5,19560820,20250824
561870-99999,WENJIANG,CH,+30.750,+103.867,+0541.0,20050101,20250824
561960-99999,MIANYANG,CH,+31.450,+104.733,+0522.0,19591209,20250824
562470-99999,BATANG,CH,+30.000,+099.100,+2589.0,19560820,20250824
562570-99999,LITANG,CH,+30.000,+100.267,+3950.0,19560820,20250824
562870-99999,YA'AN,CH,+29.983,+103.000,+0629.0,19560820,20250824
562940-99999,SHUANGLIU,CH,+30.579,+103.947,+0495.3,19560820,20250824
562970-99999,REN-SHOU,CH,+30.000,+104.133,+0610.0,19740806,20240727
563120-99999,NYINGCHI,CH,+29.567,+094.467,+3001.0,19560820,20250824
563570-99999,DAOCHENG,CH,+29.050,+100.300,+3729.0,19640101,20250824
563740-99999,KANGDING,CH,+30.050,+101.967,+2617.0,19570701,20250824
563850-99999,EMEI SHAN,CH,+29.517,+103.333,+3049.0,19560820,20250824
564440-99999,DEQEN,CH,+28.450,+098.883,+3320.0,19560820,20250824
564620-99999,JIULONG,CH,+29.000,+101.500,+2994.0,19560820,20250824
564625-99999,DAYONG / HEHUA,CN,+29.103,+110.444,+0217.0,20071010,20250228
564920-99999,YIBIN,CH,+28.800,+104.600,+0342.0,19440229,20250824
565710-99999,XICHANG,CH,+27.900,+102.267,+1599.0,19440325,20250824
565860-99999,ZHAOTONG,CH,+27.333,+103.750,+1950.0,19450107,20250824
566510-99999,LIJING,CH,+26.833,+100.217,+2382.0,19440131,20250824
566710-99999,HUILI,CH,+26.650,+102.250,+1788.0,19560820,20250824
566840-99999,HUIZE,CH,+26.400,+103.250,+2189.3,19570701,20250824
566910-99999,WEINING,CH,+26.867,+104.283,+2236.0,19570701,20250824
567390-99999,TENGCHONG,CH,+24.983,+098.500,+1696.9,19570701,20250824
567480-99999,BAOSHAN,CH,+25.117,+099.183,+1649.0,19440326,20250824
567510-99999,DALI,CH,+25.700,+100.183,+1992.0,19431130,20250824
567780-99999,WUJIABA / CHANGSHUI,CN,+25.111,+102.937,+2103.0,19420713,20250824
567860-99999,ZHANYI,CH,+25.583,+103.833,+1900.0,19440109,20250824
568380-99999,RUILI,CH,+24.000,+097.850,+0776.0,19591209,20250824
568860-99999,LUXI,CH,+24.533,+103.767,+1708.0,19591209,20250824
569460-99999,GENGMA,CH,+23.550,+099.400,+1104.0,19900101,20250824
569510-99999,LINCANG,CH,+23.950,+100.217,+1503.0,19560820,20250824
569540-99999,LANCANG,CH,+22.567,+099.933,+1054.0,19570701,20250824
569590-99999,JINGHONG,CH,+22.000,+100.783,+0579.0,19570701,20250824
569640-99999,SIMAO,CH,+22.767,+100.983,+1303.0,19440516,20250824
569660-99999,YUANJIANG,CH,+23.600,+101.983,+0398.0,19560820,20250824
569690-99999,MENGLA,CH,+21.500,+101.583,+0633.0,19730101,20250824
569770-99999,JIANGCHENG,CH,+22.617,+101.817,+1121.0,19730101,20250824
569850-99999,MENGZI,CH,+23.450,+103.333,+1313.6,19450228,20250824
570140-99999,BEIDAO,CH,+34.570,+105.870,+1086.0,20050101,20250824
570250-99999,FENGXIANG,CH,+34.517,+107.383,+0781.0,20050502,20250824
570360-99999,XIANYANG,CH,+34.447,+108.752,+0479.1,19560820,20250824
570460-99999,HUA SHAN,CH,+34.483,+110.083,+2063.0,19560820,20250824
570670-99999,LUSHI,CH,+34.083,+111.067,+0659.5,19560820,20250824
570710-99999,MENGJIN,CH,+34.817,+112.433,+0333.0,19830701,20250824
570830-99999,XINZHENG,CH,+34.520,+113.841,+0150.9,19570601,20250824
571270-99999,HANZHONG,CH,+33.067,+107.033,+0509.0,19560820,20250824
571310-99999,JINGHE,CH,+34.433,+108.967,+0411.0,20061010,20250824
571780-99999,NANYANG,CH,+33.100,+112.483,+0181.6,19560820,20250824
571930-99999,XIHUA,CH,+33.783,+114.517,+0053.0,19560820,20250824
572370-99999,WANYUAN,CH,+32.067,+108.033,+0674.0,19560820,20250824
572450-99999,ANKANG,CH,+32.717,+109.033,+0291.0,19560820,20250824
572590-99999,FANGXIAN,CH,+32.033,+110.767,+0435.0,19591101,20250824
572650-99999,LAOHEKOU,CH,+32.433,+111.733,+0128.8,19560820,20250824
572790-99999,ZAOYANG,CH,+32.150,+112.667,+0127.0,19570602,20250824
572900-99999,ZHUMADIAN,CH,+32.933,+113.917,+0107.2,19581105,20250824
572970-99999,XINYANG,CH,+32.133,+114.050,+0115.0,19560820,20250824
573060-99999,LANGZHONG,CH,+31.583,+105.967,+0385.0,19591208,20250824
573280-99999,DA XIAN,CH,+31.200,+107.500,+0344.0,19560820,20250824
573480-99999,FENGJIE,CH,+31.017,+109.533,+0303.0,19560820,20250824
573780-99999,ZHONGXIANG,CH,+31.167,+112.633,+0108.9,19560820,20250824
573990-99999,MACHENG,CH,+31.133,+114.950,+0075.2,19570601,20250824
574110-99999,GAOPING,CH,+30.750,+106.133,+0347.0,19560820,20250824
574260-99999,LIANGPING,CH,+30.683,+107.800,+0455.0,19560820,20250824
574470-99999,ENSHI,CH,+30.283,+109.467,+0458.0,19450331,20250824
574610-99999,YICHANG,CH,+30.733,+111.367,+0257.7,19560820,20250824
574760-99999,JIANGLING,CH,+30.333,+112.183,+0033.0,19570601,20250824
574940-99999,TIANHE,CH,+30.784,+114.208,+0034.4,19560820,20250824
574941-99999,SANYA PHOENIX INTL,CH,+18.303,+109.412,+0028.0,20040713,20250824
575030-99999,NEIJIANG,CH,+29.617,+105.117,+0349.0,20030330,20250824
575160-99999,JIANGBEI,CH,+29.719,+106.642,+0416.1,19441111,20250824
575540-99999,SANGZHI,CH,+29.400,+110.167,+0322.0,19591101,20250824
575840-99999,YUEYANG,CH,+29.383,+113.083,+0052.0,19560820,20250824
575980-99999,XIUSHUI,CH,+29.033,+114.583,+0147.0,19560820,20250824
576040-99999,NAXI,CH,+28.783,+105.383,+0364.0,20030330,20250824
576330-99999,YOUYANG,CH,+28.833,+108.767,+0665.0,19560820,20250824
576550-99999,YUANLING,CH,+28.467,+110.400,+0143.0,19560820,20250824
576620-99999,CHANGDE,CH,+29.050,+111.683,+0035.0,19560820,20250824
576870-99999,CHANGSHA,CH,+28.117,+112.783,+0120.0,19440214,20250824
577070-99999,BIJIE,CH,+27.300,+105.233,+1511.0,19560820,20250824
577120-99999,HUICHUAN,CH,+27.733,+106.950,+0984.0,19800701,20250824
577310-99999,SINAN,CH,+27.950,+108.250,+0418.0,19570701,20250824
577450-99999,ZHIJIANG,CH,+27.450,+109.683,+0273.0,19430930,20250824
577660-99999,SHAOYANG,CH,+27.183,+111.450,+0310.4,19570602,20250824
577760-99999,NANYUE,CH,+27.300,+112.700,+1268.0,19560820,20250824
577930-99999,YICHUN,CH,+27.800,+114.383,+0129.0,19560820,20250824
577990-99999,JI'AN,CH,+27.117,+114.967,+0078.0,19560820,20250824
578160-99999,LONGDONGBAO,CH,+26.539,+106.801,+1138.7,19450204,20250824
578320-99999,SANSUI,CH,+26.967,+108.667,+0631.0,19591209,20250824
578450-99999,TONGDAO,CH,+26.167,+109.783,+0397.0,19591101,20250824
578530-99999,WUGANG,CH,+26.733,+110.633,+0340.0,19570601,20250824
578660-99999,LINGLING,CH,+26.233,+111.617,+0174.0,19430531,20250824
579020-99999,XINGREN,CH,+25.433,+105.183,+1379.0,19560820,20250824
579160-99999,LUODIAN,CH,+25.433,+106.767,+0441.0,19560820,20250824
579220-99999,DUSHAN,CH,+25.833,+107.550,+0971.0,19450430,20250824
579320-99999,RONGJIANG,CH,+25.967,+108.533,+0287.0,19560820,20250824
579570-99999,LIANGJIANG,CH,+25.218,+110.039,+0173.7,19430606,20250824
579720-99999,CHENZHOU,CH,+25.733,+112.967,+0368.8,19560820,20250824
579930-99999,GANZHOU,CH,+25.850,+114.950,+0125.0,19441130,20250824
579931-99999,YAOQIANG,CH,+36.857,+117.216,+0023.2,20050617,20250824
580270-99999,XUZHOU,CH,+34.283,+117.150,+0042.0,19560820,20250824
580280-99999,XUZHOU / GUANYIN ARPT,CH,+34.059,+117.556,+0035.1,19731104,20240824
580400-99999,GANYU,CH,+34.850,+119.133,+0010.0,19580104,20250824
581020-99999,BOXIAN,CH,+33.783,+115.733,+0040.3,19560821,20250824
581410-99999,HUAIYIN,CH,+33.633,+118.933,+0013.7,20040713,20250824
581500-99999,SHEYANG,CH,+33.750,+120.300,+0003.0,19600101,20250824
582030-99999,FUYANG,CH,+32.867,+115.733,+0033.0,19570601,20250824
582080-99999,GUSHI,CH,+32.167,+115.617,+0044.0,19560820,20250824
582210-99999,BENGBU,CH,+32.850,+117.300,+0028.0,19560820,20250824
582380-99999,LUKOU,CH,+31.742,+118.862,+0014.9,19560820,20250824
582390-99999,NINGBO LISHE INTL,CN,+29.825,+121.465,+0004.0,20040825,20250824
582510-99999,DONGTAI,CH,+32.850,+120.283,+0004.0,19560820,20250824
582650-99999,LUSI,CH,+32.067,+121.600,+0010.0,19570602,20250824
583140-99999,HUOSHAN,CH,+31.400,+116.333,+0068.0,19560820,20250824
583210-99999,LUOGANG / XINQIAO,CN,+31.988,+116.977,+0063.0,19560820,20250824
583211-99999,PUDONG,CH,+31.143,+121.805,+0004.0,20040713,20250824
583212-99999,JINJIANG AIRPORT,CH,+24.796,+118.590,+0051.0,20100727,20241020
583380-99999,WUHUXIAN,CH,+31.150,+118.583,+0016.0,19860101,20250824
583450-99999,LIYANG,CH,+31.433,+119.483,+0008.0,19570601,20250824
583620-99999,SHANGHAI,CH,+31.400,+121.467,+0004.0,19910615,20250824
583670-99999,HONGQIAO INTL,CH,+31.198,+121.336,+0003.0,19560820,20250824
584240-99999,ANQING,CH,+30.617,+116.967,+0063.2,19560820,20250824
584370-99999,HUANG SHAN,CH,+30.133,+118.150,+1836.0,19560820,20250824
584570-99999,XIAOSHAN,CH,+30.228,+120.432,+0007.0,19560820,20250824
584720-99999,SHENGSI,CH,+30.733,+122.450,+0081.0,19581001,20250824
584770-99999,DINGHAI,CH,+30.033,+122.117,+0037.0,19560820,20250824
585060-99999,LU SHAN,CH,+29.583,+115.983,+1165.0,19560820,20250824
585270-99999,JINGDEZHEN,CH,+29.300,+117.200,+0060.0,19560820,20250824
585430-99999,CHUN AN,CH,+29.617,+119.017,+0172.0,20070727,20250824
585560-99999,SHENGXIAN,CH,+29.600,+120.817,+0108.0,19570601,20250824
585690-99999,SHIPU,CH,+29.200,+121.950,+0127.0,19570601,20250824
586060-99999,CHANGBEI INTL,CH,+28.865,+115.900,+0043.6,19560820,20250824
586330-99999,QU XIAN,CH,+28.967,+118.867,+0071.0,19560820,20250824
586460-99999,LISHUI,CH,+28.450,+119.917,+0060.0,19560820,20250824
586590-99999,WENZHOU,CH,+28.017,+120.667,+0007.0,19560820,20240906
586660-99999,DACHEN DAO,CH,+28.450,+121.883,+0084.0,19591101,20250824
587150-99999,NANCHENG,CH,+27.583,+116.650,+0082.0,19560820,20250824
587250-99999,SHAOWU,CH,+27.333,+117.467,+0219.0,19570602,20250824
587300-99999,WUYISHAN,CH,+27.767,+118.033,+0221.0,19920301,20250824
587310-99999,PUCHENG,CH,+27.917,+118.533,+0275.0,19560820,20250824
587520-99999,RUIAN,CH,+27.783,+120.650,+0038.0,20040713,20250824
587540-99999,FUDING,CH,+27.333,+120.200,+0038.0,19560820,20250824
588130-99999,GUANGCHANG,CH,+26.850,+116.333,+0142.0,19570610,20250824
588340-99999,NANPING,CH,+26.633,+118.150,+0153.0,19560820,20250824
588470-99999,FUZHOU,CH,+26.083,+119.283,+0085.0,19560820,20250824
589110-99999,CHANGTING,CH,+25.850,+116.367,+0311.0,19570301,20250824
589210-99999,YONG'AN,CH,+25.950,+117.370,+0257.8,19560820,20250824
589260-99999,ZHANG PING,CH,+25.300,+117.400,+0203.0,19940901,20250824
589310-99999,JIUXIAN SHAN,CH,+25.717,+118.100,+1651.0,19560820,20250824
589440-99999,PINGTAN,CH,+25.517,+119.783,+0031.0,19560820,20250824
589680-99999,TAIBEI,CH,+25.033,+121.517,+0009.0,19570601,20250824
589740-99999,PENGJIA YU,CH,+25.633,+122.067,+0102.0,19730102,20250824
590070-99999,GUANGNAN,CH,+24.067,+105.067,+1251.0,19560820,20250824
590230-99999,HECHI,CH,+24.700,+108.050,+0214.0,19560820,20250824
590460-99999,LIUZHOU,CH,+24.350,+109.400,+0097.0,19430919,20240611
590580-99999,MENGSHAN,CH,+24.200,+110.517,+0145.0,19570601,20250824
590720-99999,LIANZHOU,CH,+24.800,+112.367,+0098.0,19560820,20250824
590820-99999,SHAOGUAN,CH,+24.667,+113.600,+0068.0,19560820,20250824
590870-99999,FOGANG,CH,+23.883,+113.517,+0068.0,19570602,20250824
590960-99999,LIANPING,CH,+24.367,+114.483,+0214.0,19570602,20250824
591020-99999,XUNWU,CH,+24.950,+115.650,+0299.0,19560820,20250824
591170-99999,MEI XIAN,CH,+24.283,+116.067,+0116.9,19560820,20250824
591340-99999,GAOQI,CH,+24.544,+118.128,+0018.0,19560820,20250824
591580-99999,TAIZHONG,CH,+24.150,+120.683,+0078.0,19560820,20250824
592090-99999,NAPO,CH,+23.300,+105.950,+0794.0,19730101,20250824
592110-99999,BAISE,CH,+23.900,+106.600,+0177.0,19560820,20250824
592540-99999,GUIPING,CH,+23.400,+110.083,+0044.0,19560820,20250824
592650-99999,WUZHOU,CH,+23.483,+111.300,+0120.0,19560820,20250824
592780-99999,GAOYAO,CH,+23.050,+112.467,+0012.0,19570601,20250824
592870-99999,BAIYUN INTL,CH,+23.392,+113.299,+0015.2,19451130,20250824
592871-99999,HUANGHUA,CH,+28.189,+113.220,+0066.1,20040713,20250824
592930-99999,HEYUAN,CH,+23.800,+114.733,+0041.0,19560820,20250824
593160-99999,SHANTOU / CHAOSHAN,CN,+23.553,+116.505,+0016.0,19560820,20250824
593580-99999,TAINAN,CH,+23.000,+120.217,+0014.0,19560820,20250824
594170-99999,LONGZHOU,CH,+22.367,+106.750,+0129.0,19560820,20250824
594310-99999,WUXU,CH,+22.608,+108.172,+0128.3,19440114,20250824
594560-99999,XINYI,CH,+22.350,+110.933,+0084.0,19560820,20250824
594930-99999,BAOAN INTL,CH,+22.639,+113.811,+0004.0,19570601,20250824
595010-99999,SHANWEI,CH,+22.783,+115.367,+0005.0,19560820,20250824
595590-99999,HENGCHUN,CH,+22.000,+120.750,+0024.0,19560820,20250824
595620-99999,TAIDONG,CH,+22.750,+121.150,+0010.0,19560820,20250824
595670-99999,LAN YU,CH,+22.033,+121.550,+0325.0,19730101,20250824
596320-99999,QINZHOU,CH,+21.950,+108.617,+0006.0,19560820,20250824
596440-99999,BEIHAI,CH,+21.483,+109.100,+0016.0,19450811,20250824
596580-99999,ZHANJIANG,CH,+21.150,+110.300,+0050.0,19560820,20250824
596630-99999,YANGJIANG,CH,+21.867,+111.967,+0022.0,19560820,20250824
596730-99999,SHANGCHUAN DAO,CH,+21.733,+112.767,+0018.0,19591101,20250824
597580-99999,HAIKOU,CH,+20.000,+110.250,+0024.0,19560820,20250824
597920-99999,DONGSHA DAO,CH,+20.667,+116.717,+0006.0,19560820,20250824
598380-99999,DONGFANG,CH,+19.100,+108.617,+0008.0,19560820,20250824
598450-99999,DANXIAN,CH,+19.517,+109.583,+0169.0,19570602,20250824
598550-99999,QIONGHAI,CH,+19.233,+110.467,+0025.0,19560820,20250824
599480-99999,SANYA,CH,+18.217,+109.583,+0007.0,19560820,20250824
599810-99999,XISHA DAO,CH,+16.833,+112.333,+0005.0,19570701,20250824
599850-99999,SANHU DAO,CH,+16.533,+111.617,+0005.0,19750426,20250824
599970-99999,NANSHA DAO,CH,+10.383,+114.367,+0005.0,19730101,20250824
600010-99999,HIERRO,SP,+27.815,-017.887,+0031.4,19730313,20250824
600050-99999,LA PALMA,SP,+28.626,-017.756,+0032.6,19600101,20250824
600070-99999,LA GOMERA/AEROPUERTO,SP,+28.033,-017.217,+0219.0,20040529,20250824
600100-99999,IZANA,SP,+28.317,-016.500,+2368.0,19470101,20250824
600150-99999,TENERIFE NORTE,SP,+28.483,-016.342,+0631.9,19470101,20250824
600180-99999,TENERIFE-GUIMAR,SP,+28.318,-016.382,+0105.0,20081007,20250821
600200-99999,STA. CRUZ DE TENERIFE,SP,+28.450,-016.250,+0036.0,19310103,20250824
600250-99999,TENERIFE SUR,SP,+28.044,-016.572,+0063.7,19800701,20250824
600300-99999,GRAN CANARIA,SP,+27.932,-015.387,+0023.8,19500316,20250824
600330-99999,HASSAN I,EH,+27.152,-013.219,+0063.1,19610601,20250824
600340-99999,DAKHLA,WI,+23.718,-015.932,+0006.1,20040811,20250824
600350-99999,FUERTEVENTURA,SP,+28.453,-013.864,+0025.3,19500327,20250824
600400-99999,LANZAROTE,SP,+28.945,-013.605,+0014.3,19500310,20250824
600600-99999,SIDI IFNI,MO,+29.369,-010.180,+0059.0,19500310,20250824
600960-99999,VILLA CISNEROS(MIL),WI,+23.700,-015.867,+0010.0,19310103,20250404
601010-99999,TANGER IBN BATOUTA INTL,MA,+35.727,-005.917,+0018.9,19570101,20250824
601050-99999,LARACHE,MO,+35.150,-006.100,+0049.0,19620506,20250824
601060-99999,CHEFCHAOUEN,MO,+35.167,-005.300,+0305.0,19940901,20250824
601070-99999,CHERIF EL IDRISSI,MO,+35.177,-003.840,+0027.1,19650307,20250824
601150-99999,ANGADS,MO,+34.787,-001.924,+0467.9,19490110,20250824
601200-99999,KENITRA (RMAFB),MO,+34.300,-006.600,+0006.0,19490122,20250824
601350-99999,RABAT SALE INTL,MA,+34.051,-006.752,+0084.1,19430113,20250824
601410-99999,SAISS,MO,+33.927,-004.978,+0579.1,19441101,20250824
601460-99999,MOHAMMEDIA,MO,+33.717,-007.400,+0005.0,20040621,20250824
601500-99999,BASSATINE,MO,+33.879,-005.515,+0576.1,19490116,20250824
601550-99999,ANFA,MO,+33.557,-007.660,+0061.9,19490101,20250824
601560-99999,MOHAMMED V,MO,+33.367,-007.590,+0199.9,19421121,20250824
601770-99999,SETTAT,MO,+32.950,-007.617,+0408.0,20181225,20250824
601780-99999,KHOURIBGA,MO,+32.867,-006.967,+0781.0,19500621,20250824
601850-99999,SAFI,MO,+32.283,-009.233,+0045.0,19490404,20250824
601900-99999,KASBA-TADLA,MO,+32.533,-006.283,+0518.0,19490124,20250824
601910-99999,BENI-MELLAL,MO,+32.367,-006.400,+0472.0,19730101,20250824
601950-99999,MIDELT,MO,+32.683,-004.733,+1515.0,19490130,20250824
602000-99999,BOUARFA,MO,+32.567,-001.950,+1143.0,19840410,20250824
602051-99999,BEN GUERIR AIR BASE,MO,+32.125,-007.878,+0436.0,19511122,20250824
602100-99999,MOULAY ALI CHERIF,MO,+31.948,-004.398,+1044.9,19730101,20250824
602200-99999,ESSAOUIRA / MOGADOR INTL,MA,+31.399,-009.683,+0128.0,19490124,20250824
602230-99999,TAKERKOUSTE,MO,+31.033,-008.483,+0667.0,20130410,20250822
602300-99999,MENARA,MO,+31.607,-008.036,+0467.9,19430118,20250824
602500-99999,INEZGANE,MO,+30.381,-009.546,+0027.1,19450615,20250824
602520-99999,AL MASSIRA,MO,+30.325,-009.413,+0076.2,19920301,20250824
602530-99999,TAROUDANT,MO,+30.500,-008.817,+0266.0,20031230,20250824
602650-99999,OUARZAZATE,MO,+30.939,-006.909,+1153.1,19490401,20250824
602700-99999,TIZNIT,MO,+29.683,-009.733,+0261.0,19881225,20250824
602750-99999,ZAGORA,MO,+30.317,-005.867,+0729.0,20020328,20250824
602800-99999,GUELMIN,MO,+29.017,-010.067,+0341.0,19910918,20250824
602850-99999,PLAGE BLANCHE,MO,+28.448,-011.161,+0199.0,19490108,20250824
603180-99999,SANIAT RMEL,MO,+35.594,-005.320,+0003.0,19500310,20250824
603200-99999,CEUTA,SP,+35.889,-005.347,+0088.0,19650101,20250824
603350-99999,SMARA,MO,+26.733,-011.683,+0110.0,19760302,20250824
603380-99999,MELILLA,SP,+35.280,-002.956,+0047.5,19641001,20250824
603400-99999,NADOR-AROUI,MO,+34.983,-003.017,+0177.0,19500201,20250824
603510-99999,FERHAT ABBAS AIRPORT,AG,+36.795,+005.874,+0011.0,19811101,20250824
603550-99999,SKIKDA,AG,+36.933,+006.950,+0007.0,19570206,20250824
603600-99999,ANNABA / RABAH BITAT,DZ,+36.822,+007.809,+0004.9,19450609,20250824
603690-99999,ALGER-PORT,AG,+36.767,+003.100,+0012.0,19430325,20250304
603710-99999,OUED KORICHE,AG,+36.783,+003.033,+0171.9,20120101,20250824
603720-99999,BOUZAREAH,AG,+36.783,+003.000,+0054.6,20120101,20250817
603730-99999,MEHELMA,AG,+36.700,+002.883,+0070.1,20120101,20250822
603740-99999,AIN BENAIN,AG,+36.783,+002.883,+0033.0,20030123,20250824
603760-99999,BORDJ-EL-BAHRI,AG,+36.783,+003.250,+0058.0,20010712,20250824
603790-99999,REGHAIA,AG,+36.767,+003.333,+0162.2,20120101,20250824
603800-99999,TESSALA EL MERDJA,AG,+36.617,+002.917,+0017.1,20120101,20250817
603810-99999,EL HARRACH,AG,+36.717,+003.150,+0051.0,20120101,20250824
603870-99999,DELLYS,AG,+36.917,+003.950,+0008.0,19951101,20250816
603900-99999,HOUARI BOUMEDIENE,AG,+36.691,+003.215,+0025.0,19430401,20250824
603930-99999,DAR EL BEIDA VILLE,AG,+36.700,+003.200,+0148.1,20120101,20250817
603940-99999,BARAKI,AG,+36.683,+003.100,+0124.4,20120101,20250824
603950-99999,TIZI-OUZOU,AG,+36.700,+004.133,+0153.0,19951004,20250824
604020-99999,SOUMMAM ABANE RAMDANE,DZ,+36.712,+005.070,+0006.1,19730101,20250824
604030-99999,GUELMA,AG,+36.467,+007.467,+0228.0,19951004,20250824
604050-99999,BOUCHEGOUF,AG,+36.500,+007.717,+0111.0,20020314,20250729
604100-99999,TENES,AG,+36.500,+001.333,+0018.0,19490102,20250822
604150-99999,AIN-BESSAM,AG,+36.283,+003.667,+0752.0,20030330,20250816
604170-99999,BOUIRA,AG,+36.383,+003.883,+0560.0,19951008,20250816
604190-99999,MOHAMED BOUDIAF INTL,AG,+36.276,+006.620,+0690.4,19430301,20250824
604210-99999,OUM EL BOUAGHI,AG,+35.867,+007.117,+0891.0,19850203,20250824
604230-99999,SOUK AHRAS,AG,+36.250,+007.950,+0831.0,19880813,20250824
604250-99999,ECH CHELIFF / CHLEF,DZ,+36.213,+001.332,+0141.1,19430107,20250824
604300-99999,MILIANA,AG,+36.300,+002.233,+0721.0,19490112,20250824
604370-99999,MEDEA,AG,+36.283,+002.733,+1036.0,19951008,20250824
604440-99999,BORDJ-BOU-ARRERIDJ,AG,+36.067,+004.667,+0957.0,19790916,20250824
604450-99999,SETIF AIN ARNAT / SETIF 8 MAI 45,DZ,+36.178,+005.324,+1050.0,19490115,20250824
604520-99999,ARZEW,AG,+35.817,-000.267,+0004.0,19840801,20250824
604570-99999,MOSTAGANEM,AG,+35.883,+000.117,+0138.0,19760401,20250824
604591-99999,HASSI R MEL,AG,+32.917,+003.300,+0794.0,20040510,20250824
604592-99999,TAFARAOUI,AG,+35.533,-000.533,+0115.0,20040525,20250824
604610-99999,ORAN-PORT,AG,+35.700,-000.650,+0022.0,19510118,20250824
604670-99999,M'SILA,AG,+35.667,+004.500,+0442.0,19810101,20250824
604680-99999,BATNA / MOSTEPHA BEN BOULAID,DZ,+35.752,+006.309,+0822.0,19730101,20250824
604710-99999,BARIKA,AG,+35.333,+005.333,+0461.0,20031118,20250816
604750-99999,CHEIKH LARBI TEBESSI,AG,+35.432,+008.121,+0811.1,19510102,20250824
604760-99999,KHENCHELLA,AG,+35.467,+007.083,+0987.0,19960201,20250816
604900-99999,ES SENIA / AHMED BENBELLA,DZ,+35.624,-000.621,+0089.9,19490102,20250824
604920-99999,RELIZANE,AG,+35.750,+000.617,+0094.0,19421114,20250817
605070-99999,GHRISS,AG,+35.208,+000.147,+0513.9,19430521,20250824
605110-99999,ABDELHAFID BOUSSOUF BOU CHEKIF,DZ,+35.341,+001.463,+0989.1,19830404,20250824
605140-99999,KSAR CHELLALA,AG,+35.167,+002.317,+0801.0,19951101,20250824
605150-99999,BOU SAADA,AG,+35.333,+004.206,+0459.0,19840301,20250824
605170-99999,GHAZAOUET,AG,+35.100,-001.867,+0005.0,19951101,20250824
605180-99999,BENI-SAF,AG,+35.300,-001.350,+0070.0,19760307,20250727
605200-99999,SIDI-BEL-ABBES,AG,+35.200,-000.617,+0476.0,19850203,20250824
605220-99999,MAGHNIA,AG,+34.820,-001.770,+0426.0,19761001,20250824
605250-99999,BISKRA / MOHAMED KHIDER,DZ,+34.793,+005.738,+0088.1,19430201,20250824
605310-99999,ZENATA MESSALI EL HADJ,DZ,+35.017,-001.450,+0248.1,19810101,20250824
605350-99999,DJELFA/TLETSI,AG,+34.683,+003.250,+1144.0,19490108,20250824
605360-99999,SAIDA,AG,+34.867,+000.150,+0752.0,19810101,20250824
605400-99999,EL-KHEITER,AG,+34.150,+000.067,+1001.0,19490116,20250824
605450-99999,LAGHOUAT,AG,+33.764,+002.927,+0765.0,19490108,20250824
605490-99999,MECHERIA,AG,+33.536,-000.242,+1175.0,19800208,20250824
605500-99999,EL-BAYADH,AG,+33.717,+001.083,+1347.0,19490116,20250824
605550-99999,SIDI MAHDI / NESRAT HACHANI,DZ,+33.068,+006.089,+0085.0,19490112,20250824
605570-99999,NAAMA,AG,+33.267,-000.300,+1166.0,19951004,20250824
605590-99999,GUEMAR,AG,+33.511,+006.777,+0061.9,19650101,20250824
605600-99999,AIN-SEFRA,AG,+32.767,-000.600,+1059.0,19490112,20250824
605660-99999,NOUMERAT MOUFDI ZAKARIA,DZ,+32.384,+003.794,+0460.9,19590416,20250824
605710-99999,BECHAR / BOUDGHENE BEN ALI LOTFI,DZ,+31.646,-002.270,+0811.1,19570101,20250824
605800-99999,OUARGLA / AIN BEIDA,DZ,+31.917,+005.413,+0150.0,19490130,20250824
605810-99999,OUED IRARA / KRIM BELKACEM,DZ,+31.673,+006.140,+0141.1,19650307,20250824
605900-99999,EL GOLEA,AG,+30.571,+002.860,+0398.1,19490130,20250824
605930-99999,HASSI KHEBI,AG,+29.167,-005.233,+0565.0,20120308,20250817
606020-99999,BENI-ABBES,AG,+30.133,-002.167,+0505.0,19730101,20250824
606030-99999,RHOURD NOUSS,AG,+29.717,+006.700,+0252.0,20051023,20250824
606050-99999,TABELBALA,AG,+29.417,-003.250,+0550.0,19500211,20250817
606070-99999,TIMIMOUN,AG,+29.237,+000.276,+0313.0,19660722,20250824
606110-99999,IN AMENAS,AG,+28.052,+009.643,+0563.0,19641001,20250824
606120-99999,TIRIRINE,AG,+22.050,+008.583,+0770.0,20120601,20250824
606130-99999,OUHANET,AG,+28.700,+008.933,+0610.0,20120101,20250817
606170-99999,TAMESGUIDA,AG,+27.317,+003.717,+0354.0,20120601,20250817
606190-99999,TAGUENTOUR,AG,+28.467,+002.517,+0636.0,20080401,20250819
606200-99999,TOUAT CHEIKH SIDI MOHAMED BELKEBIR,AG,+27.838,-000.186,+0280.1,19490130,20250824
606201-99999,BORDJ MOKHTAR,AG,+21.333,+000.950,+0398.0,20040713,20250824
606305-99999,IN SALAH,AG,+27.250,+002.500,+0280.0,19790801,20250824
606330-99999,IN ZIZA,AG,+23.217,+002.583,+0443.0,20090201,20250817
606380-99999,TIN FOUYE,AG,+28.447,+007.552,+0480.1,20110101,20240324
606390-99999,TINFOUYE,AG,+28.433,+007.550,+0471.0,20130101,20250824
606400-99999,ILLIZI TAKHAMALT / IBRAHIM GHOUMA,DZ,+26.724,+008.623,+0541.9,19500201,20250824
606450-99999,REGGANE,AG,+26.717,+000.283,+0291.1,19500215,20250817
606500-99999,AMGUID,AG,+26.417,+005.367,+0614.0,20080721,20250817
606560-99999,TINDOUF,AG,+27.700,-008.167,+0442.9,19430319,20250824
606600-99999,ARAK,AG,+25.267,+003.733,+0556.0,20080721,20250817
606610-99999,ABDENNIZI,AG,+25.217,+005.117,+0800.0,19500201,20250817
606620-99999,FADNOUNE,AG,+25.817,+008.183,+1291.0,20120601,20250824
606630-99999,MOULAY LACHEN,AG,+24.717,+004.650,+1054.0,20080721,20250824
606670-99999,TINALKOUM,AG,+24.600,+010.217,+0719.0,20120601,20250824
606700-99999,TISKA,AG,+24.293,+009.452,+0968.0,19490214,20250824
606720-99999,MERTOUEK,AG,+24.217,+005.533,+1343.0,20080721,20250824
606750-99999,OUALLEN,AG,+23.400,+001.000,+0358.0,19490130,20240512
606760-99999,IN-EZZANE,AG,+23.483,+011.233,+0912.0,20080721,20250817
606770-99999,AFARA,AG,+25.333,+007.800,+1240.0,20090201,20250824
606790-99999,ASSEKREM,AG,+23.267,+005.633,+2710.0,20080721,20250824
606805-99999,TAMANRASSET,AG,+22.800,+005.450,+1412.0,19801107,20250824
606820-99999,TINTARABINE,AG,+23.183,+006.767,+1105.0,20120218,20250817
606850-99999,BIDON 5,AG,+22.317,+001.117,+0392.0,20120101,20250824
606890-99999,TIMIAOUINE,DZ,+20.417,+001.800,+0608.7,20120101,20250817
606900-99999,IN-GUEZZAM,AG,+19.567,+005.767,+0400.0,19880326,20250824
606910-99999,ANESBARAKA,AG,+19.433,+004.650,+0477.0,20120601,20250824
606920-99999,IN GUEZZAM,AG,+19.570,+005.750,+0400.0,20050101,20250824
606930-99999,IN ATEI,AG,+20.567,+006.117,+0471.0,20120101,20250817
606940-99999,IN AZAOUA,AG,+20.967,+007.450,+0517.0,20120101,20250824
606950-99999,TIN ZAOUATENE,AG,+19.967,+002.983,+0734.9,20120101,20250817
607100-99999,TABARKA 7 NOVEMBRE / AIN DRAHAM,TN,+36.980,+008.877,+0070.1,19741001,20250824
607140-99999,SIDI AHMED AIR BASE,TS,+37.245,+009.791,+0006.1,19430805,20250824
607150-99999,CARTHAGE,TS,+36.851,+010.227,+0006.7,19430608,20250824
607200-99999,KELIBIA,TS,+36.850,+011.083,+0030.0,19430524,20250824
607230-99999,BEJA,TS,+36.733,+009.183,+0159.0,19880503,20250824
607250-99999,JENDOUBA,TS,+36.483,+008.800,+0144.0,19430630,20250824
607280-99999,NABEUL,TS,+36.467,+010.700,+0078.0,19820901,20250824
607290-99999,ZAGHONAN MAGRANE,TS,+36.433,+010.083,+0156.0,20010917,20250824
607310-99999,ENFIDHA,TS,+36.083,+010.433,+0006.0,20091201,20250824
607320-99999,LE KEF,TS,+36.133,+008.700,+0518.0,19891001,20250824
607340-99999,SILIANA,TS,+36.067,+009.367,+0445.0,19801201,20250824
607350-99999,KAIROUAN,TS,+35.667,+010.100,+0068.0,19490108,20250824
607380-99999,THALA,TS,+35.550,+008.683,+1092.0,19770102,20250824
607390-99999,KASSERINE,TS,+35.167,+008.833,+0707.0,20010917,20250824
607400-99999,MONASTIR-SKANES,TS,+35.667,+010.750,+0002.0,19430602,20250824
607403-99999,HABIB BOURGUIBA INTL,TS,+35.758,+010.755,+0002.7,19890908,20250824
607420-99999,MAHDIA,TS,+35.500,+011.067,+0012.0,20030330,20250824
607450-99999,GAFSA,TS,+34.422,+008.823,+0323.1,19490107,20250824
607480-99999,SIDI BOUZID,TS,+35.000,+009.483,+0355.0,19770830,20250824
607500-99999,THYNA,TS,+34.718,+010.691,+0025.9,19490108,20250824
607600-99999,NEFTA,TS,+33.940,+008.111,+0087.5,19730101,20250824
607640-99999,KEBILI,TS,+33.700,+008.967,+0046.0,19880401,20250824
607650-99999,GABES / MATMATA,TN,+33.734,+009.919,+0125.0,19490101,20250824
607670-99999,GABES,TS,+33.733,+009.917,+0112.2,20120101,20250824
607690-99999,ZARZIS / DJERBA,TN,+33.875,+010.775,+0005.8,19660722,20250824
607700-99999,MEDENINE,TS,+33.350,+010.483,+0117.0,19770305,20250824
607720-99999,TATAOUINE,TS,+32.917,+010.450,+0215.0,19890701,20250824
607750-99999,REMADA,TS,+32.306,+010.382,+0306.0,19490108,20250824
607800-99999,EL BORMA,TS,+31.704,+009.255,+0252.1,19490209,20250824
610170-99999,BILMA,NG,+18.683,+012.917,+0357.0,19490401,20250824
610240-99999,AGADEZ / MANO DAYAK,NE,+16.967,+007.967,+0505.1,19490401,20250824
610360-99999,TILLABERY,NG,+14.200,+001.450,+0210.0,19490401,20250824
610430-99999,TAHOUA,NG,+14.876,+005.265,+0385.9,19490402,20250824
610450-99999,GOURE,NG,+13.983,+010.300,+0460.0,19830502,20250824
610490-99999,N'GUIGMI,NG,+14.250,+013.117,+0286.0,19500204,20250824
610520-99999,DIORI HAMANI,NG,+13.482,+002.184,+0223.1,19490401,20250824
610530-99999,DOSSO,NG,+13.033,+003.300,+0225.0,20100113,20250824
610750-99999,BIRNI-N'KONNI,NG,+13.800,+005.250,+0273.0,19490403,20250824
610800-99999,MARADI,NG,+13.503,+007.127,+0378.0,19490401,20250824
610850-99999,DIFFA,NG,+13.373,+012.627,+0303.0,19850401,20250824
610900-99999,ZINDER,NG,+13.779,+008.984,+0462.1,19490401,20250824
610910-99999,MAGARIA,NG,+12.983,+008.933,+0403.0,19801001,20250824
610960-99999,MAINE-SOROA,NG,+13.233,+011.983,+0338.0,19490401,20250824
610990-99999,GAYA,NG,+11.883,+003.450,+0202.0,19730101,20250824
612020-99999,TESSALIT,ML,+20.243,+000.977,+0494.1,19500608,20240828
612140-99999,KIDAL,ML,+18.433,+001.350,+0459.0,19570305,20250610
612230-99999,TOMBOUCTOU,ML,+16.730,-003.008,+0263.0,19490411,20250823
612260-99999,GAO,ML,+16.248,-000.005,+0265.2,19490401,20250823
612300-99999,NIORO DU SAHEL,ML,+15.239,-009.577,+0242.0,19490406,20250824
612330-99999,NARA/KEIBANE,ML,+15.167,-007.283,+0265.0,19780201,20250824
612350-99999,YELIMANE,ML,+15.117,-010.567,+0100.0,19901001,20250824
612570-99999,KAYES/DAG-DAG,ML,+14.482,-011.440,+0051.5,19490403,20250824
612650-99999,AMBODEDJO,ML,+14.513,-004.080,+0276.1,19490403,20250824
612700-99999,KITA,ML,+13.067,-009.467,+0334.0,19570105,20250824
612720-99999,SEGOU,ML,+13.400,-006.150,+0289.0,19490406,20250824
612770-99999,SAN,ML,+13.333,-004.833,+0284.0,19500103,20250824
612850-99999,KENIEBA,ML,+12.850,-011.233,+0132.0,19490416,20250824
612910-99999,SENOU / PRESIDENT MODIBO KEITA,ML,+12.534,-007.950,+0380.1,19750101,20250824
612930-99999,KOUTIALA,ML,+12.383,-005.467,+0367.0,19500403,20250824
612960-99999,BOUGOUNI,ML,+11.417,-007.500,+0351.0,19490511,20250824
612970-99999,SIKASSO,ML,+11.350,-005.683,+0375.0,19490403,20250824
614040-99999,ZOUERATE,MR,+22.750,-012.483,+0343.0,19830701,20250521
614150-99999,NOUADHIBOU,MR,+20.933,-017.030,+0004.9,19490401,20250824
614210-99999,ATAR,MR,+20.507,-013.043,+0231.0,19430401,20250824
614890-99999,ROSSO,MR,+16.500,-015.817,+0006.0,19570102,20240113
614970-99999,NEMA,MR,+16.622,-007.317,+0231.0,19650307,20250822
616000-99999,SAINT LOUIS OUSMANE MASSECK NDIAYE,SN,+16.051,-016.463,+0002.7,19490401,20250824
616120-99999,PODOR,SG,+16.650,-014.967,+0007.0,19730101,20250824
616270-99999,LINGUERE,SG,+15.383,-015.117,+0021.0,19500304,20250824
616300-99999,MATAM/OURO SOGUI,SG,+15.650,-013.250,+0017.0,19490423,20250824
616410-99999,LEOPOLD SEDAR SENGHOR INTL,SG,+14.740,-017.490,+0025.9,19430401,20250824
616660-99999,DIOURBEL,SG,+14.650,-016.233,+0009.0,19500206,20250824
616790-99999,KAOLACK,SG,+14.147,-016.051,+0007.9,19500205,20250824
616870-99999,TAMBACOUNDA,SG,+13.737,-013.653,+0049.1,19490501,20250824
616950-99999,ZIGUINCHOR,SG,+12.556,-016.282,+0022.9,19490402,20250824
616970-99999,CAP SKIRRING,SN,+12.410,-016.746,+0015.8,19771101,20250824
616980-99999,KOLDA,SG,+12.883,-014.967,+0010.0,19730101,20250824
616990-99999,KEDOUGOU,SG,+12.572,-012.220,+0178.0,19730102,20250824
617010-99999,BANJUL INTL,GA,+13.338,-016.652,+0029.0,19490113,20250824
617050-99999,SIBANOR,GA,+13.217,-016.200,+0021.0,19950702,20250103
617070-99999,JENOI,GA,+13.483,-015.567,+0011.0,19880807,20250319
617110-99999,BANJUL/HALF-DIE,GA,+13.450,-016.450,+0002.0,19490113,20241009
617120-99999,KEREWAN,GA,+13.483,-016.183,+0015.0,19810506,20250824
617170-99999,KAUR,GA,+13.717,-015.250,+0006.0,19860525,20250824
617210-99999,GEORGETOWN,GA,+13.533,-014.767,+0001.0,19490327,20250824
617220-99999,SAPU,GA,+13.567,-015.933,+0002.0,19821009,20250824
617310-99999,BASSE,GA,+13.317,-014.217,+0004.0,19791002,20250824
617330-99999,FATOTO,GA,+13.667,-014.467,+0017.5,19950411,20250824
617660-99999,BISSAU OSWALDO VIEIRA INTL,PU,+11.895,-015.654,+0039.3,19490106,20250824
617690-99999,BOLAMA,PU,+11.583,-015.483,+0020.0,19490106,20250823
617810-99999,BAFATA,PU,+12.183,-014.667,+0043.0,19730105,20250824
618020-99999,KOUNDARA,GV,+12.567,-013.517,+0090.0,19891001,20241125
618090-99999,LABE,GV,+11.326,-012.287,+1035.1,19490405,20250817
618110-99999,SIGUIRI,GV,+11.433,-009.167,+0366.0,19740715,20241203
618160-99999,BOKE/BARALANDE,GV,+10.933,-014.317,+0069.0,19490403,20250824
618180-99999,KINDIA,GV,+10.050,-012.867,+0459.0,19730507,20250822
618200-99999,MAMOU,GV,+10.367,-012.083,+0784.0,19500206,20250824
618290-99999,KANKAN,GV,+10.383,-009.300,+0384.0,19490401,20250824
618293-99999,KANKAN/DIANKANA,GV,+10.367,-009.300,+0384.0,20220330,20240813
618320-99999,CONAKRY / AHMED SEKOU TOURE INTL,GN,+09.577,-013.612,+0021.9,19490401,20250824
618330-99999,FARANAH,GV,+10.035,-010.770,+0449.9,19740823,20250824
618470-99999,MACENTA,GV,+08.533,-009.467,+0544.0,19490402,20250823
618490-99999,N'ZEREKORE/KONIA,GV,+07.733,-008.833,+0470.0,19741108,20250824
618560-99999,FREETOWN LUNGI,SL,+08.616,-013.195,+0025.6,19490124,20250709
619010-99999,ST. HELENA IS.,SH,-15.933,-005.667,+0436.0,19430518,20250824
619020-99999,ASCENSION AUX AF,SH,-07.970,-014.394,+0084.7,19420901,20250824
619310-99999,SAO TOME INTL,TP,+00.378,+006.712,+0010.1,19730101,20250824
619340-99999,PRINCIPE,TP,+01.663,+007.412,+0180.1,19730504,20250120
619670-70701,DIEGO GARCIA NAVAL AIR STATION,IO,-07.300,+072.400,+0004.3,19490201,20250824
619680-99999,ILES GLORIEUSES,FS,-11.583,+047.283,+0004.0,19730102,20250818
619700-99999,ILE JUAN DE NOVA,JU,-17.050,+042.717,+0010.0,19730102,20250815
619720-99999,ILE EUROPA,EU,-22.333,+040.333,+0006.0,19730101,20250812
619740-99999,AGALEGA,MP,-10.433,+056.600,+0004.0,19490201,20250824
619760-99999,SERGE-FROLOW (ILE TROMELIN),TE,-15.883,+054.517,+0013.0,19730101,20250413
619800-99999,ST DENIS GILLOT / LA REUNION ROLAND GARROS,RE,-20.887,+055.510,+0020.1,19730101,20250824
619840-99999,ST PIERRE PIERREFONDS,RE,-21.321,+055.425,+0018.0,19730102,20250824
619860-99999,ST. BRANDON (ST. RAPHAEL),MP,-16.450,+059.617,+0004.0,19490201,20240218
619880-99999,PLAINE CORAIL,MP,-19.758,+063.361,+0029.0,19490201,20250824
619890-99999,PLAINE CORAIL,MP,-19.750,+063.370,+0030.0,20060101,20250824
619900-99999,SIR SEEWOOSAGUR RAMGOOLAM INTL,MP,-20.430,+057.684,+0056.7,19490201,20250824
619950-99999,VACOAS (MAURITIUS),MP,-20.300,+057.467,+0425.0,19770701,20250824
619960-99999,MARTIN DE VIVIES (ILE AMSTERDAM),FS,-37.800,+077.533,+0029.0,19730101,20250203
619970-99999,ALFRED FAURE (ILES CROZET),FS,-46.433,+051.850,+0142.0,19740903,20250723
619980-99999,PORT-AUX-FRANCAIS (ILES KERGUELEN),FS,-49.350,+070.250,+0030.0,19730101,20250824
620020-99999,NALUT,LY,+31.514,+010.598,+0621.0,19490130,20250824
620070-99999,ZUARA,LY,+32.555,+012.056,+0004.0,19490129,20250824
620080-99999,YEFREN,LY,+32.040,+012.313,+0691.0,19830701,20250824
620100-99999,TRIPOLI INTL,LY,+32.664,+013.159,+0080.2,19430630,20250703
620110-99999,GARINA,LY,+32.150,+013.000,+0728.0,20161109,20250824
620120-99999,EL KHOMS,LY,+32.401,+014.143,+0025.0,19900601,20250824
620140-99999,BENWLID,LY,+31.741,+013.957,+0271.0,20050315,20250824
620160-99999,MISURATA,LY,+32.243,+015.021,+0033.0,19490129,20250824
620165-99999,MISRATA INTL,LY,+32.333,+015.067,+0018.3,20111117,20250324
620180-99999,ABU NJAYM,LY,+30.355,+015.254,+0090.0,20041121,20250824
620190-99999,SIRTE,LY,+31.200,+016.583,+0014.0,19490130,20250824
620525-99999,MITIGA,LY,+32.894,+013.276,+0011.0,20050507,20250824
620530-99999,BENINA AIRPORT,LY,+32.097,+020.269,+0132.0,19431031,20250824
620540-99999,AL-MARJ,LY,+32.517,+020.883,+0335.0,20050317,20250523
620590-99999,DERNA,LY,+32.783,+022.583,+0026.0,19490129,20250629
620620-99999,TOBRUK,LY,+32.100,+023.933,+0051.0,19441027,20250823
621030-99999,GHADAMES EAST,LY,+30.152,+009.715,+0342.0,19570101,20250807
621200-99999,GARIAT EL-SHARGHIA,LY,+30.383,+013.583,+0497.0,19730101,20250824
621240-99999,SEBHA,LY,+26.987,+014.473,+0434.9,19611204,20250824
621310-99999,HON,LY,+29.117,+015.950,+0267.0,19490130,20250824
621610-99999,JALO,LY,+29.033,+021.567,+0060.0,19490129,20250824
621760-99999,GIGHBUB,LY,+29.750,+024.533,-0001.0,19490131,20250824
622000-99999,OBARI,LY,+26.600,+012.783,+0463.0,19880502,20250824
622120-99999,GHAT,LY,+25.146,+010.143,+0699.8,19811201,20250824
622250-99999,TRAGEN,LY,+25.933,+014.450,+0421.0,20080901,20250824
622590-99999,TAZERBO,LY,+25.673,+021.091,+0261.2,19620403,20250820
622710-99999,KUFRA,LY,+24.179,+023.314,+0416.7,19490129,20250824
623050-99999,SALLUM PLATEAU,EG,+31.567,+025.133,+0006.0,19951214,20250824
623060-99999,MERSA MATRUH,EG,+31.325,+027.222,+0028.7,19370103,20250824
623090-99999,DABAA,EG,+31.017,+028.433,+0018.0,19570102,20250824
623180-99999,ALEXANDRIA INTL,EG,+31.184,+029.949,-0001.8,19370103,20250812
623250-99999,BALTIM,EG,+31.550,+031.100,+0002.0,19940801,20250824
623330-99999,PORT SAID,EG,+31.267,+032.300,+0006.0,19490301,20250824
623360-99999,EL ARISH-AGRIMET,EG,+31.083,+033.817,+0027.0,19381103,20250424
623370-99999,EL ARISH INTL,EG,+31.073,+033.836,+0036.9,19850601,20250824
623450-99999,TAHRIR,EG,+30.650,+030.700,+0015.0,19880604,20240224
623570-99999,WADI EL NATROON,EG,+30.400,+030.350,+0001.0,19960407,20250824
623601-99999,BORG EL ARAB INTL,EG,+30.918,+029.696,+0053.9,20040510,20250824
623660-99999,CAIRO INTL,EG,+30.122,+031.406,+0116.4,19431031,20250824
623661-99999,MARSA ALAM INTL,EG,+25.557,+034.582,+0076.5,20040510,20250824
623664-99999,ST CATHERINE INTL,EG,+28.683,+034.067,+1331.0,20070822,20250305
623665-99999,EDFU,EG,+24.983,+032.867,+0085.0,20090508,20240721
623870-99999,MINYA,EG,+28.083,+030.733,+0037.2,19381002,20250824
623930-99999,ASYUT INTL,EG,+27.047,+031.012,+0235.3,19490323,20250824
623980-99999,SOHAG / SUHAG INTL,EG,+26.333,+031.733,+0092.7,20070215,20250824
624030-99999,SOUTH OF VALLEY UNIVERSITY,EG,+26.200,+032.750,+0096.0,20040510,20250824
624050-99999,LUXOR INTL,EG,+25.671,+032.707,+0089.6,19431130,20250824
624140-99999,ASWAN INTL,EG,+23.964,+032.820,+0201.8,19370103,20250824
624160-99999,SIWA OASIS ARPT,EG,+29.346,+025.507,+0101.0,20010707,20250824
624170-99999,SIWA,EG,+29.200,+025.483,-0015.0,19370103,20250705
624190-99999,ABU SIMBEL,EG,+22.376,+031.612,+0187.8,19730723,20250824
624200-99999,BAHARIA,EG,+28.333,+028.867,+0130.0,19490905,20250824
624230-99999,FARAFRA,EG,+27.050,+027.983,+0078.0,19500313,20250821
624320-99999,DAKHLA,EG,+25.500,+028.967,+0117.0,19380310,20250823
624350-99999,KHARGA,EG,+25.450,+030.533,+0073.0,19570101,20250824
624400-99999,ISMAILIA,EG,+30.600,+032.250,+0012.5,19431031,20250824
624520-99999,NEKHEL,EG,+29.917,+033.733,+0403.0,20010916,20250824
624530-99999,ELHASANA,EG,+30.450,+033.767,+0255.0,20040115,20240412
624550-99999,RAS SEDR,EG,+29.583,+032.717,+0016.0,19960201,20250824
624580-99999,ABURDEES,EG,+28.900,+033.183,+0008.0,20010903,20250824
624590-99999,EL TOR,EG,+28.209,+033.646,+0035.1,19381101,20250824
624630-99999,HURGHADA INTL,EG,+27.178,+033.799,+0015.8,19900215,20250824
624639-99999,SHARM EL SHEIKH INT,EG,+27.967,+034.383,+0045.0,19970901,20250824
624650-99999,KOSSEIR,EG,+26.133,+034.250,+0011.0,19381002,20250824
624655-99999,TABA INTL,EG,+29.600,+034.767,+0768.0,19990710,20241020
624760-99999,SHALATIN,EG,+23.133,+035.583,+0021.0,20030330,20250824
628800-99999,WAU,OD,+07.700,+028.017,+0438.0,19490301,20241110
629410-99999,JUBA,OD,+04.874,+031.599,+0461.0,19490301,20250823
631252-99999,DJIBOUTI/AMBOULI,DJ,+11.550,+043.133,+0013.0,19961201,20250824
632100-99999,BOSASO,SO,+11.283,+049.183,+0002.0,19570104,20250824
632270-99999,GAROE,SO,+07.950,+048.500,-0999.9,19810204,20250824
632600-99999,MOGADISHU / ADEN ADDE INTL,SO,+02.033,+045.350,+0009.0,19490121,20250824
633300-99999,MEKELE,ET,+13.467,+039.533,+2254.3,19571209,20250824
633310-99999,GONDER ATSE TEWODROS,ET,+12.520,+037.434,+1965.7,19570101,20250824
633320-99999,BAHIR DAR GINBOT HAYA INTL,ET,+11.608,+037.322,+1822.1,19731003,20250824
633330-99999,COMBOLCHA/DESSIE,ET,+11.083,+039.717,+1864.0,19570104,20250824
633340-99999,DEBRE MARCOS,ET,+10.350,+037.717,+2476.0,19570101,20250824
633400-99999,LEKEMTE,ET,+09.083,+036.450,+2080.0,19730909,20250824
634020-99999,JIMMA ABA JIFAR,ET,+07.666,+036.817,+1676.4,19570101,20250824
634030-99999,GORE,ET,+08.167,+035.550,+1974.0,19570101,20250824
634500-99999,BOLE INTL,ET,+08.978,+038.799,+2325.6,19570101,20250824
634510-99999,HARAR MEDA (MIL),ET,+08.733,+039.000,+1876.0,19570109,20250824
634530-99999,METEHARA,ET,+08.867,+039.900,+0930.0,19570101,20250824
634600-99999,AWASSA (LAKE) / HAWASSA,ET,+07.101,+038.397,+1739.0,19730620,20250824
634710-99999,DIRE DAWA INTL,ET,+09.625,+041.854,+1158.8,19570101,20250824
634730-99999,JIJIGA GARAD WILWAL,ET,+09.332,+042.912,+1810.0,19570101,20250210
634740-99999,ROBE/BALE,ET,+07.133,+040.000,+2480.0,19630118,20250824
634780-99999,GODE,ET,+05.935,+043.579,+0254.2,19730104,20250824
635000-99999,ARBA MINCH,ET,+06.039,+037.590,+1189.0,19870301,20250824
635330-99999,NEGHELLI (MIL),ET,+05.283,+039.750,+1455.0,19570101,20250824
636020-99999,ARUA,UG,+03.050,+030.917,+1211.0,19570101,20250824
636120-99999,LODWAR,KE,+03.122,+035.609,+0522.7,19570101,20250824
636190-99999,MOYALE LOWER (ODA),KE,+03.533,+039.050,+1097.0,19570101,20250824
636240-99999,MANDERA,KE,+03.933,+041.867,+0231.0,19570101,20250824
636300-99999,GULU,UG,+02.806,+032.272,+1069.8,19570101,20250824
636304-99999,LIRA,UG,+02.250,+032.900,+1091.0,19850408,20250824
636310-99999,LIRA,KE,+02.283,+032.933,+1189.0,20090801,20250824
636410-99999,MARSABIT,KE,+02.300,+037.900,+1345.0,19751201,20250824
636540-99999,MASINDI,UG,+01.683,+031.717,+1147.0,19630316,20250824
636580-99999,SOROTI,UG,+01.728,+033.623,+1126.8,19730101,20250824
636610-99999,KITALE,KE,+00.972,+034.959,+1850.1,19491101,20250824
636710-99999,WAJIR,KE,+01.733,+040.092,+0234.7,19570101,20250824
636740-99999,KASESE,UG,+00.183,+030.100,+0961.0,19730101,20250819
636800-99999,KAMPALA,UG,+00.317,+032.617,+1140.0,19730102,20250823
636820-99999,JINJA,UG,+00.450,+033.183,+1173.0,19570101,20250824
636840-99999,TORORO,UG,+00.683,+034.167,+1171.0,19570101,20250603
636860-99999,ELDORET,KE,+00.483,+035.300,+2120.0,19570101,20250824
636870-99999,KAKAMEGA,KE,+00.271,+034.787,+1530.1,19841101,20250824
636943-99999,NANYUKI,KE,-00.067,+037.033,+1905.0,20001208,20250619
636950-99999,MERU,KE,+00.083,+037.650,+1554.0,19570101,20250824
637020-99999,MBARARA,UG,-00.617,+030.650,+1413.0,19570101,20250824
637050-99999,ENTEBBE INTL,UG,+00.042,+032.444,+1152.8,19490121,20250824
637080-99999,KISUMU,KE,-00.086,+034.729,+1208.5,19490909,20250824
637090-99999,KISII,KE,-00.667,+034.783,+1493.0,19841110,20250824
637100-99999,KERICHO,KE,-00.367,+035.350,+2184.0,19730719,20250824
637140-99999,NAKURU,KE,-00.267,+036.100,+1901.0,19570101,20250824
637170-99999,NYERI,KE,-00.500,+036.967,+1759.0,19790901,20250824
637200-99999,EMBU,KE,-00.500,+037.450,+1493.0,19790901,20250824
637230-99999,GARISSA,KE,-00.464,+039.648,+0148.0,19570101,20250824
637260-99999,KABALE,UG,-01.250,+029.983,+1869.0,19570101,20250404
637290-99999,BUKOBA,TZ,-01.333,+031.817,+1137.0,19570101,20250824
637330-99999,MUSOMA,TZ,-01.500,+033.800,+1147.0,19570101,20250824
637335-99999,MAKAU,TZ,-03.367,+034.833,+1563.9,20110708,20250716
637370-99999,NAROK,KE,-01.133,+035.833,+1890.0,19570101,20250824
637380-99999,MAGADI,KE,-01.883,+036.283,+0622.0,19570101,20250610
637400-99999,JKIA / NAIROBI JOMO KENYATTA INTL,KE,-01.319,+036.928,+1623.7,19490121,20250824
637410-99999,NAIROBI/DAGORETTI,KE,-01.300,+036.750,+1798.0,19570101,20250824
637420-99999,NAIROBI WILSON,KE,-01.322,+036.815,+1687.4,19630316,20250824
637560-99999,MWANZA,TZ,-02.444,+032.933,+1147.0,19500108,20250824
637660-99999,MAKINDU,KE,-02.283,+037.833,+1000.0,19570101,20250824
637720-99999,LAMU MANDA,KE,-02.252,+040.913,+0006.1,19570101,20250824
637890-99999,ARUSHA,TZ,-03.368,+036.633,+1386.8,19600111,20250824
637900-99999,MOSHI,TZ,-03.350,+037.333,+0831.0,19490909,20250808
637910-99999,KILIMANJARO INTL,TZ,-03.429,+037.074,+0893.7,19730101,20250824
637930-99999,VOI,KE,-03.400,+038.567,+0579.0,19570101,20250824
637990-99999,MALINDI,KE,-03.229,+040.102,+0025.0,19630316,20250824
638010-99999,KIGOMA,TZ,-04.883,+029.633,+0885.0,19570101,20250824
638160-99999,SAME,TZ,-04.083,+037.717,+0872.0,19570101,20250808
638200-99999,MOMBASA MOI INTL,KE,-04.035,+039.594,+0061.0,19490121,20250824
638320-99999,TABORA AIRPORT,TZ,-05.083,+032.833,+1190.0,19490121,20250824
638440-99999,TANGA,TZ,-05.092,+039.071,+0039.3,19570101,20250808
638450-99999,PEMBA,TZ,-05.257,+039.811,+0024.4,19570101,20250808
638620-99999,DODOMA,TZ,-06.170,+035.753,+1119.5,19500207,20250824
638630-99999,KONGWA,TZ,-06.200,+036.433,+1113.0,19570101,20250530
638660-99999,MOROGORO (MET),TZ,-06.833,+037.650,+0526.0,19570101,20250824
638700-99999,ZANZIBAR / ABEID AMANI KARUME INTL,TZ,-06.222,+039.225,+0016.5,19570101,20250824
638810-99999,SUMBAWANGA,TZ,-07.967,+031.630,+1923.0,19890902,20250824
638870-99999,IRINGA,TZ,-07.669,+035.752,+1425.9,19570101,20250824
638940-99999,MWALIMU JULIUS K NYERERE INTL,TZ,-06.878,+039.203,+0055.5,19500201,20250824
639193-99999,KILWA MASOKO,TZ,-08.933,+039.517,+0018.0,20010617,20250808
639620-99999,SONGEA,TZ,-10.683,+035.583,+1067.0,19490121,20250824
639710-99999,MTWARA,TZ,-10.339,+040.182,+0113.1,19570101,20250824
639800-99999,SEYCHELLES INTL,SE,-04.674,+055.522,+0003.0,19490121,20250824
640060-99999,GEMENA,CG,+03.235,+019.771,+0420.0,19730102,20250821
640085-99999,BANGOKA INTL,CG,+00.482,+025.338,+0431.9,20110602,20250824
640340-99999,BUTA,CG,+02.783,+024.783,+0410.0,19490704,20250821
640400-99999,KISANGANI SIMISINI,CG,+00.518,+025.155,+0392.9,19490704,20250824
640620-99999,ISIRO,CG,+02.767,+027.650,+0806.0,19730129,20241105
640720-99999,BUTEMBO,CG,+00.133,+029.267,+1840.0,19730620,20250120
641150-99999,INONGO,CG,-01.967,+018.267,+0300.0,19730101,20240910
641260-99999,BOENDE,CG,-00.217,+020.850,+0351.0,19730206,20240406
641550-99999,KINDU,CG,-02.919,+025.915,+0496.8,19490704,20240918
641800-99999,BUKAVU,CG,-02.517,+028.850,+1612.0,19730102,20241122
641840-99999,GOMA,CG,-01.683,+029.233,+1552.0,19730101,20250126
642040-99999,BOMA,CG,-05.850,+013.100,+0022.0,19730612,20240404
642100-99999,NDJILI INTL,CG,-04.386,+015.445,+0313.0,19490704,20250824
642110-99999,KINSHASA/N'DOLO,CG,-04.317,+015.317,+0282.0,19730203,20250824
642200-99999,KINSHASA/BINZA,CG,-04.367,+015.250,+0445.0,19430301,20250822
642220-99999,KIKWIT,CG,-05.036,+018.786,+0479.1,19771201,20240323
642240-99999,ILEBO,CG,-04.333,+020.583,+0465.0,19740514,20250822
642280-99999,TSHIKAPA,CG,-06.417,+020.850,+0481.0,19740505,20240902
642350-99999,KANANGA,CG,-05.900,+022.469,+0652.0,19490704,20250821
642470-99999,MBUJI-MAYI,CG,-06.167,+023.617,+0633.0,19740831,20250822
642820-99999,MANONO,CG,-07.283,+027.433,+0633.0,19730501,20250725
642850-99999,KALEMIE,CG,-05.883,+029.183,+0790.0,19490704,20250823
643280-99999,KOLWEZI,CG,-10.766,+025.506,+1526.1,19730725,20241007
643600-99999,LUBUMBASHI INTL,CG,-11.591,+027.531,+1309.1,19490704,20250824
643800-99999,KAMEMBE,RW,-02.467,+028.917,+1587.4,19730101,20250824
643810-99999,GISENYI,RW,-01.677,+029.259,+1549.0,19850506,20250824
643830-99999,RUHENGERI,RW,-01.500,+029.633,+1855.7,19780404,20250822
643870-99999,KIGALI INTL,RW,-01.969,+030.139,+1481.0,19730102,20250824
643900-99999,BUJUMBURA INTL,BY,-03.324,+029.319,+0787.0,19730101,20250824
644000-99999,POINTE NOIRE / ANTONIO AGOSTINHO NETO,CG,-04.816,+011.887,+0016.8,19421220,20250824
644007-99999,NKAYI YOKANGASSI,CG,-04.217,+013.283,+0164.9,20100209,20250824
644010-99999,DOLISIE,CF,-04.200,+012.700,+0331.0,19491202,20250824
644020-99999,MOUYONDZI,CF,-03.983,+013.917,+0512.0,19500212,20250824
644030-99999,MAKABANA,CF,-03.483,+012.617,+0161.0,19730103,20250824
644050-99999,SIBITI,CF,-03.683,+013.350,+0531.0,19491202,20250824
644500-99999,MAYA MAYA,CF,-04.252,+015.253,+0319.4,19490307,20250824
644520-99999,M'POUYA,CF,-02.617,+016.217,+0312.0,19500315,20250824
644530-99999,DJAMBALA,CF,-02.533,+014.767,+0790.0,19500203,20250824
644540-99999,GAMBOMA,CF,-01.867,+015.867,+0377.0,19491202,20250824
644560-99999,MAKOUA,CF,-00.017,+015.650,+0380.0,19730102,20250824
644580-99999,OUESSO,CF,+01.616,+016.038,+0353.0,19491202,20250824
644590-99999,IMPFONDO,CF,+01.617,+018.067,+0326.0,19491205,20250824
644600-99999,SOUANKE,CF,+02.067,+014.133,+0550.0,19500801,20250824
644620-99999,KELLE,CF,+00.100,+013.550,+0408.0,20040619,20250824
644630-99999,EWO,CF,-00.883,+014.817,+0438.0,20080914,20250823
645000-99999,LEON M BA,GB,+00.459,+009.412,+0011.9,19490401,20250824
645010-99999,PORT GENTIL,GB,-00.712,+008.754,+0004.0,19490307,20250824
645030-99999,MAYUMBA,GB,-03.417,+010.650,+0034.0,19491206,20240923
645040-99999,COCOBEACH,GB,+01.000,+009.600,+0013.0,19491205,20240923
645070-99999,TCHIBANGA,GA,-02.889,+010.956,+0082.0,19730101,20250824
645100-99999,BITAM,GB,+02.076,+011.493,+0600.2,19730101,20250822
645120-99999,OYEM,GB,+01.543,+011.581,+0657.8,20060313,20250824
645180-99999,KOULAMOUTOU,GB,-01.185,+012.441,+0326.1,20210923,20240923
645450-99999,MEKAMBO,GB,+01.017,+013.933,+0501.0,19730103,20240923
645500-99999,MOUILLA VILLE / RAPHAEL BOUBALA,GA,-01.845,+011.057,+0089.9,19491202,20250822
645510-99999,LAMBARENE,GB,-00.704,+010.246,+0025.0,19491206,20250824
645520-99999,MITZIC,GB,+00.783,+011.533,+0583.0,19491202,20250608
645560-99999,MAKOKOU,GB,+00.579,+012.891,+0526.1,19730101,20250824
645600-99999,LASTOURSVILLE,GB,-00.833,+012.717,+0485.0,19730101,20250731
645650-99999,MOANDA BANGOMBE,GA,-01.533,+013.267,+0573.0,19730101,20240923
645700-99999,FRANCEVILLE MVENGUE,GB,-01.667,+013.400,+0444.0,19810101,20250824
645800-99999,OKONDJA,GB,-00.665,+013.673,+0403.9,20230108,20240724
646000-99999,BERBERATI,CT,+04.222,+015.786,+0588.0,19490401,20250824
646010-99999,BOUAR,CT,+05.967,+015.633,+1020.0,19500918,20250824
646050-99999,BOSSEMBELE,CT,+05.267,+017.633,+0674.0,19730101,20240924
646100-99999,BOSSANGOA,CT,+06.483,+017.433,+0465.0,19730101,20240924
646500-99999,BANGUI M POKO,CT,+04.398,+018.519,+0368.2,19490401,20250824
646540-99999,N'DELE,CT,+08.400,+020.650,+0511.0,19500201,20240924
646550-99999,BRIA,CT,+06.533,+021.983,+0584.0,19730101,20240924
646560-99999,BANGASSOU,CT,+04.733,+022.833,+0500.0,19491202,20240924
646580-99999,BIRAO,CT,+10.283,+022.783,+0464.0,19730101,20250101
646590-99999,OBO,CT,+05.400,+026.500,+0651.0,19730101,20240924
646600-99999,BAMBARI,CT,+05.850,+020.650,+0475.0,19730101,20240924
646610-99999,YALINGA,CT,+06.500,+023.267,+0602.0,19730101,20250606
647000-99999,NDJAMENA HASSAN DJAMOUS,CD,+12.134,+015.034,+0295.0,19490401,20250824
647010-99999,MAO,CD,+14.117,+015.317,+0355.0,19730108,20250530
647020-99999,BOL-BERIM,CD,+13.433,+014.733,+0292.0,19730101,20250824
647050-99999,BOUSSO,CD,+10.483,+016.717,+0336.0,19730101,20250824
647060-99999,MOUNDOU,CD,+08.624,+016.071,+0428.9,19730101,20250824
647080-99999,BOKORO,CD,+12.383,+017.050,+0301.0,19730102,20250822
647085-99999,BILTINE,CD,+14.517,+020.900,+0512.0,20080827,20250320
647090-99999,PALA,CD,+09.367,+014.917,+0455.0,19730101,20250824
647500-99999,SARH (CIV/MIL),CD,+09.150,+018.383,+0365.0,19490408,20250824
647510-99999,ATI,CD,+13.217,+018.317,+0334.0,19730101,20250824
647530-99999,FAYA LARGEAU,CD,+17.917,+019.111,+0235.0,19730101,20250824
647540-99999,AM-TIMAN,CD,+11.033,+020.283,+0436.0,19730101,20250824
647560-99999,ABECHE,CD,+13.847,+020.844,+0545.0,19500306,20250710
647570-99999,FADA,CD,+17.167,+021.550,+0540.0,19730802,20250820
647580-99999,MONGO,CD,+12.183,+018.683,+0430.0,19500316,20250824
648100-99999,MALABO,EK,+03.755,+008.709,+0023.2,19740618,20250824
648200-99999,BATA (RIO MUNI),EK,+01.900,+009.800,+0008.0,20071005,20250824
648510-99999,SALAK,CM,+10.451,+014.257,+0424.0,19500201,20250824
648514-99999,YAGOUA CITY,CM,+10.367,+015.233,+0326.0,19810220,20250810
648600-99999,GAROUA,CM,+09.336,+013.370,+0242.0,19500201,20250824
648700-99999,NGAOUNDERE,CM,+07.357,+013.559,+1114.0,19500201,20250824
648800-99999,BANYO,CM,+06.783,+011.817,+1110.0,19730101,20250814
648820-99999,MEIGANGA,CM,+06.533,+014.367,+1027.0,19730101,20250814
648900-99999,MAMFE,CM,+05.717,+009.283,+0126.0,19500201,20250511
648920-99999,BAMENDA,CM,+06.039,+010.123,+1239.0,19790501,20250808
648930-99999,FOUMBAN NKOUNJA,CM,+05.637,+010.751,+1207.9,19500814,20250717
649000-99999,YOKO,CM,+05.550,+012.367,+1031.0,19500211,20250814
649100-99999,DOUALA,CM,+04.006,+009.719,+0010.1,19491202,20250824
649110-99999,NKONGSAMBA,CM,+04.950,+009.933,+0821.0,19491205,20250814
649120-99999,TIKO,CM,+04.089,+009.361,+0046.0,19730101,20250814
649200-99999,BAFIA,CM,+04.733,+011.250,+0500.0,19730103,20250322
649300-99999,BERTOUA,CM,+04.600,+013.733,+0668.0,19500201,20250814
649310-99999,BATOURI,CM,+04.467,+014.367,+0656.0,19500201,20250722
649420-99999,ESEKA,CM,+03.650,+010.767,+0227.0,19500201,20250814
649500-99999,YAOUNDE NSIMALEN,CM,+03.723,+011.553,+0694.3,19490914,20250824
649504-99999,YAOUNDE VILLE,CM,+03.836,+011.523,+0751.0,19930408,20250814
649600-99999,ABONG-MBANG,CM,+03.967,+013.200,+0693.0,19730101,20250618
649610-99999,LOMIE,CM,+03.150,+013.617,+0624.0,19730101,20250107
649710-99999,KRIBI,CM,+02.950,+009.900,+0016.0,19500201,20250814
649720-99999,EBOLOWA,CM,+02.900,+011.167,+0628.0,20201009,20250813
650010-99999,YELWA,NI,+10.883,+004.750,+0244.0,19490321,20250427
650020-99999,ENUGU,NI,+06.467,+007.567,+0142.0,20040811,20250824
650030-99999,BIRNIN KEBBI,NI,+12.467,+004.217,+0220.0,20040902,20241127
650100-99999,SADIQ ABUBAKAR III INTL,NI,+12.916,+005.207,+0307.8,19490321,20250824
650190-99999,KADUNA,NI,+10.696,+007.320,+0631.9,19490321,20250824
650280-99999,KATSINA,NI,+13.017,+007.683,+0517.0,19490321,20250824
650300-99999,ZARIA,NI,+11.130,+007.686,+0661.4,19730812,20250824
650460-99999,MALLAM AMINU KANO INTL,NG,+12.048,+008.525,+0476.1,19430501,20250824
650550-99999,SIR ABUBAKAR TAFAWA BALEWA INTL,NG,+10.483,+009.744,+0599.0,19490421,20250824
650640-99999,NGURU,NI,+12.883,+010.467,+0344.0,19490411,20240106
650750-99999,GOMBE,NI,+10.283,+011.150,+0505.0,20120613,20250824
650820-99999,MAIDUGURI,NI,+11.850,+013.083,+0354.0,19430501,20250812
651000-99999,IBADAN,NI,+07.362,+003.978,+0221.0,20040815,20250824
651010-99999,ILORIN,NI,+08.440,+004.494,+0343.2,19500203,20250824
651120-99999,BIDA,NI,+09.100,+006.017,+0143.0,19500101,20250707
651125-99999,NNAMDI AZIKIWE INTL,NI,+09.007,+007.263,+0342.3,20050102,20250824
651230-99999,MINNA,NI,+09.617,+006.533,+0260.0,19490516,20250824
651240-99999,LAFIA,NI,+08.550,+008.533,+0181.0,20110601,20250627
651250-99999,ABUJA,NI,+09.250,+007.000,+0344.0,19880101,20250824
651340-99999,YAKUBU GOWON,NI,+09.640,+008.869,+1289.9,19490305,20250811
651450-99999,IBI,NI,+08.183,+009.750,+0111.0,19500306,20250824
651670-99999,YOLA,NI,+09.258,+012.430,+0182.6,19500211,20250824
652010-99999,MURTALA MUHAMMED,NI,+06.577,+003.321,+0041.1,19490225,20250824
652016-99999,OWERRI LMO / SAM MBAKWE,NG,+05.417,+007.200,+0114.0,20110529,20250824
652017-99999,OSUBI AIRPORT,NG,+05.598,+005.819,+0008.0,20210202,20250725
652020-99999,OSHODI,NI,+06.500,+003.383,+0019.0,19430609,20250617
652030-99999,LAGOS ROOF,NI,+06.450,+003.400,+0019.0,20111019,20250627
652080-99999,IBADAN,NI,+07.433,+003.900,+0228.0,19490225,20250824
652100-99999,IJEBU ODE,NI,+06.833,+003.933,+0077.0,20090303,20250422
652130-99999,ABEOKUTA,NI,+07.167,+003.333,+0104.0,19830701,20250318
652150-99999,OSHOGBO,NI,+07.783,+004.483,+0304.0,19730101,20250824
652240-99999,ADO EKITI,NI,+07.650,+005.200,+0453.0,20120120,20250824
652290-99999,BENIN CITY,NI,+06.317,+005.100,+0079.0,19490225,20250824
652320-99999,AKURE,NI,+07.250,+005.300,+0335.3,20110328,20250824
652360-99999,WARRI,NI,+05.517,+005.733,+0004.0,19490225,20250603
652450-99999,ONITSHA,NI,+06.150,+006.783,+0086.0,19871202,20250623
652460-99999,AWKA,NI,+06.200,+007.050,+0325.0,20120613,20250619
652500-99999,PORT HARCOURT INTL,NI,+05.015,+006.950,+0026.5,19490225,20250824
652520-99999,OWERRI,NI,+05.483,+007.000,+0091.0,19880101,20250824
652540-99999,UMUAHIA,NI,+05.483,+007.550,+0122.0,20180714,20250204
652600-99999,UYO,NI,+05.050,+007.917,+0038.0,19830705,20241102
652640-99999,CALABAR / MARGARET EKPO INTL,NG,+04.976,+008.347,+0064.0,19490225,20250824
652710-99999,MAKURDI,NI,+07.704,+008.614,+0113.1,19730101,20250729
652750-99999,OGOJA,NI,+06.667,+008.800,+0117.0,19830701,20240607
653060-99999,KANDI,BN,+11.133,+002.933,+0292.0,19490401,20250824
653190-99999,NATITINGOU,BN,+10.317,+001.383,+0461.0,19490407,20250824
653300-99999,PARAKOU,BN,+09.350,+002.617,+0393.0,19730101,20250824
653350-99999,SAVE,BN,+08.033,+002.467,+0200.0,19490401,20250824
653380-99999,BOHICON,BN,+07.167,+002.067,+0167.0,19490402,20250824
653440-99999,CARD BERNARDIN GADIN DE CADJEHOUN INTL,BJ,+06.357,+002.384,+0005.8,19490401,20250824
653520-99999,MANGO/SANSANNE,TO,+10.367,+000.467,+0146.0,19490125,20250824
653550-99999,NIAMTOUGOU INTERNATIONAL,TO,+09.767,+001.091,+0461.8,19851201,20250824
653570-99999,KARA,TO,+09.550,+001.167,+0341.0,19771103,20250824
653610-99999,SOKODE,TO,+08.983,+001.150,+0387.0,19490119,20250824
653760-99999,ATAKPAME/AKPAKA,TO,+07.583,+001.117,+0402.0,19490114,20250824
653765-99999,DAPANGO,TO,+10.800,+000.250,+0919.0,20051105,20250824
653780-99999,KOUMA-KONDA,TO,+06.950,+000.583,+0641.0,20051226,20250824
653800-99999,TABLIGBO,TO,+06.583,+001.500,+0044.0,19730101,20250824
653870-99999,GNASSINGBE EYADEMA INTL,TO,+06.166,+001.255,+0021.9,19490114,20250824
654010-99999,NAVRONGO,GH,+10.900,-001.100,+0203.0,19490112,20250824
654040-99999,WA,GH,+10.083,-002.508,+0323.1,19730101,20250822
654160-99999,BOLE,GH,+09.033,-002.483,+0301.0,19730101,20250824
654180-99999,TAMALE,GH,+09.557,-000.863,+0168.6,19730101,20250824
654200-99999,YENDI,GH,+09.450,-000.017,+0197.0,19730111,20250824
654320-99999,WENCHI,GH,+07.750,-002.100,+0340.0,19730201,20250824
654370-99999,KETE-KRACHI,GH,+07.817,-000.033,+0122.0,19730111,20250824
654390-99999,SUNYANI,GH,+07.362,-002.329,+0309.1,19741102,20250824
654420-99999,KUMASI,GH,+06.715,-001.591,+0287.1,19730101,20250824
654450-99999,SEFWI BEKWAI,GH,+06.200,-002.333,+0172.0,19740711,20250824
654500-99999,ABETIFI,GH,+06.667,-000.750,+0594.0,20050405,20250824
654530-99999,HO,GH,+06.580,+000.533,+0109.0,19730101,20250824
654570-99999,AKIM ODA,GH,+05.933,-000.983,+0140.0,19490112,20250824
654590-99999,KOFORIDUA,GH,+06.083,-000.250,+0167.0,19730313,20250824
654600-99999,AKUSE,GH,+06.100,+000.117,+0019.0,19730102,20250824
654620-99999,AKATSI,GH,+06.117,+000.800,+0178.0,19780805,20250824
654650-99999,AXIM,GH,+04.867,-002.233,+0040.0,19730103,20250824
654670-99999,TAKORADI,GH,+04.896,-001.775,+0006.4,19730101,20250824
654690-99999,SALTPOND,GH,+05.200,-001.067,+0047.0,19730101,20250824
654720-99999,KOTOKA INTL,GH,+05.605,-000.167,+0062.5,19420701,20250824
654730-99999,TEMA,GH,+05.617,+000.000,+0018.0,19790108,20250824
654750-99999,ADA,GH,+05.783,+000.633,+0007.0,19730108,20241007
655010-99999,DORI,UV,+14.033,-000.033,+0277.0,19490520,20250824
655020-99999,OUAHIGOUYA,UV,+13.567,-002.417,+0336.0,19730101,20250824
655030-99999,OUAGADOUGOU,UV,+12.353,-001.512,+0316.1,19490401,20250824
655050-99999,DEDOUGOU,UV,+12.467,-003.483,+0300.0,19830701,20250824
655070-99999,FADA N'GOURMA,UV,+12.033,+000.367,+0309.0,19491202,20250824
655100-99999,BOBO DIOULASSO,UV,+11.160,-004.331,+0460.6,19490402,20250824
655160-99999,BOROMO,UV,+11.750,-002.933,+0271.0,19500201,20250824
655180-99999,PO,UV,+11.150,-001.150,+0322.0,19830701,20250824
655220-99999,GAOUA,UV,+10.333,-003.183,+0335.0,19490410,20250824
655280-99999,ODIENNE,IV,+09.500,-007.567,+0421.0,19490402,20250824
655360-99999,KORHOGO,IV,+09.387,-005.557,+0370.0,19730101,20250824
655450-99999,BONDOUKOU/SOKO,IV,+08.050,-002.783,+0370.0,19730102,20250824
655480-99999,MAN,IV,+07.272,-007.587,+0331.9,19490402,20250824
655550-99999,BOUAKE,IV,+07.739,-005.074,+0374.9,19490401,20250824
655570-99999,GAGNOA,IV,+06.133,-005.950,+0210.0,19500217,20250824
655600-99999,DALOA,IV,+06.793,-006.473,+0250.9,19780701,20250824
655620-99999,DIMBOKRO CITY,IV,+06.650,-004.700,+0092.0,19500213,20250824
655630-99999,YAMOUSSOUKRO,IV,+06.903,-005.366,+0213.1,19780612,20250824
655780-99999,ABIDJAN FELIX HOUPHOUET BOIGNY INTL,IV,+05.261,-003.926,+0006.4,19490401,20250824
655850-99999,ADIAKE,IV,+05.300,-003.300,+0039.0,19500215,20250824
655920-99999,TABOU,IV,+04.417,-007.367,+0021.0,19430601,20250824
655940-99999,SAN PEDRO,IV,+04.747,-006.661,+0007.9,19780701,20250824
655990-99999,SASSANDRA/DREWIN,IV,+04.950,-006.083,+0066.0,19490402,20250824
656600-99999,MONROVIA ROBERTS INTL,LI,+06.234,-010.362,+0009.4,19420701,20250824
661040-99999,CABINDA,AO,-05.597,+012.188,+0020.1,19490104,20250824
661361-99999,NAMIBE,AO,-15.267,+012.150,+0066.0,20050103,20250822
661363-99999,SUMBE,AO,-11.167,+013.850,+0011.0,20050201,20240521
661365-99999,SOYO,AO,-06.133,+012.367,+0005.0,20070629,20240521
661600-99999,LUANDA 4 DE FEVEREIRO,AO,-08.858,+013.231,+0074.1,19490103,20250824
662150-99999,MALANJE,AO,-09.525,+016.312,+1179.0,19490930,20240403
662260-99999,SAURIMO,AO,-09.689,+020.432,+1092.4,19520616,20250712
662850-99999,LUENA,AO,-11.768,+019.898,+1328.9,19490103,20250824
663180-99999,HUAMBO,AO,-12.809,+015.761,+1702.9,19490103,20250824
663250-99999,KUITO,AO,-12.405,+016.947,+1712.4,19520805,20250824
663900-99999,LUBANGO,AO,-14.925,+013.575,+1761.1,19490103,20250824
664600-99999,NGIVA / ONDJIVA,AO,-17.043,+015.684,+1086.9,19740419,20250824
670020-99999,PRINCE SAID IBRAHIM,CN,-11.534,+043.272,+0028.3,19811101,20250824
670050-99999,DZAOUDZI PAMANDZI,MF,-12.805,+045.281,+0007.0,19490101,20250824
670090-99999,ARRACHART,MA,-12.349,+049.292,+0114.0,19490101,20250824
670120-99999,FASCENE,MA,-13.312,+048.315,+0011.0,19730101,20250824
670200-99999,ANTSOHIHY,MA,-14.883,+047.983,+0023.0,19730102,20240408
670230-99999,SAMBAVA,MA,-14.279,+050.175,+0006.1,19730102,20250823
670250-99999,ANTSIRABATO,MA,-14.999,+050.320,+0006.1,19730101,20250824
670270-99999,PHILIBERT TSIRANANA,MA,-15.667,+046.352,+0026.5,19490101,20250824
670370-99999,BESALAMPY,MA,-16.742,+044.481,+0038.1,19730101,20250525
670450-99999,MAEVATANANA,MA,-16.950,+046.833,+0079.0,19730101,20240110
670670-99999,AMBOHITSILAOZANA,MA,-17.633,+048.500,+0780.0,19890101,20250824
670720-99999,SAINTE MARIE,MA,-17.094,+049.816,+0002.1,19730101,20250822
670730-99999,MAINTIRANO,MA,-18.050,+044.033,+0023.0,19730101,20250823
670830-99999,IVATO,MA,-18.797,+047.479,+1279.6,19730101,20250824
670850-99999,ANTANANARIVO / VILLE,MA,-18.867,+047.500,+1310.0,19520801,20250314
670950-99999,TOAMASINA,MA,-18.110,+049.393,+0006.7,19490101,20250824
671070-99999,ANTSIRABE,MA,-19.817,+047.067,+1532.0,19730315,20250824
671130-99999,MAHANORO,MA,-19.833,+048.800,+0005.0,19730101,20250320
671170-99999,MORONDAVA,MA,-20.285,+044.318,+0009.1,19730101,20250824
671310-99999,MOROMBE,MA,-21.754,+043.376,+0004.9,19730101,20250823
671370-99999,FIANARANTSOA,MA,-21.442,+047.112,+1115.0,19730101,20250824
671430-99999,MANANJARY,MA,-21.202,+048.358,+0006.1,19730101,20250824
671520-99999,RANOHIRA,MA,-22.550,+045.400,+0824.0,19730101,20250824
671570-99999,FARAFANGANA,MA,-22.805,+047.821,+0007.9,19730101,20250823
671610-99999,TOLIARA,MA,-23.383,+043.728,+0008.8,19730101,20250823
671970-99999,TOLAGNARO,MA,-25.038,+046.956,+0008.8,19490101,20250824
672050-99999,MOCIMBOA DA PRAIA,MZ,-11.362,+040.355,+0027.1,19730101,20250320
672150-99999,PEMBA,MZ,-12.987,+040.522,+0100.9,19730101,20250824
672170-99999,LICHINGA,MZ,-13.274,+035.266,+1373.1,19730101,20250824
672230-99999,MONTEPUEZ,MZ,-13.133,+039.033,+0535.0,19730101,20241216
672250-99999,FURANCUNGO,MZ,-14.917,+033.617,+1262.0,19730101,20250824
672290-99999,ULONGWE,MZ,-14.705,+034.352,+1300.0,19800303,20250824
672310-99999,CUAMBA,MZ,-14.817,+036.533,+0607.0,19730103,20250629
672370-99999,NAMPULA,MZ,-15.106,+039.282,+0440.1,19730101,20250824
672410-99999,LUMBO,MZ,-15.033,+040.672,+0010.1,19490103,20250824
672430-99999,ZUMBO,MZ,-15.617,+030.433,+0340.0,19730215,20250824
672500-99999,SONGO,MZ,-15.600,+034.433,+0966.0,19760819,20250824
672600-99999,MILANGE,MZ,-16.100,+035.767,+0006.7,20161229,20250812
672610-99999,TETE,MZ,-16.183,+033.583,+0150.0,19730101,20250824
672614-99999,TETE CHINGODZI,MZ,-16.105,+033.640,+0160.0,19990703,20250824
672651-99999,MOCUBA,MZ,-16.833,+036.983,+0134.0,20160306,20250823
672730-99999,ANGOCHE,MZ,-16.217,+039.900,+0062.0,19730101,20250824
672790-99999,MUTARARA,MZ,-17.367,+035.033,+0089.0,19730108,20250111
672800-99999,CAIA,MZ,-17.833,+035.333,+0045.0,19830701,20250824
672830-99999,QUELIMANE,MZ,-17.856,+036.869,+0011.0,19490103,20250824
672871-99999,CATANDICA,MZ,-18.067,+033.167,+0611.0,20160225,20250824
672950-99999,CHIMOIO,MZ,-19.151,+033.429,+0697.1,19730101,20250824
672970-99999,BEIRA,MZ,-19.796,+034.908,+0010.1,19490103,20250824
672991-99999,ESPUNGABERA,MZ,-20.467,+032.767,+0824.0,20160301,20250820
673051-99999,MASSANGENA,MZ,-21.550,+032.967,+0136.0,20160225,20250824
673090-99999,DINDIZA-GAZA,MZ,-22.083,+033.367,+0102.0,20071124,20250824
673150-99999,VILANKULO,MZ,-22.018,+035.313,+0014.0,19730101,20250824
673230-99999,INHAMBANE,MZ,-23.867,+035.383,+0015.0,19490103,20250824
673270-99999,PANDA,MZ,-24.050,+034.717,+0150.0,20071016,20250824
673310-99999,MAPULANGUENE-MAPUTO,MZ,-24.483,+032.083,+0151.0,20071123,20250728
673350-99999,XAI XAI,MZ,-25.050,+033.633,+0005.0,19730101,20250824
673390-99999,MAPUTO,MZ,-25.967,+032.600,+0059.0,19490101,20250426
673410-99999,MAPUTO,MZ,-25.921,+032.573,+0044.2,19730101,20250824
673460-99999,CHANGALANE_AUTO,MZ,-26.300,+032.180,+0100.0,19800301,20250822
674030-99999,KAWAMBWA,ZA,-09.800,+029.083,+1324.0,19730115,20250822
674130-99999,MBALA,ZA,-08.850,+031.333,+1673.0,19730101,20250822
674210-99999,CHITIPA,MI,-09.700,+033.267,+1278.0,19730102,20250822
674230-99999,KARONGA,MI,-09.954,+033.893,+0538.0,19730102,20250822
674240-99999,BOLERO,MI,-10.967,+033.733,+1100.0,19850506,20250820
674410-99999,MWINILUNGA,ZA,-11.750,+024.433,+1363.0,19730101,20250822
674420-99999,MFUWE,ZA,-13.267,+031.933,+0573.0,20040817,20250824
674610-99999,MANSA,ZA,-11.100,+028.850,+1384.0,19730101,20250822
674750-99999,KASAMA,ZA,-10.217,+031.133,+1384.0,19490101,20250822
674760-99999,MISAMFU,ZA,-10.100,+031.250,+1536.0,19900903,20250623
674770-99999,MPIKA,ZA,-11.900,+031.433,+1402.0,19730101,20250822
674810-99999,ISOKA,ZA,-10.117,+032.633,+1360.0,19850102,20250822
674850-99999,MZIMBA,MI,-11.883,+033.617,+1351.0,19730103,20250822
674890-99999,MZUZU,MI,-11.445,+034.012,+1254.3,19730101,20250822
674930-99999,NKHATA BAY,MI,-11.600,+034.300,+0500.0,19730621,20250822
675310-99999,ZAMBEZI,ZA,-13.533,+023.117,+1078.0,19730101,20241215
675410-99999,KASEMPA,ZA,-13.533,+025.850,+1234.0,19730101,20250821
675510-99999,SOLWEZI,ZA,-12.167,+026.367,+1386.0,19730105,20250822
675610-99999,NDOLA SIMON MWANSA KAWEPEWE INTL,ZM,-12.962,+028.516,+1309.0,19490101,20250823
675630-99999,KAFIRONDA,ZA,-12.600,+028.117,+1243.0,19730104,20250822
675710-99999,SERENJE,ZA,-13.233,+030.217,+1384.0,19730101,20250822
675750-99999,MKUSHI,ZA,-13.633,+029.433,+1237.0,19940603,20250717
675800-99999,MSEKERA,ZA,-13.650,+032.567,+1025.0,20011028,20250821
675810-99999,CHIPATA,ZA,-13.550,+032.583,+1032.0,19490101,20250822
675830-99999,LUNDAZI,ZA,-12.283,+033.200,+1143.0,19730401,20250822
675840-99999,KASUNGU,MI,-13.017,+033.467,+1015.0,19840503,20250822
675850-99999,CHITEDZE,MI,-13.983,+033.633,+1149.0,19821101,20250819
675860-99999,LILONGWE INTL,MI,-13.789,+033.781,+1261.0,19820501,20250824
675910-99999,NKHOTA KOTA,MI,-12.917,+034.267,+0500.0,19730620,20250822
675970-99999,SALIMA,MI,-13.750,+034.583,+0513.0,19730102,20250822
676250-99999,KALABO,ZA,-14.850,+022.700,-0999.9,20080208,20250530
676330-99999,MONGU,ZA,-15.255,+023.162,+1063.1,19490102,20250822
676410-99999,KAOMA,ZA,-14.800,+024.800,+1213.0,19730101,20250822
676550-99999,MUMBWA,ZA,-15.067,+027.183,+1216.0,19810603,20250822
676590-99999,KAFUE POLDER,ZA,-15.767,+027.917,+0978.0,19730103,20250822
676620-99999,KABWE AGRIC,ZA,-14.400,+028.500,+1165.0,19900901,20250822
676630-99999,KABWE/MILLIKEN,ZA,-14.450,+028.467,+1207.0,19730101,20250822
676650-99999,LUSAKA INTL,ZA,-15.333,+028.450,+1151.8,19730101,20250824
676660-99999,LUSAKA CITY,ZA,-15.414,+028.331,+1280.2,19880303,20250822
676670-99999,MOUNT MAKULU,ZA,-15.550,+028.250,+1213.0,19730102,20250822
676730-99999,PETAUKE,ZA,-14.250,+031.283,+1036.0,19730103,20250822
676870-99999,CHICHIRI,MI,-15.783,+035.033,+1141.0,19730201,20250822
676890-99999,DEDZA,MI,-14.317,+034.267,+1632.0,19730720,20250820
676900-99999,MONKEY BAY,MI,-14.083,+034.917,+0474.0,19821001,20250822
676920-99999,MAKOKA,MI,-15.517,+035.217,+1028.0,19730302,20250822
676930-99999,CHILEKA INTL,MI,-15.679,+034.974,+0778.8,19490101,20250824
676950-99999,MANGOCHI,MI,-14.433,+035.250,+0485.0,19730102,20250721
676960-99999,CHIKWEO,MI,-14.750,+035.667,+0717.0,19890901,20241113
676990-99999,MIMOSA,MI,-16.083,+035.583,+0653.0,19730201,20250821
677310-99999,SENANGA,ZA,-16.100,+023.267,+1027.0,19851201,20250822
677410-99999,SESHEKE,ZA,-17.467,+024.300,+0951.0,19730101,20250821
677430-99999,HARRY MWAANGA NKUMBULA INTL,ZA,-17.800,+025.817,+0992.1,19490101,20250822
677510-99999,MAGOYE,ZA,-16.000,+027.600,+1018.0,19900211,20250822
677530-99999,CHOMA,ZA,-16.833,+027.067,+1278.0,19730101,20250822
677550-99999,BINGA,ZI,-17.617,+027.333,+0617.0,19620701,20250822
677610-99999,KARIBA INTL,ZI,-16.520,+028.885,+0520.0,19620701,20250824
677650-99999,KAROI,ZI,-16.833,+029.617,+1344.0,19620701,20250824
677670-99999,KANYEMBA,ZI,-15.633,+030.417,+0329.0,19881101,20250612
677710-99999,CHINHOYI,ZI,-17.367,+030.200,+1140.0,19620701,20250519
677730-99999,GURUVE,ZI,-16.650,+030.700,+1180.0,19750816,20250616
677740-99999,HARARE (BELVEDERE),ZI,-17.833,+031.017,+1472.0,19831008,20250820
677750-99999,ROBERT GABRIEL MUGABE INTL / HARARE,ZI,-17.930,+031.094,+1489.6,19490101,20250824
677790-99999,MOUNT DARWIN,ZI,-16.783,+031.583,+0966.0,19620701,20250824
677810-99999,MUTOKO,ZI,-17.432,+032.185,+1204.0,19620701,20250824
677850-99999,HERNDERSON,ZI,-17.583,+030.967,+1290.0,19870312,20240708
677890-99999,MVURWI,ZI,-17.033,+030.983,+1480.0,19620701,20250118
677910-99999,BVUMBWE,MI,-15.917,+035.067,+1146.0,19730302,20250822
677960-99999,NGABU,MI,-16.500,+034.950,+0102.0,19730102,20250822
678430-99999,VICTORIA FALLS INTL,ZI,-18.096,+025.839,+1063.8,19730101,20250824
678530-99999,HWANGE NATIONAL PARK,ZI,-18.630,+027.021,+1079.9,19620701,20250823
678550-99999,LUPANE,ZI,-18.950,+027.800,+1000.0,19620701,20250227
678570-99999,ZIKAMANUS,ZI,-18.200,+027.967,+1010.0,19620701,20250721
678610-99999,GOKWE,ZI,-18.217,+028.933,+1282.0,19620701,20250824
678630-99999,NKAYI,ZI,-19.000,+028.900,+1131.0,19620701,20250309
678650-99999,KWEKWE,ZI,-18.933,+029.833,+1213.0,19620701,20250809
678670-99999,GWERU THORNHILL,ZI,-19.436,+029.862,+1426.5,19620701,20250824
678690-99999,KADOMA,ZI,-18.317,+029.883,+1157.0,19620701,20250824
678710-99999,CHIVHU,ZI,-19.033,+030.883,+1459.0,19620701,20250729
678750-99999,BUHERA,ZI,-19.317,+031.433,+1190.0,19870312,20241207
678770-99999,GRASSLANDS,ZI,-18.183,+031.467,+1632.0,19620701,20250322
678810-99999,RUSAPE,ZI,-18.533,+032.133,+1430.0,19620701,20250824
678890-99999,WYANGA,ZI,-18.283,+032.750,+1880.0,19620701,20250224
678910-99999,MHONDORO,ZI,-19.317,+030.600,+1260.0,19870314,20250705
678950-99999,MUKANDI,ZI,-18.717,+032.850,+1270.0,19841001,20250217
678970-99999,CHISENGU,ZI,-19.883,+032.883,+1480.0,19730315,20240619
678990-99999,WEDZA,ZI,-18.617,+031.567,+1380.0,19730102,20250712
679510-99999,PLUMTREE,ZI,-20.483,+027.800,+1390.0,19620701,20250727
679610-99999,KEZI,ZI,-20.917,+028.450,+1020.0,19730102,20250824
679630-99999,MATOPOS,ZI,-20.383,+028.500,+1350.0,19870401,20250227
679640-99999,BULAWAYO (GOETZ OBSY.),ZI,-20.150,+028.617,+1344.0,19620701,20250824
679650-99999,J M NKOMO INTL / BULAWAYO,ZI,-20.021,+028.627,+1330.8,19490101,20250824
679670-99999,TULI,ZI,-21.383,+028.983,+0770.0,19870314,20250330
679690-99999,WEST NICHOLSON,ZI,-21.050,+029.367,+0861.0,19620701,20250824
679710-99999,ZVISHAVANE,ZI,-20.317,+030.067,+0980.0,19620701,20250718
679750-99999,MASVINGO INTL,ZI,-20.055,+030.859,+1095.8,19620701,20250824
679760-99999,RUPIKE,ZI,-20.550,+031.083,+0700.0,20010916,20240827
679770-99999,BUFFALO RANGE,ZI,-21.008,+031.579,+0433.1,19651201,20250824
679790-99999,ZAKA,ZI,-20.333,+031.467,+0770.0,19870307,20250710
679830-99999,CHIPINGE,ZI,-20.200,+032.617,+1132.0,19490103,20250824
679910-99999,BEITBRIDGE,ZI,-22.217,+030.000,+0457.0,19620701,20250824
680020-99999,EROS,WA,-22.612,+017.080,+1699.3,19730620,20250824
680025-99999,KATIMA MULILO,WA,-17.633,+024.167,+0958.0,20071229,20250824
680026-99999,ORANJEMUND,WA,-28.585,+016.447,+0004.3,20091104,20250824
680040-99999,OTJIWARONGO,WA,-20.430,+016.670,+1475.0,19730102,20250824
680060-99999,ONDANGWA,WA,-17.878,+015.953,+1097.0,19730118,20250824
680140-99999,GROOTFONTEIN,WA,-19.602,+018.123,+1413.1,19730101,20250824
680180-99999,RUNDU,WA,-17.956,+019.719,+1105.5,19730102,20250824
680240-99999,GHANZI,BC,-21.700,+021.650,+1100.0,19590101,20250824
680260-99999,SHAKAWE,BC,-18.367,+021.850,+1000.0,19600101,20250824
680290-99999,KASANE,BC,-17.833,+025.162,+1002.5,19820801,20250824
680300-99999,PANDAMATENGA,BC,-18.533,+025.633,+1071.0,19980301,20250824
680320-99999,MAUN,BC,-19.973,+023.431,+0942.7,19490102,20250824
680380-99999,SUA PAN,BC,-20.553,+026.116,+0909.8,19910801,20250824
680400-99999,LETLHAKANE,BC,-21.417,+025.600,+0985.0,19921101,20250824
680540-99999,P.G. MATANTE INTERNATIONAL AIRPORT,BC,-21.159,+027.468,+1010.0,19590101,20250824
680700-99999,SELEBI-PHIKWE,BC,-22.050,+027.817,+0892.0,20010916,20250824
680980-99999,WALVIS BAY,WA,-22.980,+014.645,+0091.1,19900214,20250824
681020-99999,OUTJO,WA,-20.114,+016.154,+1250.0,19600101,20240326
681100-99999,WINDHOEK/EROS(SAAF),WA,-22.567,+017.100,+1725.0,19570701,20250824
681120-99999,HOSEA KUTAKO INTL,WA,-22.480,+017.471,+1719.1,19730101,20250824
681140-99999,OMARURU,WA,-21.417,+015.933,+1217.0,20010916,20250824
681160-99999,GOBABIS,WA,-22.500,+018.967,+1387.0,19600101,20250824
681480-99999,MAHALAPYE,BC,-23.083,+026.800,+1006.0,19750515,20250824
681510-99999,LEPHEPE,BC,-23.367,+025.850,+1020.0,20120215,20241209
681550-99999,LEPHALALE / ELLISRAS AIRFIELD,SF,-23.726,+027.688,+0839.0,19970603,20250820
681630-99999,MARKEN,SF,-23.600,+028.383,+0996.0,20041113,20250824
681760-99999,MARA,SF,-23.150,+029.567,+0897.0,19590101,20250824
681820-99999,LEVUBU,SF,-23.083,+030.283,+0706.0,19730101,20250824
681830-99999,THOHOYANDOU,SF,-23.067,+030.383,+0618.0,19970601,20250824
681850-99999,LYDENBURG,SF,-25.100,+030.467,+1434.0,19980301,20250824
681920-99999,THOHOYANDOU,SF,-22.967,+030.500,+0600.0,19941004,20250824
681960-99999,PUNDA MARIA,SF,-22.683,+031.017,+0457.0,20080624,20250804
682120-99999,MARIENTAL,WA,-24.500,+017.867,+1100.0,19600101,20240826
682260-99999,TSHANE,BC,-24.017,+021.883,+1100.0,19590101,20250824
682340-99999,JWANENG,BC,-24.602,+024.691,+1188.7,19880801,20250824
682400-99999,SIR SERETSE KHAMA INTL,BC,-24.555,+025.918,+1005.5,19850102,20250824
682410-99999,MADIKWE GAME RESERVE,SF,-24.683,+026.200,+1027.0,20081025,20250824
682420-99999,MMABATHO INTL / GEORGE DICK MONTSHIOA,ZA,-25.798,+025.548,+1274.4,19580601,20250824
682430-99999,DOORNLAAGTE,SF,-24.600,+026.517,+0946.0,19980301,20250727
682530-99999,THABAZIMBI,SF,-24.583,+027.417,+0977.0,19980301,20250824
682550-99999,RUSTENBURG,SF,-25.650,+027.233,+1151.0,19980301,20250824
682570-99999,PILANESBERG,SF,-25.250,+027.217,+1086.0,20040612,20250823
682620-99999,PRETORIA(MET),SF,-25.890,+028.171,+1322.0,19490101,20250423
682630-99999,PRETORIA/IRENE,SF,-25.911,+028.210,+1500.0,19910108,20250824
682635-99999,LANSERIA,SF,-25.939,+027.926,+1376.8,19900323,20250824
682640-99999,WATERKLOOF AFB,SF,-25.830,+028.223,+1505.7,19910108,20250824
682643-99999,WONDERBOOM,SF,-25.654,+028.224,+1248.2,20060220,20250824
682670-99999,ERMELO,SF,-26.500,+029.983,+1766.0,19980301,20250427
682672-99999,JOHANNESBURG BARAGWANATH,SF,-26.348,+027.778,+1626.0,20040510,20250824
682673-99999,RUSTENBURG,SF,-25.644,+027.271,+1127.8,20040510,20241128
682674-99999,SPRINGS,SF,-26.248,+028.398,+1627.6,20040510,20250824
682676-99999,SELEBI PHIKWE,BC,-22.058,+027.829,+0891.5,20040518,20250630
682677-99999,PIETERSBURG,SF,-23.867,+029.433,+1222.0,20050101,20250824
682680-99999,WARMBAD TOWOOMBA,SF,-24.900,+028.333,+1132.0,19630601,20250824
682690-99999,PRETORIA-UNISA,SF,-25.767,+028.200,+1439.0,20030317,20250824
682710-99999,KOPANE,SF,-24.200,+029.000,+1097.0,19970603,20250824
682720-99999,OUDESTAD,SF,-25.183,+029.333,+0949.0,19881130,20250824
682730-99999,WITBANK,SF,-25.833,+029.183,+1550.0,19980301,20250824
682850-99999,BELFAST,SF,-25.692,+030.034,+1879.0,20131210,20250824
682870-99999,GRASKOP,SF,-24.933,+030.850,+1436.0,19980301,20250824
682890-99999,NELSPRUIT,SF,-25.500,+030.914,+0883.0,19980301,20250824
682900-99999,HOEDSPRUIT AFB,SF,-24.359,+031.052,+0531.3,19920220,20250824
682904-99999,KRUGER MPUMALANGA INTL,SF,-25.383,+031.106,+0862.3,20060716,20250824
682905-99999,PILANESBERG INTL,SF,-25.334,+027.173,+1040.0,20050413,20250824
682910-99999,HOEDSPRUIT,SF,-24.350,+031.050,+0510.0,19980301,20250824
682950-99999,SKUKUZA AWS,SF,-24.983,+031.583,+0150.0,20160422,20250612
682960-99999,SKUKUZA,SF,-24.983,+031.600,+0271.0,19591101,20250824
682970-99999,KOMATIDRAAI,SF,-25.517,+031.900,+0183.0,19980301,20250824
682990-99999,PIGGS PEAK,WZ,-25.967,+031.250,+1099.0,20070228,20250320
683000-99999,LUDERITZ (DIAZ POINT),WA,-26.683,+015.250,+0139.0,19490103,20250824
683005-99999,LUDERITZ,WA,-26.687,+015.243,+0139.3,20000412,20250824
683007-99999,VEREENIGING,SF,-26.566,+027.961,+1477.1,19990114,20250824
683120-99999,KEETMANSHOOP,WA,-26.540,+018.111,+1068.6,19490104,20250824
683200-99999,WERDA,BC,-25.267,+023.250,+1046.0,20030330,20250824
683220-99999,TWEE RIVIEREN,SF,-26.467,+020.617,+0879.0,19730101,20250824
683250-99999,GOOD HOPE,BC,-25.450,+025.417,+1275.0,20040512,20250824
683280-99999,TSABONG,BC,-26.050,+022.450,+1000.0,19580101,20241226
683290-99999,VAN ZYLSRUS,SF,-26.883,+022.050,+0928.0,19980301,20250824
683310-99999,KATHU,SF,-27.667,+023.000,+1186.0,19980301,20250824
683330-99999,KURUMAN,SF,-27.433,+023.450,+1315.0,20060609,20250824
683350-99999,TAUNG,SF,-27.550,+024.767,+1100.0,19980301,20250824
683354-99999,SISHEN,SF,-27.650,+023.000,+1172.9,19990115,20250223
683380-99999,VRYBURG,SF,-26.982,+024.729,+1194.8,19560101,20250824
683410-99999,LICHTENBURG,SF,-26.176,+026.185,+1485.9,19980301,20250824
683420-99999,OTTOSDAL,SF,-26.817,+026.017,+1500.0,19730102,20250824
683430-99999,BLOEMHOF,SF,-27.650,+025.617,+1128.0,19980301,20250824
683450-99999,WELKOM,SF,-28.000,+026.667,+1342.0,19980301,20250824
683463-99999,RAND,SF,-26.243,+028.151,+1671.2,19870721,20250823
683465-99999,ERMELO,SF,-26.496,+029.980,+1737.4,19881223,20250824
683470-99999,P C PELSER,SF,-26.871,+026.718,+1354.5,19980408,20250824
683490-99999,VENTERSDORP,SF,-26.325,+026.788,+1496.0,19980303,20250522
683500-99999,POTCHEFSTROOM,SF,-26.733,+027.067,+1351.0,19561001,20250824
683520-99999,KROONSTAD,SF,-27.661,+027.316,+1432.6,19601201,20250305
683530-99999,VEREENIGING,SF,-26.567,+027.950,+1481.0,19980301,20250824
683550-99999,KROONSTAD,SF,-27.666,+027.314,+1434.0,19980301,20250824
683610-99999,JOHANNESBURG BOT. GARDENS,SF,-26.150,+028.000,+1626.0,20040910,20250824
683620-99999,FRANKFORT,SF,-27.267,+028.500,+1503.0,19490101,20250824
683630-99999,SPRINGS,SF,-26.200,+028.450,+1588.0,20041118,20250824
683750-99999,VREDE,SF,-27.433,+029.167,+1671.0,20040727,20250824
683770-99999,NEWCASTLE,SF,-27.767,+029.983,+1238.0,19980301,20250824
683800-99999,CAROLINA,SF,-26.067,+030.117,+1700.0,19580501,20250824
683820-99999,JERICHO,WZ,-27.162,+031.439,+0701.0,20110701,20250318
683860-99999,NYONYANE,WZ,-26.115,+031.450,+0320.0,20110901,20250319
683870-99999,VRYHEID,SF,-27.783,+030.800,+1163.0,19980301,20250824
683900-99999,MAYIWANNE,WZ,-25.883,+031.500,+0480.0,20070301,20250320
683923-99999,MOTI,WZ,-26.704,+031.426,+0341.0,20110901,20250327
683960-99999,MATSAPHA,WZ,-26.529,+031.308,+0633.4,19730101,20250824
683970-99999,MBAZWANA AIRFIELD,SF,-27.467,+032.583,+0061.0,20091027,20250824
683980-99999,SITEKI,WZ,-26.433,+031.950,+0667.0,20030214,20250310
683990-99999,BIG BEND,WZ,-26.850,+031.917,+0094.0,20070228,20250320
684000-99999,MAKATINI,SF,-27.383,+032.183,+0063.0,19941005,20250824
684030-99999,ALEXANDER BAY,SF,-28.575,+016.533,+0029.9,19970701,20250824
684080-99999,PORT NOLLOTH,SF,-29.233,+016.867,+0010.0,19490101,20250824
684110-99999,VIOOLSDRIF,SF,-28.769,+017.623,+0174.0,19980301,20250824
684160-99999,POFADDER,SF,-29.133,+019.383,+0990.0,19550103,20250824
684240-99999,UPINGTON,SF,-28.399,+021.260,+0850.7,19560101,20250824
684250-99999,AUGRABIES FALLS,SF,-28.600,+020.350,+0635.0,20131210,20250824
684290-99999,POSTMASBURG,SF,-28.333,+023.067,+1321.0,19980301,20250824
684380-99999,KIMBERLEY,SF,-28.803,+024.765,+1204.0,19490101,20250824
684420-99999,BLOEMFONTEIN INTL / BRAM FISCHER INTL,ZA,-29.093,+026.302,+1358.8,19490101,20250824
684430-99999,BLOEMFONTEIN CITY,SF,-29.117,+026.183,+1406.0,20060608,20250824
684470-99999,GLEN COLLEGE AWS,SF,-28.950,+026.333,+1303.0,20131210,20250824
684490-99999,FICKSBURG,SF,-28.817,+027.900,+1614.0,19980301,20250824
684533-99999,MOSHOESHOE I INTL,LT,-29.462,+027.553,+1630.1,19870720,20250824
684540-99999,MEJAMETALANA,LT,-29.304,+027.503,+1556.0,19740731,20250824
684610-99999,BETHLEHEM,SF,-28.248,+028.336,+1695.0,19800301,20250824
684710-99999,VAN REENEN,SF,-28.367,+029.383,+1680.0,19980301,20250824
684740-99999,ROYAL NATAL NAT. PARK,SF,-28.683,+028.950,+1392.0,19980301,20250824
684780-99999,ESTCOURT,SF,-29.000,+029.883,+1144.0,19570101,20250824
684790-99999,LADYSMITH,SF,-28.567,+029.767,+1069.0,19970715,20250824
684810-99999,PONGOLA,SF,-27.417,+031.600,+0312.0,19970701,20250824
684850-99999,MOOI RIVER,SF,-29.217,+030.000,+1393.0,20131210,20250824
684870-99999,GREYTOWN,SF,-29.083,+030.600,+1029.0,19970715,20250707
684880-99999,BABANANGO,SF,-28.367,+031.217,+0768.0,19950110,20250824
684910-99999,CHARTERS CREEK,SF,-28.200,+032.417,+0009.0,19980301,20250824
684930-99999,PRINCE MANGOSUTHU BUTHELEZI,SF,-28.321,+031.417,+0524.3,19970715,20250824
684940-99999,MANDINI,SF,-29.150,+031.400,+0112.0,19980301,20250824
684950-99999,RICHARDS BAY AIRPORT,SF,-28.733,+032.083,+0035.0,19970704,20250824
684963-99999,PIETERMARITZBURG,SF,-29.649,+030.399,+0738.5,19970701,20250224
684970-99999,MTUNZINI,SF,-28.950,+031.700,+0038.0,19980301,20250824
685120-99999,SPRINGBOK,SF,-29.689,+017.940,+0819.9,19550914,20250824
685130-99999,KOINGNAAS,SF,-30.200,+017.283,+0099.0,19980301,20250824
685150-99999,GARIES-GROENRIVIER,SF,-30.850,+017.567,+0017.0,20240502,20240502
685230-99999,BRANDVLEI,SF,-30.467,+020.483,+0923.0,19970701,20250824
685240-99999,VANWYKSVLEI,SF,-30.350,+021.817,+0962.0,19551001,20250824
685270-99999,PRIESKA,SF,-29.667,+022.733,+0947.0,19980301,20250824
685380-99999,DEAAR(UA),SF,-30.667,+024.017,+1287.0,19930701,20250824
685410-99999,FAURESMITH,SF,-29.754,+025.323,+1387.0,20131210,20250824
685430-99999,GARIEP DAM,SF,-30.533,+025.533,+1272.0,20131210,20250824
685460-99999,ALIWAL NORTH,SF,-30.717,+026.717,+1351.0,19550101,20250824
685490-99999,WEPENER,SF,-29.900,+026.867,+1420.0,20131210,20250824
685580-99999,BARKLY EAST,SF,-30.933,+027.600,+1819.0,19980301,20250824
685720-99999,SHALEBURN,SF,-29.800,+029.350,+1614.0,19621004,20250824
685750-99999,IXOPO,SF,-30.150,+030.067,+0937.0,19980302,20250824
685770-99999,KOKSTAD,SF,-30.500,+029.400,+1443.0,20050920,20250824
685790-99999,PADDOCK,SF,-30.750,+030.267,+0515.0,20040613,20250824
685800-99999,CEDARA,SF,-29.533,+030.283,+1071.0,19590801,20250824
685810-99999,PIETERMARITZBURG,SF,-29.633,+030.400,+0673.0,19970715,20250824
685820-99999,ORIBI AIRPORT,SF,-29.650,+030.400,+0739.0,20131210,20250824
685830-99999,MOUNT EDGECOMBE,SF,-29.700,+031.050,+0094.0,19980301,20250824
685850-99999,PENNINGTON SOUTH,SF,-30.400,+030.667,+0098.0,20040323,20250824
685870-99999,PORT EDWARD,SF,-31.067,+030.233,+0012.0,19980301,20250824
685880-99999,DURBAN INTL,SF,-29.970,+030.951,+0010.1,19560201,20250824
685890-99999,GIANTS CASTLE,SF,-29.267,+029.517,+1763.0,19970715,20250824
685910-99999,MARGATE,SF,-30.850,+030.333,+0154.0,19970701,20250824
685920-99999,KING SHAKA INTL AIRPORT,SF,-29.617,+031.133,+0127.0,20100430,20250824
685930-99999,VIRGINIA,SF,-29.771,+031.058,+0006.1,19980408,20250824
686130-99999,LAMBERTS BAY,SF,-32.033,+018.333,+0094.0,19980301,20250824
686140-99999,VREDENDAL,SF,-31.641,+018.545,+0100.6,19570901,20250824
686180-99999,CALVINIA,SF,-31.500,+019.726,+0990.6,19560101,20250824
686190-99999,NIEUWOUDTVILLE,SF,-31.350,+019.083,+0731.0,20131210,20250824
686240-99999,FRASERBURG,SF,-31.917,+021.517,+1268.0,19730101,20250824
686330-99999,NOUPOORT,SF,-31.183,+024.950,+1496.0,19980301,20250824
686470-99999,QUEENSTOWN,SF,-31.917,+026.883,+1104.0,19970701,20250824
686490-99999,JAMESTOWN,SF,-31.117,+026.800,+1603.0,19970701,20250824
686510-99999,ELLIOT,SF,-31.333,+027.850,+1463.0,19970701,20250824
686680-99999,MTHATHA,SF,-31.548,+028.674,+0731.5,19730101,20250824
686740-99999,PORT ST JOHNS,SF,-31.606,+029.522,+0374.0,19490101,20250824
686770-99999,COFFEE BAY,SF,-31.950,+029.133,+0161.0,20131210,20250824
687120-99999,CAPE COLUMBINE,SF,-32.833,+017.850,+0067.0,19490102,20250824
687130-99999,PAARL,SF,-33.717,+018.967,+0104.0,20040608,20250824
687140-99999,LANGEBAANWEG AFB,SF,-32.969,+018.160,+0032.9,19730801,20250824
687150-99999,MALMESBURY,SF,-33.467,+018.717,+0102.0,19970701,20250824
687170-99999,PORTERVILLE,SF,-33.013,+018.977,+0122.0,19980301,20250824
687180-99999,ROBERTSON,SF,-33.800,+019.900,+0204.0,19730101,20250824
687190-99999,EXCELSIOR,SF,-32.950,+019.433,+0945.0,20040423,20250824
687220-99999,SUTHERLAND,SF,-32.383,+020.667,+1459.0,19590917,20250824
687230-99999,LAINGSBURG,SF,-33.200,+020.867,+0656.0,19980301,20250126
687270-99999,BEAUFORT WEST,SF,-32.350,+022.550,+0899.0,19980301,20250824
687370-99999,GRAAFF-REINET,SF,-32.200,+024.550,+0790.0,19980301,20250824
687440-99999,CRADOCK,SF,-32.167,+025.617,+0926.0,19941004,20250824
687470-99999,FORT BEAUFORT,SF,-32.783,+026.633,+0455.0,19970701,20250824
687520-99999,BHISHO,SF,-32.897,+027.279,+0594.4,19870514,20250824
687540-99999,DOHNE,SF,-32.517,+027.467,+0900.0,19730101,20250824
688110-99999,GEELBEK,SF,-33.200,+018.117,+0007.0,20040501,20250824
688130-99999,ROBBEN ISLAND,SF,-33.800,+018.367,+0003.0,20041005,20250824
688160-99999,CAPE TOWN INTL,SF,-33.965,+018.602,+0046.0,19490101,20250824
688170-99999,CAPE TOWN - PORTNET,SF,-33.900,+018.433,+0002.0,19980301,20250824
688190-99999,MOLTENO RESERVIOR,SF,-33.933,+018.417,+0097.0,20131210,20250824
688210-99999,WORCESTER,SF,-33.617,+019.467,+0270.0,19980301,20250824
688250-99999,LADISMITH,SF,-33.500,+021.283,+0538.0,20131210,20250824
688280-99999,GEORGE,SF,-34.006,+022.379,+0197.5,19490101,20250824
688320-99999,WILLOWMORE,SF,-33.283,+023.500,+0842.0,19590912,20250824
688330-99999,JOUBERTINA,SF,-33.833,+023.867,+0546.0,20040430,20250824
688350-99999,PATENSIE,SF,-33.767,+024.817,+0085.0,19980301,20250824
688370-99999,NGQURA (COEGA),SF,-33.800,+025.667,+0046.0,20131210,20250824
688390-99999,UITENHAGE,SF,-33.700,+025.433,+0157.0,19970701,20250824
688400-99999,SOMERSET,SF,-33.050,+025.717,+0506.0,20131210,20250824
688410-99999,ADDO ELEPHANT PARK,SF,-33.450,+025.750,+0506.0,20131210,20250824
688420-99999,PORT ELIZABETH INTL / CHIEF DAWID STUURMAN INTL,ZA,-33.985,+025.617,+0068.9,19490101,20250824
688430-99999,PORT ALFRED AIRPORT,SF,-33.567,+026.883,+0084.0,20070228,20250824
688490-99999,GRAHAMSTOWN,SF,-33.283,+026.500,+0642.0,19980301,20250824
688580-99999,EAST LONDON / KING PHALO,ZA,-33.036,+027.826,+0132.6,19490101,20250824
689060-99999,GOUGH ISLAND,SH,-40.350,-009.883,+0054.0,19551120,20250824
689120-99999,SLANGKOP,SF,-34.150,+018.317,+0008.0,19980301,20250824
689160-99999,CAPE POINT,SF,-34.350,+018.500,+0238.0,19730101,20250824
689180-99999,HERMANUS,SF,-34.433,+019.217,+0014.0,19980301,20250824
689200-99999,CAPE AGULHAS,SF,-34.833,+020.017,+0014.0,19490101,20250824
689210-99999,STRUISBAAI,SF,-34.800,+020.067,+0004.0,19980301,20250824
689230-99999,TIGERHOEK,SF,-34.150,+019.900,+0151.0,20040726,20250824
689250-99999,ELGIN EXP FARM,SF,-34.139,+019.023,+0311.0,19980301,20250824
689260-99999,RIVERSDALE,SF,-34.083,+021.250,+0116.0,19730101,20250824
689270-99999,STILBAAI,SF,-34.367,+021.383,+0103.0,20040303,20250824
689310-99999,PLETTENBERG BAY / GARDEN ROUTE AERO,ZA,-34.090,+023.328,+0141.7,19980408,20240925
689390-99999,CAPE ST FRANCIS,SF,-34.217,+024.850,+0007.0,20040625,20250824
689940-99999,MARION ISLAND,SF,-46.875,+037.860,+0022.0,19490101,20250824
689990-99999,CT-AWS,SF,-33.967,+018.600,+0046.0,20041102,20250824
690150-93121,TWENTY NINE PALMS,US,+34.294,-116.147,+0610.5,19900102,20250825
700001-26492,PORTAGE GLACIER,US,+60.784,-148.848,+0032.5,20060101,20250827
700197-26558,SELAWIK,US,+66.600,-159.986,+0007.6,20060101,20250826
700260-27502,W POST-WILL ROGERS MEMORIAL AIRPORT,US,+71.287,-156.739,+0008.1,19450101,20250827
700300-27503,WAINWRIGHT AIRPORT,US,+70.637,-160.013,+0012.5,19991102,20240909
700632-26645,BUCKLAND AIRPORT,US,+65.983,-161.133,+0009.1,20060101,20250826
700634-27408,UGNU-KUPRAUK AIRPORT,US,+70.331,-149.598,+0020.4,20060101,20250825
700635-26465,GALBRAITH LAKE AIRPORT,US,+68.479,-149.490,+0812.6,20060105,20250727
700637-27406,DEADHORSE AIRPORT,US,+70.191,-148.480,+0017.7,19730101,20250827
700638-99999,FALSE PASS,US,+54.850,-163.417,+0006.0,19730101,20250804
700860-27401,BARTER ISLAND AIRPORT,US,+70.134,-143.577,+0000.6,19471001,20250825
701040-26631,CAPE LISBURNE LRRS AIRPORT,US,+68.867,-166.133,+0004.9,20060101,20250825
701043-26623,POINT HOPE AIRPORT,US,+68.350,-166.800,+0004.0,20060101,20250825
701045-26649,RED DOG AIRPORT,US,+68.031,-162.903,+0296.9,20060103,20250824
701170-26634,TIN CITY LRRS AIRPORT,US,+65.563,-167.921,+0082.6,20060101,20250823
701190-99999,PORT CLARENCE CGS,US,+65.254,-166.859,+0003.0,19730101,20240924
701195-26625,SHISHMAREF/NEW AIRPORT,US,+66.250,-166.089,+0002.1,20060101,20250825
701196-00102,BOB BARKER MEMORIAL AIRPORT,US,+66.983,-160.433,+0051.2,20080822,20250825
701210-26624,POINT LAY LRRS AIRPORT,US,+69.733,-163.005,+0007.6,20060101,20250814
701330-26616,RALPH WIEN MEMORIAL AIRPORT,US,+66.886,-162.607,+0003.4,19730101,20250827
701333-26643,DEERING AIRPORT,US,+66.070,-162.761,+0005.4,19990102,20250801
701335-26648,NOATAK AIRPORT,US,+67.566,-162.975,+0026.8,20060101,20250825
701337-00103,WALES AIRPORT,US,+65.617,-168.100,+0007.0,20090122,20250825
701338-99999,CHEVAK AIRPORT,US,+61.533,-165.583,+0022.9,20090210,20250824
701486-26642,KIVALINA AIRPORT,US,+67.731,-164.548,+0005.7,20060101,20250804
701625-26542,ANAKTUVUK PASS AIRPORT,US,+68.167,-151.767,+0640.1,20060101,20250825
701718-26551,AMBLER AIRPORT,US,+67.100,-157.850,+0088.1,20060101,20240819
701719-00490,SHUNGNAK AIRPORT,US,+66.888,-157.162,+0062.8,20091210,20250826
701730-26535,INDIAN MOUNTAIN LRRS ARPT,US,+66.000,-153.700,+0388.9,20050101,20250826
701740-26533,BETTLES AIRPORT,US,+66.918,-151.519,+0196.5,19450101,20250825
701748-99999,PROSPECT CREEK AIRPORT,US,+66.817,-150.650,+0335.0,19730825,20250625
701780-26529,RALPH M CALHOUN MEML ARPT,US,+65.173,-152.107,+0068.7,19430601,20250826
701940-26413,FORT YUKON AIRPORT,US,+66.567,-145.267,+0135.6,19730101,20250825
701945-46405,ARCTIC VILLAGE AIRPORT,US,+68.115,-145.579,+0637.6,20060101,20250826
701975-26422,EAGLE AIRPORT,US,+64.776,-141.164,+0277.3,20060101,20250826
701995-26628,CAPE DARBY REMOT COM OUTLT,US,+64.550,-163.007,+0007.6,20050101,20250826
702000-26617,NOME AIRPORT,US,+64.511,-165.440,+0005.4,19400101,20250827
702004-99999,WHITE MOUNTAIN,US,+64.689,-163.413,+0081.4,20111201,20250824
702005-26647,ST MARY'S AIRPORT,US,+62.062,-163.300,+0095.1,20060101,20250826
702006-26502,KALTAG AIRPORT,US,+64.321,-158.733,+0052.6,20060101,20250826
702035-26704,SAVOONGA AIRPORT,US,+63.687,-170.493,+0016.8,20060108,20250826
702040-26703,GAMBELL AIRPORT,US,+63.767,-171.733,+0008.5,19870603,20250826
702070-26627,UNALAKLEET AIRPORT,US,+63.883,-160.800,+0005.5,19430601,20250826
702075-26644,ANVIK AIRPORT,US,+62.650,-160.183,+0026.8,20060101,20250826
702084-26650,EMMONAK,US,+62.785,-164.491,+0004.3,20060101,20250826
702120-26646,CAPE ROMANZOF LRRS ARPT,US,+61.783,-166.033,+0146.0,20060101,20250820
702185-26622,MEKORYUK AIRPORT,US,+60.383,-166.200,+0013.7,20060105,20250826
702190-26615,BETHEL AIRPORT,US,+60.785,-161.829,+0032.6,19450101,20250827
702195-99999,NAPAKIAK,US,+60.683,-161.983,+0005.2,19940830,20250824
702220-26501,GALENA AIRPORT,US,+64.737,-156.934,+0046.6,20060101,20250825
702223-26602,KOYUK AIRPORT,US,+64.935,-161.155,+0033.5,20060101,20250826
702310-26510,MCGRATH AIRPORT,US,+62.957,-155.610,+0101.0,19730101,20250826
702315-26536,TATALINA LRRS AIRPORT,US,+62.894,-155.976,+0293.8,20060101,20250826
702320-26516,ANIAK AIRPORT,US,+61.582,-159.543,+0025.9,19730101,20250826
702325-26443,WASILLA AIRPORT,US,+61.572,-149.541,+0107.9,20040702,20250825
702350-26534,SPARREVOHN LRRS AIRPORT,US,+61.100,-155.583,+0484.0,20060101,20250826
702460-26512,MINCHUMINA,US,+63.886,-152.302,+0206.7,19730101,20250826
702490-26526,PUNTILLA LAKE,US,+62.091,-152.735,+0566.3,20060101,20250825
702510-26528,TALKEETNA AIRPORT,US,+62.320,-150.097,+0106.8,19730101,20250827
702590-26523,KENAI MUNICIPAL AIRPORT,US,+60.579,-151.242,+0030.2,19730101,20250827
702595-26559,SOLDOTNA AIRPORT,US,+60.476,-151.034,+0034.4,20060101,20250825
702600-26435,NENANA MUNICIPAL AIRPORT,US,+64.547,-149.087,+0110.1,19430706,20250827
702606-96401,CHULITNA,US,+62.826,-149.907,+0426.7,20060101,20240116
702607-25378,HOONAH SEAPLANE BASE,US,+58.096,-135.409,+0000.0,20060101,20250826
702610-26411,FAIRBANKS INTERNATIONAL,US,+64.803,-147.876,+0131.1,19460101,20250827
702615-26498,WAINWRIGHT AAF AIRPORT,US,+64.838,-147.614,+0138.4,20060103,20250826
702625-00104,NIKOLAI AIRPORT,US,+63.017,-154.367,+0126.2,20061024,20250826
702626-99999,PILOT POINT,US,+57.580,-157.580,+0017.0,20061024,20250824
702627-26561,RUBY AIRPORT,US,+64.727,-155.470,+0199.0,20061001,20250826
702628-00105,MARSHALL DON HUNTER SR AIRPORT,US,+61.867,-162.033,+0031.1,20061024,20250607
702645-46403,MCKINLEY NATIONAL PARK AIRPORT,US,+63.733,-148.917,+0524.3,20060101,20250825
702650-26407,EIELSON AFB AIRPORT,US,+64.683,-147.083,+0166.7,20060102,20250826
702670-26415,ALLEN ARMY AIRFIELD,US,+63.993,-145.721,+0388.1,19451015,20250827
702685-27518,ATQASUK EDWARD BURNELL SR. MEMORIAL AIRPORT,US,+70.467,-157.436,+0029.3,20060501,20250825
702686-00106,KIPNUK AIRPORT,US,+59.932,-164.028,+0005.9,20060501,20250826
702697-00107,NEW STUYAHOK AIRPORT,US,+59.450,-157.333,+0092.1,20061010,20250826
702700-00489,BRYANT ARMY AIRFIELD HELIPORT,US,+61.266,-149.653,+0118.3,20130415,20250825
702710-26425,GULKANA AIRPORT,US,+62.159,-145.459,+0481.1,19450101,20250827
702715-46407,SKELTON AIRPORT,US,+61.949,-147.169,+1002.5,20060101,20250825
702720-26401,ELMENDORF AFB AIRPORT,US,+61.253,-149.794,+0064.6,20060101,20250826
702725-26491,LAKE HOOD SEAPLANE BASE,US,+61.179,-149.965,+0025.1,20020101,20250827
702730-26451,TED STEVENS ANCHORAGE INTL,US,+61.169,-150.028,+0038.0,19730101,20250827
702735-26409,MERRILL FIELD AIRPORT,US,+61.216,-149.857,+0038.4,19450101,20250827
702740-25331,PALMER MUNICIPAL AIRPORT,US,+61.595,-149.092,+0070.9,19990101,20250827
702746-26497,BIRCHWOOD AIRPORT,US,+61.416,-149.507,+0029.3,20060101,20250825
702756-26479,VALDEZ PIONEER FIELD AIRPORT,US,+61.132,-146.244,+0018.3,20060101,20250825
702757-26444,WHITTIER AIRPORT,US,+60.783,-148.733,+0011.9,20060101,20241101
702758-27517,ALPINE AIRSTRIP,US,+70.344,-150.945,+0005.5,20060101,20250825
702770-26438,SEWARD AIRPORT,US,+60.129,-149.418,+0004.1,20060101,20250827
702910-26412,NORTHWAY AIRPORT,US,+62.961,-141.938,+0523.2,19450101,20250825
702960-26410,M.K.(MUDHOLE) SMITH ARPT,US,+60.486,-145.445,+0014.7,19420611,20250827
703050-25623,CAPE HEWENHAM LRRS AIRPORT,US,+58.650,-162.067,+0164.9,20060101,20250826
703051-26521,HOLY CROSS AIRPORT,US,+62.183,-159.767,+0006.1,20060101,20250826
703052-26652,KALSKAG AIRPORT,US,+61.536,-160.341,+0016.8,20060117,20250817
703053-26654,RUSSIAN MISSION AIRPORT,US,+61.775,-161.319,+0015.5,20060101,20250826
703054-00108,SCAMMON BAY AIRPORT,US,+61.850,-165.567,+0004.3,20050929,20250206
703055-00109,MANOKOTAK AIRPORT,US,+58.983,-159.050,+0015.9,20050929,20250826
703056-26635,MOUNTAIN VILLAGE AIRPORT,US,+62.095,-163.682,+0102.7,20060101,20250826
703057-26653,TOKSOOK BAY AIRPORT,US,+60.541,-165.087,+0018.0,20060101,20250826
703058-00110,NELSON LAGOON AIRPORT,US,+56.017,-161.167,+0004.3,20050930,20250825
703059-99999,KING COVE,US,+55.116,-162.267,+0045.0,20050930,20250824
703061-25521,IGIUGIG AIRPORT,US,+59.324,-155.902,+0027.4,20060101,20250825
703080-25713,ST PAUL ISLAND AIRPORT,US,+57.155,-170.223,+0008.0,19431105,20250826
703160-25624,COLD BAY AIRPORT,US,+55.221,-162.732,+0022.0,19420304,20250825
703165-25617,SAND POINT AIRPORT,US,+55.319,-160.521,+0006.4,20050101,20250826
703210-25513,DILLINGHAM AIRPORT,US,+59.050,-158.517,+0026.2,20060101,20250826
703260-25503,KING SALMON AIRPORT,US,+58.683,-156.656,+0020.0,19420110,20250827
703330-25508,PORT HEIDEN AIRPORT,US,+56.959,-158.632,+0026.8,20060101,20250825
703333-25518,CHIGNIK AIRPORT,US,+56.311,-158.373,+0005.5,20060101,20250410
703334-25519,EGEGIK AIRPORT,US,+58.185,-157.386,+0028.0,20060101,20250825
703335-99999,SOUTH NAKNEK ARPT,US,+58.700,-157.000,+0049.4,19940818,20250824
703400-25506,ILIAMNA AIRPORT,US,+59.749,-154.909,+0046.4,19730101,20250827
703406-26546,PORT ALSWORTH AIRPORT,US,+60.204,-154.316,+0079.3,20050101,20250630
703407-26553,SLEETMUTE AIRPORT,US,+61.717,-157.150,+0054.3,20060101,20250826
703410-25507,HOMER AIRPORT,US,+59.642,-151.491,+0019.1,19730101,20250827
703430-25402,MIDDLETON ISLAND METEOROLOGY RADAR SITE,US,+59.433,-146.333,+0030.5,19450101,20250825
703500-25501,KODIAK AIRPORT,US,+57.751,-152.488,+0005.0,19450101,20250827
703605-25604,PLATINUM AIRPORT,US,+59.011,-161.820,+0004.6,20060323,20250826
703606-25629,TOGIAK AIRPORT,US,+59.067,-160.367,+0006.1,20060101,20250826
703609-99999,COLDFOOT AIRPORT,US,+67.252,-150.204,+0317.6,20230926,20250824
703610-25339,YAKUTAT AIRPORT,US,+59.512,-139.671,+0012.6,19410501,20250826
703620-25335,SKAGWAY AIRPORT,US,+59.454,-135.328,+0007.4,19431001,20250825
703621-25516,SELDOVIA AIRPORT,US,+59.446,-151.707,+0008.7,20060101,20250827
703626-25323,HAINES,US,+59.243,-135.511,+0006.4,19960613,20250825
703644-27515,NUIQSUT AIRPORT,US,+70.213,-150.994,+0011.3,20060101,20250825
703655-26552,HUSLIA AIRPORT,US,+65.698,-156.351,+0054.9,20060101,20250826
703656-99999,QUINHAGAK AIRPORT,US,+59.750,-161.833,+0013.0,20140211,20250824
703670-25322,GUSTAVUS,US,+58.411,-135.709,+0012.2,19760801,20250826
703710-25333,SITKA ROCKY GUTIERREZ ARPT,US,+57.047,-135.367,+0006.0,19730101,20250827
703810-25309,JUNEAU INTERNATIONAL,US,+58.354,-134.556,+0005.9,19730101,20250827
703817-25357,ELFIN COVE SEAPLANE BASE,US,+58.192,-136.344,+0006.1,20060101,20250825
703830-25310,ANGOON SEAPLANE BASE,US,+57.499,-134.586,+0008.5,19730101,20250809
703835-25628,ST. GEORGE AIRPORT,US,+56.575,-169.663,+0032.0,20060101,20250819
703855-25369,KAKE AIRPORT,US,+56.967,-133.900,+0052.4,20060101,20250825
703860-25329,JAMES A JOHNSON AIRPORT,US,+56.806,-132.937,+0032.6,19730101,20250825
703870-25338,WRANGELL AIRPORT,US,+56.473,-132.387,+0017.1,20060101,20250825
703884-25376,HYDABURG SEAPLANE BASE,US,+55.206,-132.828,+0000.0,20060101,20250825
703888-00111,SHAKTOOLIK AIRPORT,US,+64.370,-161.224,+0007.0,20101101,20250826
703891-99999,ELIM AIRPORT,US,+64.617,-162.267,+0049.0,20130731,20250824
703894-25367,KLAWOCK AIRPORT,US,+55.582,-133.075,+0020.8,20000101,20250827
703925-00112,KOLIGANEK AIRPORT,US,+59.733,-157.267,+0082.3,20070521,20250826
703926-99999,AKHIOK,US,+56.933,-154.183,+0013.0,20070521,20250824
703950-25325,KETCHIKAN INTL AIRPORT,US,+55.359,-131.722,+0025.7,19730101,20250827
703985-25377,METLAKATLA SEAPLANE BASE,US,+55.131,-131.578,+0000.0,20060101,20250825
704140-45715,EARECKSON AIR STATION AIRPORT,US,+52.717,+174.100,+0037.2,20050101,20250825
704540-25704,ADAK NAS,US,+51.883,-176.650,+0005.2,19421030,20250825
704890-25616,DUTCH HARBOR AIRPORT,US,+53.895,-166.543,+0003.1,20081124,20250825
704898-00113,ROBERT (BOB) CURTIS MEMORIAL AIRPORT,US,+66.818,-161.022,+0017.1,20110525,20250825
710010-99999,BURWASH,CA,+61.371,-139.041,+0806.8,20050101,20250824
710020-99999,CHURCHILL FALLS,CA,+53.567,-064.100,+0439.5,20050101,20250718
710050-99999,ALBERT HALL AGCM,CA,+53.100,-111.167,+0658.0,20071124,20241211
710060-99999,ALLIANCE AGCM,CA,+52.300,-111.767,+0737.0,20071124,20241211
710070-99999,BARONS AGCM,CA,+50.017,-113.217,+0967.0,20071124,20241211
710080-99999,BASSANO AGCM,CA,+50.883,-112.450,+0807.0,20071124,20241211
710090-99999,BEISEKER AGCM,CA,+51.367,-113.350,+0896.0,20071124,20241211
710100-99999,BELLSHILL AGCM,CA,+52.583,-111.467,+0721.0,20071016,20241211
710110-99999,BIG VALLEY AGCM,CA,+51.983,-112.800,+0870.0,20071124,20240424
710120-99999,CADOGAN AGCM,CA,+52.333,-110.500,+0690.0,20071124,20241211
710130-99999,CRAIGMYLE AGCM,CA,+51.767,-112.250,+0845.0,20071124,20241211
710140-99999,DELBURNE AGCM,CA,+52.183,-113.183,+0889.0,20080401,20240604
710150-99999,MILK RIVER RIDGE RESEVOIR,CA,+49.283,-112.533,+1305.0,20090801,20240801
710160-99999,BULLHORN HEADWATERS,CA,+49.150,-113.550,+1326.0,20071124,20240801
710170-99999,STEFANSSON ISLAND  NU,CA,+73.750,-105.283,+0011.0,20040831,20250824
710180-99999,RESOLUTE CS,CA,+74.717,-094.983,+0030.0,20040803,20250824
710200-99999,YOHIN  NWT,CA,+61.233,-123.733,+0204.0,20030330,20250824
710205-99999,WEKWEETI,CA,+64.183,-114.083,+0368.0,20121115,20250824
710210-99999,DEADMEN VALLEY  NWT,CA,+61.250,-124.467,+0283.0,20040713,20250824
710220-99999,PRINCE RUPERT,CA,+54.283,-130.433,+0035.0,20040831,20250824
710240-99999,FORT VERMILION,CA,+58.383,-116.033,+0289.0,20030617,20250824
710260-99999,MEDICINE HAT RCS,CA,+50.033,-110.717,+0715.0,20030330,20250824
710267-99999,MAPLE PLAINS,CA,+46.300,-063.583,+0046.0,20050217,20250824
710270-99999,INGONISH BEACH CS,CA,+46.667,-060.400,+0008.0,20030617,20250824
710280-99999,TATLAYOKO LAKE RCS  BC,CA,+51.667,-124.400,+0875.0,20030617,20250824
710290-99999,HOLMAN CS,CA,+70.750,-117.800,+0030.0,20030617,20250824
710300-99999,GRAND MANAN SAR CS,CA,+44.700,-066.800,+0078.0,20030617,20250824
710310-99999,DISCOVERY ISLAND,CA,+48.420,-123.230,+0015.0,19921008,20250824
710320-99999,PRINCETON CS  BC,CA,+49.467,-120.500,+0700.0,19921216,20250824
710330-99999,KEY LAKE SK,CA,+57.250,-105.600,+0513.9,20110919,20250824
710348-99999,CHETWYND,CA,+55.687,-121.627,+0609.6,19990114,20250824
710349-99999,MAKKOVIK,CA,+55.083,-059.183,+0071.0,19990114,20250824
710350-99999,LINDEN AGCM,CA,+51.617,-113.650,+0914.0,20080109,20241211
710354-99999,GOLDEN,CA,+51.299,-116.982,+0784.9,19990114,20250824
710355-99999,FORT LIARD,CA,+60.233,-123.483,+0215.0,19990114,20250822
710358-99999,DELINE,CA,+65.211,-123.436,+0218.0,19990114,20250824
710359-99999,LAC MEMPHREMAGOG,CA,+45.270,-072.170,+0209.0,20040921,20250824
710360-99999,DAUPHIN BARKER,CA,+51.101,-100.053,+0304.2,20030617,20250824
710367-99999,GRANBY,CA,+45.367,-072.767,+0086.0,20040921,20250824
710370-99999,POINT ATKINSON,CA,+49.330,-123.265,+0035.0,20030617,20250824
710376-99999,FLIN FLON,CA,+54.678,-101.682,+0303.9,20050101,20250824
710380-99999,DOAKTOWN AUTO RCS,CA,+46.585,-066.010,+0041.0,20040914,20250824
710390-99999,CARMACKS CS,CA,+62.117,-136.200,+0543.0,20030617,20250824
710400-99999,LATERRIERE  QUE,CA,+48.300,-071.117,+0163.0,19930408,20250824
710410-99999,PORT HAWKESBURY,CA,+45.657,-061.368,+0114.9,20070227,20250824
710415-99999,LUNENBURG,CA,+44.370,-064.300,+0004.0,20050217,20250824
710420-99999,DELTA BURNS BOG,CA,+49.133,-123.000,+0003.0,20010916,20250824
710430-99999,NORMAN WELLS,CA,+65.281,-126.799,+0072.2,19450101,20250824
710435-99999,FORT GOOD HOPE,CA,+66.241,-128.651,+0081.7,19340101,20250824
710450-99999,TESLIN (AUT)  YT,CA,+60.167,-132.733,+0705.0,19430901,20250824
710455-99999,TESLIN,CA,+60.173,-132.743,+0705.0,19770701,20250824
710460-99999,KOMAKUK BEACH,CA,+69.620,-140.200,+0013.0,19981224,20250312
710470-99999,MANNWILLE AGCM,CA,+53.450,-111.250,+0656.0,20080401,20241211
710480-99999,ACADIA VALLEY,CA,+51.050,-110.317,+0735.0,19950423,20241211
710490-99999,WAGER BAY (AUT)  MAN,CA,+65.867,-089.433,+0018.0,19940101,20250824
710500-99999,PUNTZI MOUNTAIN (AUT)  BC,CA,+52.100,-124.133,+0910.0,19770701,20250824
710510-99999,MANYBERRIES AGCM,CA,+49.367,-110.683,+0927.0,19551102,20240715
710513-27201,SACHS HARBOUR,CA,+71.950,-124.733,,19930101,20250723
710514-99999,MARATHON,CA,+48.755,-086.344,+0315.5,20071025,20250824
710520-99999,STORM HILLS,CA,+68.900,-133.930,+0261.0,20030921,20250124
710550-99999,COLVILLE LAKE  NWT,CA,+67.021,-126.123,+0259.0,19930701,20250824
710560-99999,FORT CHIPEWYAN RCS,CA,+58.767,-111.117,+0238.0,19930701,20250824
710563-99999,DAWSON CREEK,CA,+55.733,-120.183,+0671.0,19430501,20250824
710570-99999,MOSSLEIGH AGCM,CA,+50.667,-113.333,+0965.0,20080721,20241211
710600-99999,NORDEGG CS  ALTA,CA,+52.467,-116.067,+1362.0,19840101,20250824
710610-99999,BARRHEAD CS,CA,+54.100,-114.450,+0648.0,19770708,20250824
710622-99999,BERNARD HARBOUR,CA,+68.755,-114.940,+0062.0,20210719,20240805
710630-99999,OTTAWA CDA RCS  ONT,CA,+45.383,-075.717,+0079.0,19770701,20250824
710633-99999,FORT RESOLUTION,CA,+61.181,-113.690,+0160.3,19340101,20250822
710660-99999,HIGH LEVEL,CA,+58.621,-117.165,+0338.3,19770701,20250824
710670-99999,NEW SERPTA AGCM,CA,+53.267,-113.167,+0765.0,20080401,20241211
710680-99999,PEACE RIVER,CA,+56.227,-117.447,+0570.9,19590109,20250824
710690-99999,SLAVE LAKE,CA,+55.293,-114.777,+0583.4,19550702,20250824
710700-99999,PAKOWKI LAKE AGCM,CA,+49.217,-111.133,+0915.0,20080401,20240528
710720-99999,THUNDER BAY,CA,+48.367,-089.317,+0199.0,19480513,20250824
710735-99999,WHALE COVE AIRPORT,CA,+62.233,-092.600,+0020.0,19781205,20250824
710740-99999,ISACHSEN (AUT)  NU,CA,+78.783,-102.467,+0048.0,19480503,20250824
710750-99999,COLLINS BAY  SASK,CA,+58.183,-103.700,+0492.0,19770701,20250824
710760-99999,URANIUM CITY (AUT),CA,+59.567,-108.483,+0318.0,19620501,20250824
710770-99999,BUFFALO NARROWS (AUT)   SASK,CA,+55.833,-108.433,+0440.0,19770701,20250824
710774-99999,BUFFALO NARROWS,CA,+55.842,-108.418,+0440.1,19790131,20250824
710780-99999,LYNN LAKE,CA,+56.864,-101.076,+0356.6,19770701,20250802
710790-99999,THOMPSON,CA,+55.801,-097.864,+0222.2,19671108,20250824
710810-99999,HALL BEACH / SANIRAJAK,CA,+68.776,-081.244,+0008.2,19570801,20250824
710814-99999,IGLOOLIK AIRPORT,CA,+69.367,-081.817,+0051.0,19791219,20250824
710823-99999,ALERT,CA,+82.518,-062.281,+0030.5,19870305,20250824
710830-99999,RANKIN INLET,CA,+62.811,-092.116,+0028.7,19810206,20250824
710850-99999,PINCHER CREEK,CA,+49.517,-114.000,+1190.0,19930701,20250824
710870-99999,FORT PROVIDENCE  NWT,CA,+61.317,-117.600,+0162.0,19930615,20250824
710890-99999,RIBSTONE SOUTH AGCM,CA,+52.583,-110.350,+0644.0,20080401,20240514
710900-99999,CLYDE RIVER,CA,+70.486,-068.517,+0026.5,19770701,20250824
710934-99999,PANGNIRTUNG,CA,+66.145,-065.714,+0022.9,19340101,20250824
710944-99999,REPULSE BAY,CA,+66.521,-086.225,+0024.4,19781205,20250824
710950-99999,POND INLET,CA,+72.683,-077.967,+0055.2,19340101,20250824
710964-99999,QIKIQTARJUAQ,CA,+67.546,-064.031,+0006.4,19790131,20250824
710980-99999,SANDY LAKE,CA,+53.067,-093.350,+0290.0,19770701,20250824
710990-99999,FORT SEVERN,CA,+56.017,-087.683,+0016.0,20061030,20250824
711010-99999,SANDSPIT AWOS  BC,CA,+53.250,-131.800,+0006.0,19480101,20250824
711020-99999,RIVERCOURSE AGCM,CA,+53.017,-110.100,+0669.0,19770701,20240515
711030-99999,QUESNEL,CA,+53.026,-122.510,+0545.3,19550702,20250824
711040-99999,WILLIAMS LAKE,CA,+52.183,-122.054,+0940.3,19440701,20250824
711050-99999,ROLLING HILLS AGCM,CA,+50.250,-111.700,+0645.0,19830301,20241211
711060-94234,TOFINO AIRPORT,CA,+49.083,-125.767,+0024.0,19581202,20250824
711070-99999,CAPE ST JAMES CS  BC,CA,+51.933,-131.000,+0092.0,20010705,20250824
711080-99999,ABBOTSFORD,CA,+49.025,-122.363,+0059.4,19550702,20250824
711090-99999,PORT HARDY,CA,+50.681,-127.367,+0017.0,19550705,20250824
711100-99999,ST LAWRENCE,CA,+46.917,-055.383,+0049.0,19550702,20250824
711130-99999,AGASSIZ CS,CA,+49.250,-121.767,+0019.0,19770704,20250824
711140-99999,HOPE (AUT)  BC,CA,+49.367,-121.483,+0039.0,19550702,20250824
711150-99999,VERNON AUTO,CA,+50.217,-119.183,+0482.0,19770701,20250824
711160-99999,ONEFOUR CDA  ALTA,CA,+49.117,-110.467,+0935.0,19910801,20250824
711180-99999,WAINWRIGHT CFB AIRFIELD 21  ALTA,CA,+52.817,-111.100,+0686.0,20010916,20250824
711200-99999,COLD LAKE / GROUP CAPTAIN R W MCNAIR,CA,+54.405,-110.279,+0541.0,19550702,20250115
711210-99999,EDMONTON/NAMAO(MIL),CA,+53.667,-113.467,+0688.0,19441010,20250822
711220-99999,BANFF CS,CA,+51.200,-115.550,+1397.0,19550702,20250824
711230-99999,EDMONTON INTL,CA,+53.310,-113.580,+0723.3,19601114,20250824
711233-99999,EDMONTON VILLENEUVE,CA,+53.668,-113.854,+0687.3,19850102,20250824
711250-99999,MEADOW LAKE  A,CA,+54.125,-108.523,+0480.4,19770701,20250824
711253-99999,MEADOW LAKE - SK,CA,+54.123,-108.519,+0481.0,19891017,20250824
711270-99999,EDMONTON STONY PLAIN CS,CA,+53.550,-114.117,+0766.0,19770705,20250824
711290-99999,KINDERSLEY,CA,+51.518,-109.181,+0694.0,19580701,20250824
711300-99999,NIPAWIN AIRPORT,CA,+53.333,-104.000,+0374.0,19770701,20250824
711310-99999,EASTEND CYPRESS (AUT)  SASK,CA,+49.433,-108.983,+1080.0,19770701,20250824
711320-99999,STONY RAPIDS ARPT,CA,+59.250,-105.833,+0250.0,19860725,20250824
711330-99999,SPIRITWOOD WEST  SASK,CA,+53.367,-107.550,+0584.0,19920501,20250824
711350-99999,ROCKGLEN (AUT)  SASK,CA,+49.167,-105.983,+0917.0,19770701,20250824
711360-99999,BRANDON RCS - MB,CA,+49.908,-099.946,+0405.0,20040924,20250824
711370-99999,VAL MARIE SOUTHEAST,CA,+49.067,-107.583,+0796.0,19911208,20250824
711380-99999,YORKTON MUNI,CA,+51.265,-102.462,+0498.3,19550702,20250824
711390-99999,CYPRESS HILLS PARK  SASK,CA,+49.650,-109.517,+1271.0,19920505,20250824
711400-99999,BRANDON MUNI,CA,+49.917,-099.950,+0409.3,19770701,20250824
711410-99999,GATESHEAD ISLAND,CA,+70.633,-100.267,+0020.0,19770701,20250824
711420-99999,SWIFT CURRENT AIRPORT,CA,+50.300,-107.683,+0816.9,19961101,20250824
711440-99999,OAKPOINT MARINE  MAN,CA,+50.499,-098.037,+0249.6,20010916,20250824
711450-99999,ISLAND LAKE AIRPORT,CA,+53.850,-094.650,+0236.0,19770701,20250824
711470-99999,CARMAN U OF M CS  MAN,CA,+49.500,-098.033,+0268.0,19961101,20250824
711480-99999,PILOT MOUND (AUT),CA,+49.183,-098.900,+0471.0,19571204,20250824
711490-99999,MC CREARY,CA,+50.717,-099.533,+0351.0,20010916,20250824
711500-99999,SHOAL LAKE CS  MAN,CA,+50.450,-100.600,+0561.0,19930520,20250824
711510-99999,KENORA RCS,CA,+49.783,-094.367,+0413.0,19940103,20250824
711520-99999,BURGEO NL,CA,+47.617,-057.617,+0011.0,20050101,20250824
711530-99999,CARDSTON  ALTA,CA,+49.200,-113.283,+1136.0,19941201,20250824
711540-99999,WATERTON PARK GATE,CA,+49.133,-113.817,+1289.0,19940706,20250824
711550-99999,EDMONTON INTERNATIONAL CS  ALTA,CA,+53.300,-113.600,+0715.0,20010916,20250824
711560-99999,EDSON CLIMATE,CA,+53.583,-116.467,+0927.0,20010716,20250824
711570-99999,EDMONTON MUNICIPAL CR10  ALTA,CA,+53.567,-113.517,+0671.0,20010916,20250824
711580-99999,BERENS RIVER CS  MAN,CA,+52.350,-097.033,+0222.0,20010916,20250824
711590-99999,STEPHENVILLE RCS,CA,+48.567,-058.567,+0058.0,20090122,20250824
711600-99999,FORT RELIANCE (AUT)  NWT,CA,+62.700,-109.150,+0168.0,19930701,20250824
711610-99999,BROCKVILLE CLIMATE,CA,+44.633,-075.733,+0120.0,19930701,20250824
711620-99999,INNER WHALEBACKS  NWT,CA,+61.917,-113.717,+0165.0,19930701,20250824
711630-99999,WHATI NT,CA,+63.133,-117.250,+0271.0,19940307,20250824
711640-99999,LITTLE CHICAGO  NWT,CA,+67.167,-130.217,+0063.0,19930701,20250824
711650-99999,REA LAKES,CA,+64.117,-117.333,+0223.3,19940308,20250824
711660-99999,TROUT LAKE  NWT,CA,+60.433,-121.233,+0498.0,19940308,20250824
711670-99999,EDSON,CA,+53.567,-116.450,+0926.0,19940301,20250824
711680-99999,SIOUX FALLS CLIMATE,US,+43.733,-096.633,+0481.5,19941001,20250824
711700-99999,CARBERRY CS,CA,+49.900,-099.350,+0384.0,19940901,20250824
711710-99999,VINELAND STATION RCS  ONT,CA,+43.183,-079.400,+0079.0,20040510,20250824
711720-99999,PARRY SOUND CCG  ONT,CA,+45.333,-080.033,+0176.0,20040803,20250824
711740-99999,ARVIAT,CA,+61.094,-094.071,+0009.8,20050101,20250824
711750-99999,WHISTLER,CA,+50.133,-122.950,+0658.0,20050126,20250824
711780-99999,BONAVISTA RCS,CA,+48.667,-053.117,+0026.0,20050101,20250824
711800-99999,WRECKHOUSE,CA,+47.700,-059.300,+0032.0,19920601,20250824
711830-99999,MONTREAL/PIERRE ELLIOTT TRUDEAU INTL  QU,CA,+45.467,-073.733,+0032.0,19910118,20250824
711860-99999,CAP- ROUGE  QUE,CA,+48.367,-070.533,+0007.0,19940121,20250824
711880-99999,GASPE / MICHEL POULIOT,CA,+48.775,-064.479,+0032.9,19770914,20250824
711890-99999,POINTE CLAVEAU  QUE,CA,+48.267,-070.117,+0004.0,19770701,20250824
711900-99999,POINTE DE L'ISLET  QUE,CA,+48.133,-069.700,+0007.0,20010731,20250824
711910-99999,FUNDY PARK CS,CA,+45.600,-064.950,+0043.0,20030620,20250824
711920-99999,QUESNEL,CA,+53.017,-122.500,+0545.0,20100604,20250824
711930-99999,TIMMINS CLIMATE,CA,+48.550,-081.383,+0294.0,19770701,20250824
711960-99999,PEMBROKE CLIMATE,CA,+45.867,-077.250,+0162.0,19591117,20250824
711966-99999,POOLS ISLAND,CA,+49.117,-053.583,+0010.0,19920106,20250824
711980-99999,LAC SAINT- PIERRE  QUE,CA,+46.183,-072.917,+0016.0,20010702,20250824
711990-99999,WATSON LAKE (AUT)  YT,CA,+60.117,-128.817,+0690.0,20050218,20250824
712000-99999,VICTORIA GONZALES CS  BC,CA,+48.400,-123.317,+0070.0,19550702,20250824
712010-99999,VANCOUVER HARBOUR CS  BC,CA,+49.283,-123.117,+0003.0,19800301,20250824
712020-99999,ROSALIND AGCM,CA,+52.783,-112.433,+0712.0,19800301,20241211
712030-99999,KELOWNA,CA,+49.956,-119.378,+0429.5,19930408,20250824
712040-99999,MANKOTA,CA,+49.100,-107.017,+0830.0,20010903,20250824
712060-99999,BELLA COOLA,CA,+52.388,-126.596,+0035.7,19830707,20250824
712070-99999,SQUAMISH   BC,CA,+49.783,-123.167,+0052.0,19820624,20250824
712080-99999,BIG TROUT LAKE,CA,+53.817,-089.900,+0224.1,19930527,20250824
712081-99999,POWELL RIVER,CA,+49.834,-124.500,+0129.5,20050101,20250824
712090-99999,SANDHEADS CS,CA,+49.100,-123.300,+0011.0,20010705,20250824
712110-99999,HOWE SOUND - PAM ROC,CA,+49.483,-123.300,+0005.0,19961101,20250824
712120-99999,FORET MONTMORENCY RCS  QUE,CA,+47.317,-071.133,+0673.0,20041005,20250824
712130-99999,EARLTON CLIMATE,CA,+47.683,-079.833,+0243.4,20081201,20250824
712140-99999,BODO AGDM  ALTA,CA,+52.117,-110.100,+0687.0,20040824,20240603
712150-99999,OSOYOOS CS  BC,CA,+49.033,-119.433,+0283.0,19950423,20250824
712160-99999,NAKUSP CS  BC,CA,+50.267,-117.817,+0512.1,19950423,20250824
712170-99999,CHAMPION AGDM  ALTA,CA,+50.267,-113.350,+1006.0,20021212,20241211
712180-99999,SALMON ARM CS  BC,CA,+50.700,-119.283,+0351.0,19950423,20250824
712190-99999,HOLLAND ROCK  BC,CA,+54.167,-130.350,+0005.0,20010705,20250824
712200-99999,LUCY ISLAND LIGHTSTATION,CA,+54.296,-130.609,+0022.6,20010705,20250824
712210-99999,CLEARDALE AGDM  ALTA,CA,+56.300,-119.733,+0630.0,20040713,20240514
712220-99999,DEASE LAKE (AUT),CA,+58.433,-130.033,+0802.0,19930829,20250821
712230-99999,CONSORT AGDM  ALTA,CA,+51.933,-110.700,+0772.0,20040824,20240603
712240-99999,DEL BONITA AGDM  ALTA,CA,+49.050,-112.817,+1310.0,20040824,20241211
712250-99999,FOREMOST AGDM  ALTA,CA,+49.483,-111.483,+0881.0,20040824,20240408
712260-99999,HIGH PRAIRIE AGDM  ALTA,CA,+55.383,-116.467,+0602.0,20040824,20241211
712270-99999,HOLDEN AGDM  ALTA,CA,+53.183,-112.233,+0688.0,20040713,20241211
712280-99999,KILLAM AGDM  ALTA,CA,+52.833,-111.867,+0675.0,20040824,20241211
712290-99999,MANNING AGDM  ALTA,CA,+56.967,-117.450,+0457.0,20040824,20241211
712300-99999,BEAVERLODGE RCS  ALTA,CA,+55.200,-119.400,+0745.0,19960816,20250824
712310-99999,BOW ISLAND,CA,+49.733,-111.450,+0817.0,19940201,20250824
712320-99999,BOW VALLEY  ALTA,CA,+51.083,-115.067,+1298.0,19930607,20250824
712330-99999,BRETON PLOTS  ALTA,CA,+53.083,-114.433,+0852.0,20041005,20240509
712340-99999,CLARESHOLM,CA,+50.000,-113.633,+1009.0,19940201,20250824
712350-99999,COP UPPER  ALTA,CA,+51.067,-114.217,+1235.0,19930607,20250824
712360-99999,CROWSNEST  ALTA,CA,+49.617,-114.483,+1303.0,19930607,20250824
712370-99999,DRUMHELLER EAST  ALTA,CA,+51.433,-112.667,+0678.0,20010916,20250824
712380-99999,ELK ISLAND NAT PARK  ALTA,CA,+53.683,-112.867,+0713.7,19930701,20250824
712390-99999,CYORESS RIVER RCS,CA,+49.550,-099.067,+0374.0,19931015,20250824
712400-99999,ESTHER 1  ALTA,CA,+51.667,-110.200,+0707.0,19930607,20250824
712420-99999,LACOMBE CDA 2  ALTA,CA,+52.450,-113.750,+0860.0,19930607,20250824
712430-99999,LETHBRIDGE CDA,CA,+49.700,-112.767,+0910.0,19941201,20250824
712440-99999,MILK RIVER  ALTA,CA,+49.133,-112.050,+1050.0,19930908,20250824
712450-99999,NAKISKA RIDGETOP  ALTA,CA,+50.933,-115.183,+2543.0,19940303,20250824
712460-99999,RED EARTH  ALTA,CA,+56.533,-115.267,+0546.0,19930701,20250824
712480-99999,SUNDRE A  ALTA,CA,+51.767,-114.683,+1114.0,19930607,20250824
712490-99999,THREE HILLS,CA,+51.768,-113.206,+0857.0,19930607,20240514
712500-99999,ST JOHNS WEST CLIMATE,CA,+47.517,-052.783,+0110.0,19940103,20250824
712510-99999,VAUXHALL CDA CS  ALTA,CA,+50.050,-112.133,+0779.0,19930607,20250214
712520-99999,WILLOW CREEK 1  ALTA,CA,+53.383,-118.333,+1402.0,19940414,20250824
712530-99999,GARDEN RIVER  ALTA,CA,+58.700,-113.867,+0241.0,19950423,20250824
712540-99999,CAMROSE  ALTA,CA,+53.033,-112.817,+0739.0,19940101,20250824
712550-99999,MILDRED LAKE  ALTA,CA,+57.033,-111.550,+0310.0,19940101,20250824
712570-99999,MORRIN AGDM  ALTA,CA,+51.650,-112.667,+0836.0,20040824,20240408
712580-99999,OLDS AGDM  ALTA,CA,+51.750,-114.067,+1046.0,20040824,20240412
712590-99999,POLLOCKVILLE AGDM  ALTA,CA,+51.117,-111.700,+0750.0,20040824,20240612
712600-99999,SAULT STE MARIE,CA,+46.485,-084.509,+0192.0,19860425,20250824
712610-99999,GODERICH  ONT,CA,+43.767,-081.717,+0214.0,19811026,20250824
712625-99999,NIAGARA DISTRICT,CA,+43.192,-079.172,+0097.8,19831222,20250824
712630-99999,HAMILTON,CA,+43.174,-079.935,+0237.7,19930520,20250824
712640-99999,SHEARWATER RCS,CA,+44.633,-063.517,+0024.0,20080702,20250824
712650-99999,TORONTO CITY CENTRE / BILLY BISHOP,CA,+43.617,-079.383,+0076.5,19790507,20250824
712670-99999,LETHBRIDGE,CA,+49.633,-112.800,+0929.0,20050101,20250824
712680-99999,SMITHERS AIRPORT AUTO,CA,+54.817,-127.183,+0517.6,20040824,20250824
712690-99999,SCHULER AGDM  ALTA,CA,+50.300,-110.083,+0800.0,20040824,20240429
712710-99999,ATHABASCA AGCM,CA,+54.633,-113.383,+0635.0,19941201,20241211
712720-99999,TADOULE LAKE,CA,+58.700,-098.500,+0281.0,19941201,20250824
712730-99999,LOON LAKE,CA,+54.017,-109.133,+0545.6,19941201,20250824
712740-99999,SMOKY LAKE AGDM  ALTA,CA,+54.267,-112.483,+0680.0,20040913,20240620
712750-99999,ST. PAUL AGDM  ALTA,CA,+54.000,-111.267,+0649.0,20040713,20240313
712760-99999,TWO HILLS AGDM  ALTA,CA,+53.617,-111.667,+0678.0,20040824,20241211
712770-99999,VALLEYVIEW AGDM  ALTA,CA,+55.083,-117.183,+0698.0,20041005,20240424
712780-99999,VERMILLION AGDM  ALTA,CA,+53.333,-110.867,+0623.0,20040824,20241211
712790-99999,SEPT-ILES  QUE,CA,+50.217,-066.250,+0053.0,20040824,20250824
712810-99999,GRENADIER ISLAND  ONT,CA,+44.417,-075.850,+0082.0,19941201,20250824
712820-99999,LAGOON CITY  ONT,CA,+44.533,-079.217,+0221.0,19941201,20250824
712830-99999,BROWNVALE AGCM,CA,+56.117,-117.883,+0748.0,19941201,20241211
712840-99999,BUSBY AGCM,CA,+53.917,-113.917,+0714.0,19941201,20240402
712850-99999,ABEE AGDM  ALTA,CA,+54.283,-112.967,+0664.0,20040824,20240619
712860-99999,ANDREW AGDM  ALTA,CA,+53.917,-112.267,+0625.0,20040824,20241211
712870-99999,ATMORE AGDM  ALTA,CA,+54.767,-112.817,+0574.0,20040824,20240619
712880-99999,CAMBRIDGE BAY GSN  NU,CA,+69.100,-105.133,+0019.0,20040803,20250824
712890-99999,STETTLER AGDM  ALTA,CA,+52.333,-112.583,+0795.0,20040713,20240510
712910-99999,CAMERON FALLS (AUT)  ONT,CA,+49.150,-088.333,+0233.0,20030617,20250824
712920-99999,YORKTON,CA,+51.267,-102.467,+0498.0,20030617,20250824
712930-99999,HALL BEACH,CA,+68.783,-081.250,+0009.1,20090120,20250824
712940-99999,BANCROFT AUTO  ONT,CA,+45.067,-077.867,+0331.0,20010916,20250824
712950-99999,EAR FALLS (AUT),CA,+50.633,-093.217,+0363.0,20030617,20250824
712960-99999,EGBERT CS  ONT,CA,+44.233,-079.783,+0251.0,20040824,20250824
712970-99999,HAMILTON RBG CS  ONT,CA,+43.283,-079.900,+0102.0,20040803,20250824
712980-99999,HARROW CDA AUTO,CA,+42.033,-082.900,+0191.0,20030617,20250824
712990-99999,KAPUSKASING CDA ON  ONT,CA,+49.400,-082.433,+0218.0,20030617,20250824
713000-99999,KEMPTVILLE CS  ONT,CA,+45.000,-075.633,+0099.0,20040824,20250824
713010-99999,KIRKLAND LAKE CS  ONT,CA,+48.150,-080.000,+0324.0,20040921,20250824
713020-99999,PRINCE GEORGE AIRPORT AUTO,CA,+53.883,-122.667,+0680.0,20091127,20250824
713030-99999,POINT PELEE CS  ONT,CA,+41.933,-082.517,+0177.0,20040824,20250824
713040-99999,BEAVER MINES,CA,+49.467,-114.183,+1257.0,20040824,20250824
713041-99999,MOOSE CREEK,CA,+45.250,-074.967,+0085.0,20050101,20250824
713060-99999,INUKJUAK UA,CA,+58.472,-078.077,+0026.2,20040824,20250824
713070-99999,RIDGETOWN RCS  ONT,CA,+42.450,-081.883,+0206.0,20040510,20250824
713080-99999,TRACADIE  NS  NS,CA,+45.600,-061.667,+0067.0,20040713,20250824
713090-99999,MOOSONEE RCS  ONT,CA,+51.150,-080.390,+0010.0,20040921,20250824
713100-99999,ST. PETERS  PEI,CA,+46.450,-062.567,+0030.0,20040608,20250824
713110-99999,NAPPAN AUTO  NS,CA,+45.750,-064.233,+0020.0,20040921,20250824
713120-99999,NIPAWIN  SASK,CA,+53.333,-104.000,+0372.0,20040608,20250824
713130-99999,HAVRE ST PIERRE,CA,+50.283,-063.600,+0037.8,19941201,20250824
713140-99999,BARRIE-ORO,CA,+44.480,-079.550,+0289.0,20040921,20250824
713150-99999,CHARLO AUTO  NB,CA,+47.983,-066.333,+0042.0,20040803,20250824
713160-99999,LACLABICHE CLIMATE  ALTA,CA,+54.767,-112.017,+0567.0,20040608,20250824
713170-99999,DEBERT,CA,+45.417,-063.467,+0038.6,20040921,20250824
713180-99999,CORONATION CLIMATE  ALTA,CA,+52.067,-111.433,+0791.0,20040803,20250824
713190-99999,CHARLEVOIX (MRX),CA,+47.283,-070.633,+0723.0,19971201,20250824
713200-99999,HALL BEACH CLIMATE  NU,CA,+68.767,-081.233,+0008.0,20050201,20250824
713210-99999,IQALUIT CLIMATE  NU,CA,+63.750,-068.550,+0034.0,20050201,20250824
713220-99999,ARVIAT CLIMATE  NU,CA,+61.100,-094.067,+0010.0,20050201,20250824
713230-99999,BEAUCEVILLE  QUE,CA,+46.200,-070.783,+0229.0,19940728,20250824
713240-99999,OSBORNE HEAD DND,CA,+44.617,-063.417,+0030.0,20071016,20250824
713250-99999,BEDFORD RANGE,CA,+44.750,-063.667,+0010.0,20090801,20250824
713260-99999,HALIFAX KOOTENAY,CA,+44.583,-063.550,+0052.0,20130501,20250824
713270-99999,HALIFAX WINDSOR PARK,CA,+44.650,-063.617,+0051.0,20070423,20250824
713280-99999,HALIFAX DOCKYARD,CA,+44.650,-063.580,+0004.0,20130501,20250824
713290-99999,BEDFORD BASIN,CA,+44.700,-063.633,+0004.0,20071016,20250824
713310-99999,ISLAND FALLS (AUT)  SASK,CA,+55.533,-102.350,+0297.0,20041109,20250824
713320-99999,KUGLUKTUK CLIMO,CA,+67.820,-115.120,+0023.0,20041109,20250824
713340-99999,TADOULE LAKE CS  MAN,CA,+58.700,-098.500,+0262.0,20030617,20250824
713360-99999,GRATES COVE,CA,+48.167,-052.933,+0046.0,20040921,20250824
713370-99999,LA SCIE  NFLD,CA,+49.917,-055.667,+0194.0,20040824,20250824
713390-99999,MARYS HARBOUR,CA,+52.300,-055.833,+0012.0,20040803,20250824
713410-99999,BROCKET AGDM  ALTA,CA,+49.617,-113.817,+1073.0,20040510,20240708
713420-99999,OYEN AGDM  ALTA,CA,+51.383,-110.350,+0767.0,20040928,20240503
713430-99999,WRENTHAM AGDM  ALTA,CA,+49.500,-112.117,+0944.0,20040824,20240716
713440-99999,HUSSAR AGDM  ALTA,CA,+51.183,-112.500,+0971.0,20040510,20240527
713450-99999,MASINASIN AGDM,CA,+49.133,-111.650,+0948.0,20040824,20240509
713460-99999,BARNWELL AGDM  ALTA,CA,+49.800,-112.300,+0824.0,20040510,20240402
713470-99999,FAIRVIEW AGDM  ALTA,CA,+56.067,-118.433,+0655.0,20040518,20241211
713480-99999,PEORIA AGDM  ALTA,CA,+55.617,-118.283,+0621.0,20040510,20240417
713490-99999,RICH LAKE AGDM  ALTA,CA,+54.500,-111.700,+0585.0,20040510,20241211
713500-99999,HARRINGTON CDA CS  PEI,CA,+46.350,-063.167,+0053.0,20041005,20250824
713510-99999,OLIVER AGDM  ALTA,CA,+53.650,-113.350,+0665.0,20040510,20241211
713520-99999,ELORA RCS  ONT,CA,+43.650,-080.417,+0376.0,20040608,20250824
713530-99999,PRENTISS ALBERTA  ALTA,CA,+52.433,-113.600,+0965.0,20040608,20240801
713540-99999,MUNDARE AGDM  ALTA,CA,+53.567,-112.300,+0683.0,20040921,20241211
713550-99999,ALERT CLIMATE  NU,CA,+82.500,-062.333,+0065.0,20040803,20250824
713560-99999,BAKER LAKE CLIMATE  NU,CA,+64.317,-096.000,+0051.0,20040921,20250824
713570-99999,QIKIQTARJUAQ CLIMATE,CA,+67.550,-064.030,+0006.0,20050507,20250824
713580-99999,CLYDE RIVER CLIMATE  NU,CA,+70.483,-068.517,+0027.0,20050201,20250824
713590-99999,DEWBERRY AGCM,CA,+53.667,-110.583,+0616.0,20080401,20240314
713600-99999,EDGERTON AGCM,CA,+52.767,-110.417,+0649.0,20071124,20240514
713610-99999,HAY RIVER CLIMATE  NWT,CA,+60.833,-115.767,+0164.0,20040803,20250824
713620-99999,FORT SMITH CLIMATE  NWT,CA,+60.017,-111.917,+0203.0,20040803,20250824
713630-99999,GJOA HAVEN CLIMATE  NU,CA,+68.633,-095.850,+0042.0,20040608,20250824
713640-99999,INUVIK CLIMATE  NWT,CA,+68.317,-133.517,+0103.0,20040608,20250824
713650-99999,FORT SIMPSON CLIMATE  NWT,CA,+61.750,-121.233,+0168.0,20040608,20250824
713670-99999,CORMACK RCS,CA,+49.317,-057.400,+0817.0,20040824,20250824
713680-99999,WATERLOO,CA,+43.461,-080.379,+0321.3,19930520,20250824
713690-99999,SLAVE LAKE,CA,+55.300,-114.783,+0583.0,20040913,20250824
713700-99999,SHAWINIGAN CS  QUE,CA,+46.550,-072.733,+0110.0,20010904,20250824
713710-99999,MONTREAL/ST HUBERT,CA,+45.517,-073.417,+0027.4,19550702,20250824
713720-99999,L'ACADIE  QUE,CA,+45.283,-073.333,+0044.0,19920505,20250824
713730-99999,FRELIGHSBURG  QUE,CA,+45.050,-072.850,+0152.0,19920505,20250824
713740-99999,CAPE WHITTLE  QUE,CA,+50.150,-060.050,+0007.0,19940103,20250824
713750-99999,ILE AUX PERROQUETS  QUE,CA,+50.217,-064.200,+0009.0,19940108,20250824
713760-99999,ST JOVITE  QUE,CA,+46.067,-074.550,+0234.0,19930320,20241021
713770-99999,STE ANNE DE BELLEVUE 1  QUE,CA,+45.417,-073.917,+0039.0,19940201,20250824
713780-99999,LA TUQUE  QUE,CA,+47.400,-072.783,+0169.0,19930701,20250824
713790-99999,NORMANDIN  QUE,CA,+48.833,-072.533,+0137.0,19940201,20250824
713800-99999,CRESTOMERE AGCM,CA,+52.717,-113.900,+0855.0,20080721,20240509
713810-99999,MISTOOK  QUE,CA,+48.583,-071.700,+0113.0,19941201,20250824
713820-99999,PARC DES LAURENTIDES  QUE,CA,+47.550,-071.217,+0791.0,19940201,20250824
713830-99999,BONNARD 1  QUE,CA,+50.717,-071.000,+0498.0,19930112,20250824
713840-99999,CAP TOURMENTE  QUE,CA,+47.067,-070.767,+0006.0,19940201,20250824
713850-99999,ILE BICQUETTE  QUE,CA,+48.400,-068.883,+0007.0,19940103,20250824
713870-99999,ONATCHIWAY  QUE,CA,+48.883,-071.017,+0304.0,20010916,20250824
713880-99999,LA BAIE,CA,+48.300,-070.917,+0152.0,20010916,20250824
713890-99999,DESCHAMBAULT CS  QUE,CA,+46.683,-071.967,+0061.0,20010802,20250824
713900-99999,POINTE NOIRE CS  QUE,CA,+50.150,-066.433,+0024.0,20010916,20250824
713920-99999,STE FOY (U. LAVAL)  QUE,CA,+46.780,-071.283,+0091.0,19971201,20250824
713930-99999,CALGARY INTL CS,CA,+51.100,-114.000,+1081.0,20040921,20250824
713950-99999,HALIFAX INTL / STANFIELD INTL,CA,+44.881,-063.509,+0145.4,19600701,20250824
713970-99999,GREENWOOD,CA,+44.984,-064.917,+0028.0,19550702,20250824
713980-99999,MOOSONEE,CA,+51.283,-080.600,+0009.0,19770701,20250824
713990-99999,SEDALIA AGCM,CA,+51.583,-110.750,+0755.0,19800701,20241211
714000-99999,BADGER (AUT)  NFLD,CA,+48.967,-056.067,+0103.0,19811001,20250821
714010-99999,WARFIELD RCS,CA,+49.117,-117.733,+0566.9,20040823,20250824
714020-99999,TWILLINGATE (AUT)  NFLD,CA,+49.683,-054.800,+0092.0,19850910,20250824
714030-99999,BEAVER ISLAND (AUT)  NS,CA,+44.817,-062.333,+0006.0,19850829,20250824
714040-99999,EGG ISLAND  ALTA,CA,+58.967,-110.433,+0215.0,20030330,20250824
714050-99999,SHONTS AGCM,CA,+53.333,-112.533,+0679.0,19860101,20241211
714060-99999,FEROLLE POINT (AUT)  NFLD,CA,+51.017,-057.100,+0006.0,19850830,20250824
714080-99999,SAGONA ISLAND  NFLD,CA,+47.367,-055.783,+0060.0,19850814,20250824
714090-99999,ETZICOM AGCM,CA,+49.550,-111.050,+0845.0,20080401,20240716
714100-99999,NORWAY HOUSE ARPT,CA,+53.967,-097.833,+0223.0,19770607,20250824
714110-99999,WESTERN HEAD  NS,CA,+43.983,-064.667,+0010.0,19770613,20250824
714120-99999,EAST POINT (AUT)  PEI,CA,+46.450,-061.983,+0008.0,19780801,20250824
714130-99999,SPONDIN AGCM,CA,+51.817,-111.683,+0804.0,19820102,20241211
714140-99999,DUPRE AGCM,CA,+54.367,-110.867,+0556.0,19880622,20241211
714150-99999,CARIBOU POINT (AUT)  NS,CA,+45.767,-062.683,+0002.0,19850811,20250824
714170-99999,ENGLEE (AUT),CA,+50.720,-056.120,+0030.0,19850117,20250824
714180-99999,ST PAUL ISLAND (AUT) - NS,CA,+47.217,-060.133,+0024.0,19870601,20250824
714190-99999,HART ISLAND (AUT)  NS,CA,+45.350,-060.983,+0008.0,19850522,20250824
714210-99999,LAC EON  QUE,CA,+51.867,-063.283,+0589.0,19800319,20250824
714240-99999,ILE D'ORLEANS,CA,+47.000,-070.817,+0003.6,19850701,20250824
714250-99999,CAP MADELEINE  QUE,CA,+49.250,-065.317,+0029.0,19851106,20250824
714260-99999,ILE ROUGE  QUE,CA,+48.067,-069.550,+0006.0,19840921,20250824
714270-99999,POINTE DES MONTS  QUE,CA,+49.317,-067.381,+0005.9,19851210,20250824
714280-99999,CAP CHAT  QUE,CA,+49.100,-066.650,+0005.0,19850910,20250824
714290-99999,CAP D'ESPOIR  QUE,CA,+48.417,-064.317,+0015.0,19850915,20250824
714300-99999,POINT PETRE (AUT)  ONT,CA,+43.833,-077.150,+0079.0,19770611,20250824
714310-99999,COBOURG (AUT)  ONT,CA,+43.950,-078.167,+0078.0,19770611,20250824
714320-99999,PORT WELLER (AUT)  ONT,CA,+43.250,-079.217,+0079.0,19770611,20250824
714330-99999,CARIBOU ISLAND (AUT)  ONT,CA,+47.333,-085.833,+0187.0,19800301,20250824
714340-99999,PEAWANUCK (AUT),CA,+54.983,-085.433,+0053.0,19811007,20250818
714350-99999,UPSALA (AUT)  ONT,CA,+49.033,-090.467,+0489.0,19811026,20250824
714360-99999,PETERBOROUGH,CA,+44.230,-078.363,+0191.4,19801011,20250824
714370-99999,BURLINGTON PIERS (AUT)  ONT,CA,+43.300,-079.800,+0077.0,19910501,20250824
714380-99999,WESTERN ISLAND (AUT)  ONT,CA,+45.033,-080.367,+0191.0,19840607,20250824
714400-99999,STANDARD AGCM,CA,+51.233,-112.983,+0901.0,19770611,20241211
714410-99999,GRETNA (AUT)  MAN,CA,+49.017,-097.550,+0253.0,19811026,20250824
714420-99999,FISHER BRANCH (AUT)  MAN,CA,+51.083,-097.550,+0253.0,19851201,20250824
714430-99999,SWAN RIVER (AUT)  MAN,CA,+52.117,-101.233,+0335.0,19880105,20250824
714440-99999,WASAGAMING  MAN,CA,+50.650,-099.933,+0627.0,19910920,20250824
714450-99999,GEORGE ISLAND (AUT)  MAN,CA,+52.817,-097.600,+0223.0,19840921,20250824
714460-99999,SWIFT CURRENT CDA  SASK,CA,+50.267,-107.733,+0825.0,19910108,20250824
714470-99999,MELITA  MAN,CA,+49.283,-100.983,+0446.0,19900724,20250824
714480-99999,PINAWA  MAN,CA,+50.167,-096.050,+0267.0,19910611,20250824
714490-99999,SPRAGUE,CA,+49.017,-095.600,+0329.0,20010916,20250824
714500-99999,ELBOW CS  SASK,CA,+51.133,-106.583,+0595.0,19810101,20250824
714510-99999,SOUTHEND  SASK,CA,+56.333,-103.283,+0344.0,19900724,20250824
714520-99999,WEYBURN  SASK,CA,+49.700,-103.800,+0589.0,19900111,20250824
714530-99999,MAPLE CREEK  SASK,CA,+49.900,-109.467,+0767.0,19900314,20250824
714540-99999,WASKESIU LAKE  SASK,CA,+53.917,-106.067,+0569.0,19900208,20250824
714550-99999,LUCKY LAKE  SASK,CA,+50.950,-107.150,+0665.0,19910108,20250824
714560-99999,MELFORT  SASK,CA,+52.817,-104.600,+0490.0,19910108,20250824
714570-99999,BROOKS  ALTA,CA,+50.550,-111.850,+0747.0,19910801,20250824
714580-99999,VEGREVILLE  ALTA,CA,+53.517,-112.100,+0639.0,19910801,20250824
714590-99999,LEADER AIRPORT  SASK,CA,+50.900,-109.500,+0676.0,19910822,20250824
714610-99999,EAGLESHAM AGCM,CA,+55.800,-117.883,+0563.0,19840921,20241211
714630-99999,PORT COLBORNE (AUT)  ONT,CA,+42.867,-079.250,+0184.0,19860102,20250824
714640-99999,LONG POINT (AUT),CA,+42.550,-080.050,+0175.0,19860109,20250824
714670-99999,SACHS HARBOUR CLIMATE  NWT,CA,+72.000,-125.267,+0088.0,20050201,20250824
714680-99999,KATATOTA ISLAND,CA,+49.720,-088.330,+0260.0,19921008,20250824
714700-99999,LUPIN CS  CS,CA,+65.750,-111.250,+0488.0,20050119,20250824
714720-99999,KINDAKUN ROCKS (AUT)  BC,CA,+53.300,-132.767,+0014.0,19801001,20250824
714724-99999,MASSET AIRPORT,CA,+54.030,-132.130,+0007.0,20061024,20250613
714730-99999,SATURNA ISLAND  CS,CA,+48.783,-123.033,+0024.0,19800914,20250824
714735-99999,VICTORIA HARBOUR,CA,+48.420,-123.330,+0005.0,19921008,20250824
714750-99999,PORT ALBERNI (AUT)  BC,CA,+49.317,-124.917,+0076.0,19810201,20250824
714760-99999,GREY ISLET (AUT),CA,+54.567,-130.683,+0008.0,19880307,20250824
714770-99999,ROSE SPIT (AUT)  BC,CA,+54.150,-131.650,+0007.0,19860425,20250824
714780-99999,SARTINE ISLAND (AUT),CA,+50.817,-128.900,+0111.0,19850130,20250824
714790-99999,SOLANDER ISLAND (AUT)  BC,CA,+50.100,-127.933,+0099.0,19850102,20250824
714800-99999,NORMAN WELLS CLIMATE,CA,+65.280,-126.750,+0094.0,20050201,20250824
714810-99999,EVANSBURG2 AGCM AB,CA,+53.573,-115.124,+0819.0,19860916,20241211
714820-99999,CATHEDRAL POINT (AUT)  BC,CA,+52.183,-127.467,+0031.0,19850422,20250824
714830-99999,FORT ASSINIBOINE AGCM,CA,+54.400,-114.767,+0676.0,19870710,20240529
714840-99999,BONILLA ISLAND (AUT)  BC,CA,+53.500,-130.633,+0015.0,19860331,20250824
714850-99999,HERBERT ISLAND,CA,+50.933,-127.650,+1605.0,19850102,20250824
714860-99999,JASPER WARDEN  ALTA,CA,+52.933,-118.033,+1020.0,19910801,20250824
714870-99999,ASSINIBOIA AIRPORT  SASK,CA,+49.733,-105.933,+0726.0,19910911,20250824
714880-99999,KEY LAKE A,CA,+57.250,-105.600,+0514.0,19940121,20250824
714890-99999,SCOTT CDA,CA,+52.367,-108.833,+0660.0,20010916,20250824
714900-99999,ROBERTSON LAKE (AUT)  NU,CA,+65.083,-102.417,+0244.0,19800301,20250824
714910-99999,FORT GOOD HOPE CS,CA,+66.233,-128.650,+0082.0,20010916,20250824
714920-99999,TUKTUT NOGAIT  NWT,CA,+69.183,-122.350,+0522.0,20010916,20250824
714930-99999,PARRSBORO,CA,+45.417,-064.350,+0030.9,20050101,20250824
714940-99999,THETFORD MINES RCS,CA,+46.050,-071.267,+0430.0,20070807,20250824
714950-99999,NEIR AGDM,CA,+51.367,-114.083,+1145.0,20040921,20240412
714960-99999,SASKATOON RCS,CA,+52.167,-106.717,+0504.0,19810706,20250824
714970-99999,FORT LIARD  NWT,CA,+60.233,-123.467,+0213.0,19920219,20250824
714980-99999,GLEICHEN AGCM,CA,+50.933,-112.933,+0907.0,19901104,20241211
714990-99999,KEY LAKE,CA,+57.250,-105.617,+0514.0,19910812,20250824
715000-99999,GLENEVIS AGCM,CA,+53.817,-114.533,+0670.0,19860205,20240612
715010-99999,HERSCHEL ISLAND  YT,CA,+69.567,-138.917,+0001.0,19861016,20250824
715020-99999,PELLY ISLAND  NWT,CA,+69.617,-135.433,+0017.0,19861101,20250824
715030-99999,DELINE CS  NWT,CA,+65.217,-123.433,+0213.0,19861101,20250824
715040-99999,THORSBY AGCM,CA,+53.220,-113.900,+0754.0,19880105,20240522
715050-99999,HAINES JUNCTION,CA,+60.767,-137.583,+0595.0,19911106,20250824
715060-99999,ROCK RIVER,CA,+66.983,-136.217,+0731.0,19910611,20250824
715070-99999,HAWK HILLS AGCM,CA,+57.250,-117.283,+0455.0,19910812,20241211
715080-99999,TORONTO CITY  ONT,CA,+43.667,-079.400,+0113.0,20040803,20250824
715090-99999,LETHBRIDGE DEMO FARM AGDM  ALTA,CA,+49.683,-112.750,+0903.0,20040921,20240402
715100-99999,ROSETOWN EAST  SASK,CA,+51.567,-107.917,+0586.0,19910911,20250824
715110-99999,WATROUS EAST  SASK,CA,+51.667,-105.400,+0526.0,19910801,20250824
715120-99999,LONGUE POINTE DE MINGAN QUE,CA,+50.271,-064.226,+0011.0,19940201,20250824
715130-99999,NATASHQUAN A,CA,+50.183,-061.783,+0011.9,19951101,20250824
715140-99999,REGINA RCS  SASK,CA,+50.433,-104.667,+0577.0,19960301,20250824
715150-99999,INDIAN HEAD CDA  SASK,CA,+50.550,-103.650,+0579.0,20010916,20250824
715160-99999,CORONACH SPC  SASK,CA,+49.050,-105.483,+0756.0,19960501,20250824
715170-99999,BLOOD TRIBE AGDM  ALTA,CA,+49.567,-113.050,+0980.0,20040921,20240510
715180-99999,ENCHANT AGDM  ALTA,CA,+50.183,-112.433,+0801.0,20040921,20240403
715200-99999,LAC BENOIT  QUE,CA,+51.533,-071.117,+0549.0,19961101,20250824
715210-99999,MANOUANE EST  QUE,CA,+50.650,-070.517,+0497.0,19941003,20250824
715220-99999,CHUTES DES PASSES  QUE,CA,+49.833,-071.167,+0398.0,19940901,20250824
715230-99999,CHAMOUCHOUANE  QUE,CA,+49.267,-073.350,+0304.0,19941028,20250824
715240-99999,L'ASSOMPTION  QUE,CA,+45.800,-073.433,+0021.0,19941001,20250824
715250-99999,SEVEN PERSONS AGDM  ALTA,CA,+49.917,-110.917,+0766.0,20041005,20241211
715260-99999,STRATHMORE AGDM  ALTA,CA,+51.033,-113.283,+0967.0,20041005,20241211
715270-99999,DRYDEN RGNL,CA,+49.832,-092.744,+0412.7,19620101,20250824
715320-99999,MUSKOKA AWOS  ONT,CA,+44.967,-079.300,+0282.0,20050122,20250824
715330-99999,BELLA COOLA AIRPORT,CA,+52.383,-126.750,+0035.7,20030617,20250824
715350-99999,FINCASTLE AGDM  ALTA,CA,+49.800,-112.033,+0833.0,20040921,20241211
715360-99999,RAYMOND AGDM  ALTA,CA,+49.483,-112.683,+0937.0,20040805,20241211
715370-99999,ROSEMARY AGDM,CA,+50.820,-112.050,+0714.0,20040804,20241211
715380-99999,WINDSOR,CA,+42.276,-082.956,+0189.6,19550702,20250824
715390-99999,MOOSE JAW CS  SASK,CA,+50.317,-105.550,+0577.0,20010916,20250824
715400-99999,HESPERO AGCM,CA,+52.300,-114.483,+0965.0,20080721,20240429
715410-99999,JEAN COTE AGCM,CA,+55.900,-117.117,+0638.0,20080721,20241211
715420-99999,LA CRETE AGCM,CA,+58.167,-116.333,+0323.0,20080721,20241211
715430-99999,LA GLACE AGCM,CA,+55.417,-119.250,+0760.0,20080822,20241211
715440-99999,LEGAL AGCM,CA,+54.000,-113.467,+0680.0,20080721,20240508
715450-99999,RADWAY AGCM,CA,+53.983,-112.867,+0625.0,20080721,20241211
715460-99999,RYCROFT AGCM,CA,+55.767,-118.667,+0575.0,20080721,20240416
715470-99999,SAVANNA AGCM,CA,+56.067,-119.333,+0703.0,20080721,20241211
715480-99999,ST LINA AGCM,CA,+54.267,-111.450,+0619.0,20080721,20240313
715490-99999,TAWATINAW AGCM,CA,+54.283,-113.517,+0611.0,20080721,20240607
715500-99999,DAUPHIN CS  MAN,CA,+51.100,-100.050,+0305.0,19961101,20250824
715510-99999,OUTLOOK PFRA  SASK,CA,+51.483,-107.050,+0541.0,19961101,20250824
715520-99999,VICTORIA BEACH (AUT)  MAN,CA,+50.700,-096.567,+0220.0,19960801,20250824
715530-99999,ROBLIN  MAN,CA,+51.183,-101.367,+0540.0,20010803,20250824
715540-99999,POINTE-AU-PERE (INRS),CA,+48.517,-068.467,+0005.0,20010916,20250824
715550-99999,STAVELY AAFC,CA,+50.183,-113.883,+1364.0,20010916,20250824
715560-99999,LAST MOUNTAIN CS,CA,+51.417,-105.250,+0497.0,20010916,20250824
715570-99999,MERRITT,CA,+50.100,-120.767,+0591.0,19970401,20250824
715580-99999,ST ANTHONY  NFLD,CA,+51.383,-056.100,+0029.0,20030617,20250824
715590-99999,ESTEVAN,CA,+49.217,-102.967,+0580.6,20111128,20250824
715600-99999,EMERSON AUT  MAN,CA,+49.000,-097.233,+0242.0,20010916,20250824
715640-99999,MORDEN CDA CS  MAN,CA,+49.183,-098.083,+0298.0,20010916,20250824
715650-99999,LEEDALE AGDM,CA,+52.550,-114.470,+0947.0,20050322,20240522
715660-99999,TOMAHAWK AGDM,CA,+53.430,-114.720,+0814.0,20050322,20240606
715670-99999,LINDBERGH AGDM,CA,+53.950,-110.580,+0630.0,20050322,20240605
715680-99999,FANNY ISLAND,CA,+50.450,-125.983,+0008.0,20030617,20250824
715690-99999,BRATT'S LAKE UA  SASK,CA,+50.200,-104.700,+0580.0,20010916,20250824
715700-99999,GREAT FALL CLIMO,CA,+50.522,-095.977,+0253.0,20050218,20250824
715720-99999,KELSEY DAM CS  MAN,CA,+56.033,-096.500,+0183.0,20030617,20250824
715730-99999,DELHI CS  ONT,CA,+42.867,-080.550,+0232.0,20010916,20250824
715740-99999,BATHURST,CA,+47.630,-065.739,+0058.8,20040803,20250824
715750-99999,CAPE DORSET CLIMATE,CA,+64.230,-076.530,+0050.0,20050507,20250824
715760-99999,POND INLET CLIMO,CA,+72.700,-077.950,+0065.0,20040803,20250824
715770-99999,GIMLI HARBOUR CS  MAN,CA,+50.617,-096.967,+0217.0,20010916,20250824
715780-99999,BEAUPORT  QUE,CA,+46.833,-071.183,+0010.0,20030617,20250824
715790-99999,WINNIPEG THE FORKS  MAN,CA,+49.883,-097.133,+0230.0,20010916,20250824
715810-99999,ALGONQUIN PARK EAST GATE,CA,+45.533,-078.267,+0397.0,20050201,20250824
715820-99999,BELLA BELLA CAMPBELL,CA,+52.183,-128.150,+0043.0,20030330,20250824
715840-99999,HAVRE ST PIERRE,CA,+50.267,-063.600,+0037.0,20030617,20250824
715850-99999,FORT MCMURRAY CS  ALTA,CA,+56.650,-111.217,+0369.0,20010825,20250824
715860-99999,LA RONGE RCS  SASK,CA,+55.150,-105.267,+0379.0,20010829,20250824
715870-99999,SANDY LAKE A,CA,+53.067,-093.350,+0289.9,20010701,20250824
715880-99999,BERRY HILL,CA,+49.617,-057.917,+0116.0,20010916,20250824
715890-99999,TERRA NOVA NAT PARK CS  NFLD,CA,+48.550,-053.967,+0107.0,20010702,20250824
715900-99999,EDMUNSTON,CA,+47.420,-068.320,+0154.0,20040810,20250824
715901-99999,MALAY FALLS,CA,+44.980,-062.480,+0040.0,20050217,20250824
715910-99999,MCNABS ISLAND (AUT),CA,+44.602,-063.533,+0002.0,20040831,20250824
715920-99999,ARCTIC BAY CS,CA,+73.000,-085.017,+0010.0,20030617,20250824
715925-99999,ARTIC BAY,CA,+73.000,-085.033,+0022.0,20110113,20250529
715970-99999,GJOA HAVEN,CA,+68.636,-095.850,+0046.3,20030617,20250824
715971-99999,GRAND ETANG,CA,+46.550,-061.050,+0033.0,20050101,20250824
715980-99999,BAS CARAQUET  NB,CA,+47.800,-064.833,+0005.0,20030617,20250824
715990-99999,KEJIMKUJIK 1  NS,CA,+44.417,-065.200,+0165.0,19970501,20250824
716010-99999,SHEARWATER,CA,+44.640,-063.499,+0050.9,19540101,20250822
716015-99999,SHEARWATER JETTY,CA,+44.630,-063.520,+0006.0,19860110,20250824
716030-99999,YARMOUTH,CA,+43.827,-066.088,+0043.0,19490101,20250824
716040-99999,NORTH MOUNTAIN CS,CA,+46.817,-060.667,+0439.0,19820101,20250824
716050-99999,PORT MELLON,CA,+49.517,-123.483,+0123.0,20030617,20250824
716070-99999,ST.STEPHEN (AUT),CA,+45.217,-067.250,+0026.0,19820101,20250824
716080-99999,VANCOUVER SEA ISLAND CCG,CA,+49.183,-123.183,+0002.1,19820102,20250824
716090-99999,SAINT JOHN,CA,+45.317,-065.883,+0108.8,19550702,20250824
716100-99999,SHERBROOKE,CA,+45.439,-071.691,+0241.4,19620501,20250824
716110-99999,LENOXVILLE  QUE,CA,+45.367,-071.817,+0181.0,19960301,20250824
716120-99999,MCTAVISH  QUE,CA,+45.500,-073.567,+0073.0,19941201,20250824
716140-99999,STE CLOTHILDE  QUE,CA,+45.167,-073.667,+0053.0,19911101,20250824
716160-99999,LEMIEUX  QUE,CA,+46.300,-072.050,+0097.0,19911106,20250824
716170-99999,JONQUIERE  QUE,CA,+48.417,-071.133,+0128.0,19920106,20250824
716180-99999,CHURCHILL,CA,+58.739,-094.066,+0029.3,19940211,20250824
716190-99999,NEW CARLISLE 1  QUE,CA,+48.012,-065.332,+0046.4,19940201,20250824
716200-99999,KINGSTON,CA,+44.225,-076.597,+0093.0,19820101,20250824
716210-99999,TRENTON,CA,+44.117,-077.533,+0086.3,19550703,20250824
716220-99999,LONDON CS  ONT,CA,+43.033,-081.150,+0278.0,20040803,20250824
716230-99999,LONDON,CA,+43.036,-081.154,+0278.0,19550702,20250824
716240-99999,LESTER B PEARSON INTL,CA,+43.677,-079.631,+0173.4,19500101,20250824
716250-99999,PETAWAWA,CA,+45.952,-077.319,+0130.1,19780101,20250822
716270-94792,MONTREAL/TRUDEAU INT,CA,+45.467,-073.733,+0036.0,19550101,20250824
716278-99999,KUUJJUARAPIK ARPT,CA,+55.283,-077.750,+0010.0,19770701,20250824
716279-99999,GATINEAU,CA,+45.522,-075.564,+0064.3,19800423,20250824
716280-99999,OTTAWA MACDONALD CARTIER INTL,CA,+45.323,-075.669,+0114.0,19500101,20250824
716290-99999,FORT ROSS,CA,+72.017,-094.200,+0010.0,19801015,20250824
716300-99999,MUSKOKA,CA,+44.975,-079.303,+0281.9,19550702,20250824
716310-99999,MOUNT FOREST (AUT)  ONT,CA,+43.983,-080.750,+0415.0,19620101,20250824
716320-99999,LYNN LAKE RCS,CA,+56.850,-101.067,+0354.0,19770701,20250824
716330-99999,WIARTON A,CA,+44.750,-081.100,+0222.2,19500101,20250824
716340-99999,RED PINES,CA,+47.433,-065.583,+0124.0,19930520,20250824
716360-99999,CAMPSIE AUTO,CA,+54.131,-111.678,+0647.0,20140404,20250824
716370-99999,RANFURLY AUTO,CA,+53.417,-111.733,+0687.0,20140404,20250824
716380-99999,SECHELT,CA,+49.450,-123.700,+0086.0,20030917,20250824
716400-99999,LAKE SUPERIOR PROVINCIAL PARK,CA,+47.717,-084.817,+0400.6,20140404,20250824
716420-99999,CHAPLEAU,CA,+47.820,-083.347,+0446.5,19961101,20250824
716440-99999,KELOWNA UBCO,CA,+49.933,-119.400,+0456.0,20140404,20250824
716600-99999,CRANBROOK AIRPORT AUTO,CA,+49.617,-115.783,+0929.7,20140404,20250824
716630-99999,WASECA RCS,CA,+53.133,-109.400,+0640.0,20140404,20250824
716650-99999,NAIN,CA,+56.550,-061.680,+0008.0,20050101,20250824
716670-99999,THUNDER BAY CS,CA,+48.370,-089.320,+0199.0,20050101,20250824
716680-99999,FREDERICKTON CDA CS,CA,+45.920,-066.600,+0035.0,20050724,20250824
716690-99999,PEKISKO,CA,+50.367,-114.417,+1415.0,20050524,20250824
716700-99999,KOUCHIBOUGUAC CS,CA,+46.770,-065.000,+0034.0,20050628,20250824
716710-99999,KENTVILLE CDA,CA,+45.070,-064.480,+0049.0,20050101,20250824
716730-99999,FERINTOSH AGCM,CA,+52.750,-112.850,+0795.0,20080401,20240527
716740-99999,FORESTBURG AGCM,CA,+52.550,-112.117,+0721.0,20071124,20240509
716750-99999,BIG TROUT LAKE,CA,+53.833,-089.867,+0224.0,19941116,20250824
716780-99999,MUSKRAT DAM,CA,+53.433,-091.767,+0277.7,20121116,20250824
716790-99999,OOTSA LAKESKINS LAKE,CA,+53.770,-125.980,+0861.0,20051017,20250824
716800-99999,LOWER CARP LAKE  NWT,CA,+63.600,-113.850,+0373.0,20010916,20240928
716810-99999,ASHCROFT,CA,+50.700,-121.267,+0327.0,20030405,20250824
716820-99999,LINDBURG LANDING  NWT,CA,+61.117,-122.850,+0183.0,20010916,20250824
716830-99999,TRAIL VALLEY  NWT,CA,+68.750,-133.500,+0085.0,20040713,20250824
716840-99999,TIMISKAMING RGNL / EARLTON,CA,+47.700,-079.850,+0243.2,20060101,20250824
716860-99999,DEASE LAKE,CA,+58.417,-130.033,+0802.8,20050101,20250824
716870-99999,WHISTLER-NESTERS,CA,+50.133,-122.950,+0659.0,20050101,20250824
716880-99999,CALLAGHAN VALLEY,CA,+50.150,-123.117,+0884.0,20050405,20250824
716890-99999,FORT MCMURRAY AIRPORT,CA,+56.650,-111.217,+0369.1,20050101,20250824
716900-99999,TEEPEE CREEK AGCM,CA,+55.350,-118.400,+0670.0,20080721,20241211
716910-99999,BAIE COMEAU,CA,+49.133,-068.200,+0021.6,20040928,20250824
716920-99999,MARTICOT ISLAND,CA,+47.333,-054.583,+0022.0,20050921,20250824
716940-99999,BEATRICE CLIMATE,CA,+45.133,-079.400,+0297.0,20051102,20250824
716950-99999,THE PAS CLIMATE,CA,+53.967,-101.100,+0274.0,20051027,20250824
716960-99999,CHURCHILL CLIMATE,CA,+58.720,-094.070,+0029.0,20060201,20250824
716970-99999,OSHAWA,CA,+43.923,-078.895,+0139.9,20080101,20250824
716971-99999,LANSDOWNE HOUSE LWIS,CA,+52.200,-087.930,+0254.0,20061024,20250824
716990-99999,POINT LEPREAU CS,CA,+45.067,-066.450,+0006.0,20040921,20250824
717000-99999,FREDERICTON,CA,+45.867,-066.533,+0020.7,19550702,20250824
717010-99999,GAGETOWN  (CAN-MIL),CA,+45.833,-066.433,+0051.0,19770704,20250822
717020-99999,SUMMERSIDE,CA,+46.433,-063.833,+0012.0,19500101,20250824
717040-99999,SARNIA,CA,+43.000,-082.317,+0181.1,20040321,20250824
717050-99999,GREATER MONCTON ROMEO LEBLANC INTL,CA,+46.112,-064.679,+0070.7,19420101,20250824
717060-99999,CHARLOTTETOWN,CA,+46.283,-063.133,+0048.8,19550702,20250824
717070-99999,SYDNEY A,CA,+46.167,-060.050,+0061.9,19420101,20250824
717080-99999,QUEBEC JEAN LESAGE INTL,CA,+46.791,-071.393,+0074.4,20050104,20250824
717090-99999,ILES DE LA MADELEINE A,CA,+47.417,-061.783,+0010.7,19770701,20250824
717100-99999,ILES DE LA MADELEINE  QUE,CA,+47.417,-061.767,+0008.0,19930701,20250824
717120-99999,ST ANICET 1  QUE,CA,+45.117,-074.283,+0049.0,19940201,20250824
717130-99999,LA POCATIERE  QUE,CA,+47.350,-070.017,+0031.0,19960301,20250824
717140-99999,QUEBEC/JEAN LESAGE INTL  QUE,CA,+46.783,-071.383,+0074.0,19550702,20250824
717150-99999,RIVIERE DU LOUP  QUE,CA,+47.800,-069.533,+0147.0,19770701,20250824
717160-99999,VALCARTIER AIRPORT,CA,+46.900,-071.500,+0168.0,19781030,20250822
717180-99999,MONT JOLI A,CA,+48.600,-068.217,+0052.4,19550702,20250824
717190-99999,MISCOU ISLAND (AUT),CA,+48.017,-064.500,+0004.0,19770701,20250824
717200-99999,POWELL RIVER,CA,+49.833,-124.483,+0125.0,19770701,20250824
717210-99999,MANIWAKI AIRPORT,CA,+46.267,-076.000,+0200.0,19930801,20250824
717230-99999,NICOLET  QUE,CA,+46.217,-072.650,+0008.0,19910611,20250824
717240-99999,TROIS RIVIERES  QUE,CA,+46.350,-072.500,+0006.0,19911106,20250824
717250-99999,VAL D OR,CA,+48.053,-077.783,+0337.4,19550702,20250824
717255-99999,ROUYN NORANDA,CA,+48.206,-078.836,+0301.1,19770701,20250824
717260-99999,PARENT  QUE,CA,+47.917,-074.617,+0445.0,19550702,20250824
717270-99999,BAGOTVILLE,CA,+48.331,-070.996,+0159.1,19500102,20250824
717280-99999,ROBERVAL A,CA,+48.517,-072.267,+0178.6,19571011,20250824
717300-99999,SUDBURY,CA,+46.625,-080.799,+0347.8,19550702,20250824
717310-99999,NORTH BAY,CA,+46.364,-079.423,+0370.3,19500101,20250824
717320-99999,BARRAGE TEMISCAMINGUE,CA,+46.717,-079.100,+0181.0,20010705,20250824
717330-99999,SUDBURY CLIMATE,CA,+46.633,-080.800,+0348.0,19550702,20250824
717340-99999,ROUYN  QUE,CA,+48.233,-079.033,+0318.0,19920505,20250824
717360-99999,PINCHER CREEK CLIMATE,CA,+49.517,-114.000,+1190.0,19921216,20250824
717365-99999,RAWSON LAKE (AUT),CA,+49.650,-093.717,+0435.0,20090923,20250824
717366-99999,ROYAL ISLAND (AUT),CA,+49.467,-094.767,+0329.0,20070628,20250824
717367-99999,NORTHEAST MARGAREE (AUT),CA,+46.367,-060.983,+0046.0,20101115,20250824
717370-99999,SAINT-MICHEL-DES-SAINTS,CA,+46.817,-074.100,+0430.0,20030617,20250824
717380-99999,WAWA,CA,+47.967,-084.787,+0287.1,19770701,20250824
717386-99999,CORNER BROOK,CA,+48.933,-057.917,+0152.0,20090801,20250824
717390-99999,TIMMINS VICTOR M POWER A,CA,+48.570,-081.377,+0294.7,19550702,20250824
717410-99999,KAMLOOPS AUTO,CA,+50.700,-120.450,+0345.0,20061010,20250824
717420-99999,GANDER AIRPORT CS,CA,+48.930,-054.570,+0151.0,20050724,20250824
717430-99999,RIVIERE AUX FEUILLES,CA,+57.920,-072.980,+0171.0,20060403,20250824
717440-99999,MIRAMICHI RCS,CA,+47.017,-065.467,+0033.0,20060101,20250824
717460-99999,SARNIA CLIMATE,CA,+43.000,-082.300,+0181.0,20060201,20250824
717470-99999,ATIKOKAN (AUT)  ONT,CA,+48.750,-091.617,+0389.0,20010916,20250824
717480-99999,GIMLI CLIMATE,CA,+50.633,-097.050,+0230.0,19770701,20250824
717490-99999,THUNDER BAY A,CA,+48.367,-089.333,+0199.0,19550702,20250824
717493-99999,TERRACE BAY AIRPORT,CA,+48.815,-087.092,+0288.0,19820806,20250824
717500-54802,PUKASKWA,CA,+48.583,-086.300,+0208.0,20050101,20250824
717510-99999,WELCOME ISLAND (AUT),CA,+48.367,-089.117,+0211.0,19961101,20250824
717520-99999,WELLAND PELHAM,CA,+42.970,-079.330,+0178.0,20060201,20250824
717530-99999,UPPER STEWIACKE RCS,CA,+45.230,-063.050,+0024.0,20060201,20250824
717540-99999,NORTH BATTLEFORD RCS,CA,+52.770,-108.250,+0548.0,20060201,20250824
717550-99999,MUSKRAT DAM  A,CA,+53.430,-091.770,+0278.0,20060726,20250824
717580-99999,SYDNEY RCS,CA,+46.170,-060.050,+0063.0,20060201,20250824
717650-99999,LYTTON RCS,CA,+50.217,-121.583,+0225.0,20061010,20250824
717660-99999,QUALICUM BEACH AIRPORT,CA,+49.333,-124.400,+0058.0,20080322,20250824
717670-99999,TOBERMORY RCS,CA,+45.233,-081.633,+0214.0,20070228,20250824
717680-99999,SUMMERLAND CS  BC,CA,+49.567,-119.650,+0454.2,19950423,20250824
717690-99999,BALLENAS ISLAND  BC,CA,+49.350,-124.150,+0013.0,19950423,20250824
717700-99999,CRESTON CAMPBELL SCIENTIFIC  BC,CA,+49.083,-116.500,+0646.0,19950423,20250824
717710-99999,CUMSHEWA ISLAND  BC,CA,+53.033,-131.600,+0017.0,20010916,20250824
717720-99999,ENTRANCE ISLAND CS  BC,CA,+49.217,-123.800,+0005.0,19950423,20250824
717730-99999,WHITEHORSE AUTO,CA,+60.717,-135.083,+0707.0,20050728,20250824
717740-99999,MALAHAT  BC,CA,+48.567,-123.517,+0366.0,19950423,20250824
717750-99999,PITT MEADOWS CAMPBELL SCIENTIFIC  BC,CA,+49.200,-122.683,+0005.0,19950423,20250824
717760-99999,NELSON  BC,CA,+49.483,-117.300,+0534.9,19950423,20250824
717770-99999,PEMBERTON AIRPORT  BC,CA,+50.300,-122.733,+0204.0,19950423,20250824
717780-99999,RACE ROCKS CAMPBELL SCIENTIFIC  BC,CA,+48.300,-123.533,+0003.0,19950423,20250824
717790-99999,QUESNEL AIRPORT AUTO,CA,+53.033,-122.500,+0545.0,20050722,20250824
717800-99999,SHERINGHAM POINT  BC,CA,+48.383,-123.917,+0022.0,19950423,20250824
717810-99999,SISTERS ISLAND  BC,CA,+49.483,-124.433,+0020.0,19950423,20250824
717820-99999,SPARWOOD CS  BC,CA,+49.750,-114.883,+1138.0,19950423,20250824
717830-99999,VICTORIA UNIVERSITY CS,CA,+48.450,-123.300,+0060.0,19950423,20250824
717840-99999,WEST VANCOUVER (AUT),CA,+49.350,-123.200,+0168.0,19950423,20250824
717850-99999,WHITE ROCK CAMPBELL SCIENTIFIC  BC,CA,+49.017,-122.767,+0013.0,19950423,20250824
717860-99999,YOHO PARK  BC,CA,+51.450,-116.350,+1602.0,19960501,20250729
717870-99999,MECHANIC SETTLEMENT RCS,CA,+45.700,-065.167,+0403.0,20080101,20250824
717880-99999,GRASSY LAKE,CA,+49.867,-111.733,+0783.0,20070605,20240416
717890-99999,FORT MACLEOD AGCM,CA,+49.783,-113.383,+0978.0,20080401,20241211
717910-99999,GILT EDGE NORTH AGCM,CA,+53.067,-110.617,+0647.0,20071124,20240515
717920-99999,HALKIRK AGCM,CA,+52.117,-112.167,+0843.0,20080401,20241211
717930-99999,HEMARUKA AGCM,CA,+51.783,-111.217,+0780.0,20080401,20241211
717940-99999,HUGHENDEN AGCM,CA,+52.567,-110.783,+0703.0,20080721,20240514
717950-99999,IRVINE AGCM,CA,+49.983,-110.267,+0795.0,20080401,20241211
717960-99999,KESSLER AGCM,CA,+52.283,-111.100,+0720.0,20080721,20241211
717970-99999,KITSCOPTY AGCM,CA,+53.350,-110.417,+0664.0,20080401,20241211
717980-99999,ESQUIMALT HARBOUR,CA,+48.430,-123.430,+0003.0,20030617,20250824
717990-99999,VICTORIA INTL,CA,+48.647,-123.426,+0019.2,19550702,20250824
718000-99999,CAPE RACE (AUT)  NFLD,CA,+46.650,-053.067,+0027.0,19550702,20250824
718010-99999,ST JOHNS INTL,CA,+47.619,-052.752,+0140.5,19410929,20250824
718030-99999,GANDER INTL,CA,+48.937,-054.568,+0151.2,19410630,20250824
718050-99999,SAINT PIERRE,PM,+46.763,-056.176,+0008.2,19770701,20250824
718070-99999,ARGENTIA (AUT),CA,+47.283,-053.983,+0009.0,19450301,20250824
718080-99999,LOURDES DE BLANC SABLON,CA,+51.450,-057.183,+0036.9,19770701,20250824
718090-99999,DEER LAKE A,CA,+49.217,-057.400,+0021.9,19770701,20250824
718100-99999,PORT MENIER  QUE,CA,+49.833,-064.283,+0055.0,19600719,20250824
718110-99999,SEPT-ILES,CA,+50.217,-066.250,+0052.0,19550702,20250824
718130-99999,NATASHQUAN A,CA,+50.183,-061.800,+0011.0,19550702,20250824
718140-99999,CHEVERY  QUE,CA,+50.450,-059.633,+0008.0,19550702,20250824
718150-99999,STEPHENVILLE DYMOND,CA,+48.533,-058.550,+0025.0,19411015,20250603
718160-99999,GOOSE BAY UA,CA,+53.317,-060.417,+0036.0,19420321,20250824
718170-99999,MARYS HARBOUR,CA,+52.300,-055.833,+0012.0,19571001,20250824
718180-99999,CARTWRIGHT,CA,+53.717,-057.033,+0014.0,19550702,20250824
718184-99999,CARTWRIGHT (MAN),CA,+53.683,-057.033,+0012.0,19790131,20250824
718190-99999,ST.ANTHONY,CA,+51.400,-056.067,+0032.9,19550702,20250824
718200-99999,KINGSTON CLIMATE,CA,+44.217,-076.600,+0093.0,19961001,20250824
718210-99999,MATAGAMI A,CA,+49.750,-077.800,+0281.3,19770701,20250824
718220-99999,CHAPAIS,CA,+49.772,-074.528,+0387.1,19770701,20250824
718230-99999,LA GRANDE IV UA,CA,+53.750,-073.683,+0301.0,19851205,20250824
718240-99999,CHAPAIS  QUE,CA,+49.817,-074.967,+0381.0,20040824,20250824
718250-99999,WABUSH,CA,+52.922,-066.864,+0551.1,19601102,20250824
718260-99999,PANGNIRTUNG  NU,CA,+66.150,-065.717,+0023.0,19770701,20250824
718270-99999,LA GRANDE RIVIERE,CA,+53.625,-077.704,+0194.8,19770701,20250824
718280-99999,SCHEFFERVILLE A,CA,+54.800,-066.800,+0520.9,19550702,20250813
718290-99999,BAIE-COMEAU  QC,CA,+49.250,-068.150,+0132.0,19960301,20250824
718310-99999,KAPUSKASING,CA,+49.414,-082.468,+0226.5,19500101,20250824
718320-99999,NAGAGAMI (AUT)  ONT,CA,+49.733,-084.150,+0264.0,19820101,20250824
718340-99999,GERALDTON GREENSTONE REGIONAL,CA,+49.778,-086.939,+0348.7,19820101,20250824
718350-99999,PICKLE LAKE (AUT),CA,+51.450,-090.217,+0391.0,19910801,20250824
718360-99999,MOOSONEE AWOS,CA,+51.283,-080.600,+0009.1,19820101,20250824
718370-99999,ST MARY RESEVOIR,CA,+49.367,-113.117,+1128.0,20070806,20240801
718390-99999,BULLHORN COULEE RESEVOIR,CA,+49.300,-113.367,+1115.0,20090801,20240801
718400-99999,DEERWOOD RCS  MAN,CA,+49.400,-098.317,+0341.0,20041114,20250824
718410-99999,ARMSTRONG (AUT)  ONT,CA,+50.283,-088.900,+0323.0,19500101,20250824
718420-99999,SIOUX LOOKOUT AIRPORT,CA,+50.117,-091.900,+0383.4,19550702,20250824
718428-99999,BERENS RIVER,CA,+52.350,-097.033,+0222.0,20040518,20250822
718429-99999,CHESTERFIELD INLET,CA,+63.333,-090.717,+0011.0,20040510,20250824
718431-99999,KANGIQSUJUAQ / WAKEHAM BAY,CA,+61.583,-071.933,+0151.0,19550702,20250823
718432-99999,AKULIVIK,CA,+60.819,-078.149,+0022.9,20040518,20250824
718433-99999,AUPALUKA,CA,+59.297,-069.983,+0036.9,20040518,20250824
718434-99999,LUTSEL KE,CA,+62.420,-110.670,+0179.0,20040510,20250824
718435-99999,KANGIKSUALUJJUAQ,CA,+58.717,-065.983,+0060.0,20040518,20250824
718436-99999,DE WEMINDJI,CA,+53.017,-078.833,+0015.0,20040510,20250824
718437-99999,RAE LAKES,CA,+64.117,-117.367,+0213.0,20040525,20250824
718442-99999,SALLUIT,CA,+62.179,-075.667,+0232.0,20040713,20250818
718443-99999,EASTMAIN RIVER,CA,+52.233,-078.517,+0007.0,20040713,20250824
718450-99999,PICKLE LAKE  A,CA,+51.450,-090.200,+0386.2,19551027,20250824
718460-99999,LANSDOWNE HOUSE (AUT)  ONT,CA,+52.183,-087.933,+0253.0,19550702,20250824
718480-99999,TRAVERS AGCM,CA,+50.300,-112.867,+0955.0,19550702,20240729
718490-99999,WINNIPEG 'A' CS  MAN,CA,+49.917,-097.233,+0239.0,20010916,20250824
718500-99999,KENORA A,CA,+49.783,-094.367,+0406.0,19550704,20250824
718510-99999,SOUTHPORT,CA,+49.903,-098.274,+0269.7,19550702,20250824
718515-99999,PORTAGE SOUTHPORT,CA,+49.900,-098.267,+0273.0,19950101,20250824
718520-99999,WINNIPEG INTL / JAMES ARMSTRONG RICHARDSON INTL,CA,+49.910,-097.240,+0238.7,19550702,20250824
718540-99999,RED LAKE,CA,+51.067,-093.793,+0385.6,19551102,20250824
718570-99999,TULLIBY LAKE AGCM,CA,+53.650,-110.067,+0596.0,20040120,20240314
718580-99999,GRAND RAPIDS (AUT),CA,+53.183,-099.267,+0223.0,19770701,20250824
718600-99999,CALGARY SPRINGBANK,CA,+51.100,-114.367,+1200.0,20030330,20250824
718610-99999,BROADVIEW  SASK,CA,+50.368,-102.571,+0599.8,19550702,20250824
718620-99999,ESTEVAN A,CA,+49.217,-102.967,+0580.6,19550702,20250824
718630-99999,REGINA INTL,CA,+50.433,-104.667,+0577.3,19550702,20250824
718640-99999,MOOSE JAW AIR VICE MARSHAL C M MCEWEN,CA,+50.330,-105.559,+0576.7,19550702,20250823
718650-99999,WYNYARD (AUT)  SASK,CA,+51.767,-104.200,+0560.0,19550702,20250824
718660-99999,SASKATOON JOHN G DIEFENBAKER INTL,CA,+52.167,-106.700,+0503.8,19550702,20250824
718670-99999,THE PAS AIRPORT,CA,+53.967,-101.100,+0270.4,19421218,20250824
718680-99999,HUDSON BAY  SASK,CA,+52.817,-102.317,+0358.0,19430319,20250824
718690-99999,PRINCE ALBERT GLASS FIELD,CA,+53.214,-105.673,+0428.2,19550702,20250824
718710-99999,LLOYDMINSTER,CA,+53.309,-110.073,+0668.4,19831201,20250824
718720-99999,SVARTEVAEG,CA,+81.167,-091.817,+0072.0,19550702,20250824
718740-99999,BATHURST INLET,CA,+66.833,-108.017,+0005.0,19550702,20250824
718760-99999,NORTH BATTLEFORD,CA,+52.769,-108.244,+0548.3,19400101,20250824
718770-99999,CALGARY INTL,CA,+51.114,-114.020,+1084.2,19550702,20250824
718780-99999,RED DEER REGIONAL,CA,+52.183,-113.900,+0904.6,19550702,20250824
718794-99999,SPARWOOD / ELK VALLEY,CA,+49.750,-114.880,+1138.0,19800423,20250824
718800-99999,CRANBROOK A / CANADIAN ROCKIES INTL,CA,+49.617,-115.783,+0939.4,19770701,20250824
718810-99999,EDSON,CA,+53.579,-116.465,+0926.9,19600202,20250824
718820-99999,REVELSTOKE A,CA,+50.967,-118.183,+0445.0,19550702,20250824
718830-99999,BLUE RIVER,CA,+52.117,-119.283,+0682.8,19770701,20250824
718834-99999,BLUE RIVER CS,CA,+52.130,-119.280,+0683.0,19800216,20250824
718840-99999,CASTLEGAR WEST KOOTENAY RGNL,CA,+49.296,-117.633,+0495.0,19770701,20250824
718850-99999,GLENWOOD,CA,+49.333,-113.517,+1074.0,20071124,20240801
718860-99999,YORKTON,CA,+51.267,-102.467,+0498.4,19550702,20250824
718864-99999,PRINCETON,CA,+49.468,-120.511,+0700.4,19781012,20250824
718870-99999,KAMLOOPS,CA,+50.702,-120.444,+0345.3,19550702,20250824
718880-99999,VIKING AGCM,CA,+53.183,-111.733,+0711.0,19550702,20241211
718890-99999,PENTICTON,CA,+49.463,-119.602,+0344.1,19550702,20250824
718900-99999,NANAIMO,CA,+49.052,-123.870,+0028.3,19550702,20250824
718910-99999,LYTTON,CA,+50.230,-121.580,+0229.0,19550702,20250824
718920-99999,VANCOUVER INTL,CA,+49.194,-123.184,+0004.3,19550702,20250824
718930-99999,COMOX,CA,+49.711,-124.887,+0025.6,19540101,20250824
718936-99999,CAMPBELL RIVER,CA,+49.951,-125.271,+0105.5,19770701,20250824
718940-99999,ESTEVAN POINT CS  BC,CA,+49.383,-126.550,+0007.0,19550702,20250824
718950-99999,WETASKIWIN AGCM,CA,+52.967,-113.433,+0774.0,19770701,20240502
718960-99999,PRINCE GEORGE,CA,+53.889,-122.679,+0691.0,19550702,20250824
718964-99999,WASKAGANISH AIRPORT,CA,+51.483,-078.750,+0023.0,19960401,20250821
718980-99999,PRINCE RUPERT,CA,+54.283,-130.450,+0035.4,19550702,20250824
718990-25343,LANGARA,CA,+54.250,-133.050,+0041.0,19770701,20250824
719000-99999,HOPEDALE (AUT)  NFLD,CA,+55.450,-060.217,+0012.0,19550702,20250824
719020-99999,NAIN AIRPORT,CA,+56.550,-061.683,+0007.0,19840921,20250824
719030-99999,LANGARA ISLAND CS  BC,CA,+54.250,-133.050,+0041.0,20010916,20250824
719035-99999,QUAQTAQ,CA,+61.046,-069.618,+0032.0,20050104,20250824
719040-99999,WIMBORBE AGCM,CA,+51.933,-113.583,+0940.0,19770701,20241211
719043-99999,KANGIRSUK A,CA,+60.033,-070.000,+0123.0,19880621,20250823
719050-99999,MONTREAL INTL MIRABEL,CA,+45.683,-074.033,+0082.3,19560101,20250824
719053-99999,UMIUJAQ,CA,+56.533,-076.517,+0071.0,19930225,20250824
719060-99999,KUUJJUAQ A,CA,+58.100,-068.417,+0039.3,19411105,20250824
719064-99999,TASIUJAQ A,CA,+58.667,-069.950,+0031.0,19920505,20250824
719070-99999,INUKJUAK UA,CA,+58.472,-078.077,+0026.2,19340101,20250824
719074-99999,IVUJIVIK,CA,+62.417,-077.925,+0038.4,19880621,20250824
719077-99999,PUVIRNITUQ,CA,+60.051,-077.287,+0022.6,19930225,20250824
719090-99999,IQALUIT,CA,+63.756,-068.556,+0022.0,19420301,20250824
719094-99999,KIMMIRUT A NWT,CA,+62.850,-069.883,+0053.0,19340101,20250822
719100-99999,CAPE DORSET A,CA,+64.233,-076.533,+0048.0,19770701,20250824
719104-99999,SANIKILUAQ AIRPORT,CA,+56.533,-079.250,+0032.0,19781205,20250823
719120-99999,GILLAM AIRPORT,CA,+56.350,-094.717,+0145.0,19430325,20250823
719140-99999,SATURNA / CAPMON CS,CA,+48.767,-123.117,+0178.0,19770701,20250822
719145-99999,TALOYOAK,CA,+69.547,-093.577,+0028.0,19550702,20250824
719150-99999,CORAL HARBOUR,CA,+64.193,-083.359,+0064.0,19430301,20250824
719160-99999,THOMSEN RIVER,CA,+73.233,-119.533,+0042.0,19500101,20250824
719170-99999,EUREKA,CA,+79.983,-085.933,+0010.0,19470501,20250824
719194-99999,KUGAARUK,CA,+68.534,-089.808,+0017.1,19790131,20250824
719200-99999,BACCARO PT,CA,+43.450,-065.467,+0005.0,19770701,20250824
719220-99999,LA RONGE,CA,+55.151,-105.262,+0378.6,19770701,20250824
719230-99999,ENNADAI LAKE (AUT)  NU,CA,+61.117,-100.883,+0353.0,19550702,20250824
719240-99999,RESOLUTE BAY,CA,+74.717,-094.969,+0065.5,19471011,20250824
719246-99999,GRISE FIORD AIRPORT,CA,+76.417,-082.900,+0045.0,19781116,20250822
719250-99999,CAMBRIDGE BAY UA,CA,+69.108,-105.137,+0031.0,19341001,20250824
719260-99999,BAKER LAKE,CA,+64.299,-096.078,+0019.0,19460201,20250824
719270-99999,NORTH COWICHAN,CA,+48.817,-123.717,+0060.0,19570802,20250824
719280-99999,ROCKY MTN HOUSE (AUT)  ALTA,CA,+52.417,-114.900,+0988.0,19550702,20250824
719300-99999,WHITECOURT A,CA,+54.150,-115.783,+0782.0,19550702,20250824
719310-99999,POOLS ISLAND,CA,+49.100,-053.567,+0019.0,19550702,20250824
719330-99999,FORT ST JAMES AUTO,CA,+54.450,-124.283,+0685.5,19770701,20250824
719340-99999,FORT SMITH UA - NT,CA,+60.017,-111.917,+0204.0,19340101,20250824
719350-99999,HAY RIVER MERLYN CARTER,CA,+60.833,-115.783,+0165.5,19340101,20250824
719360-99999,YELLOWKNIFE,CA,+62.463,-114.440,+0205.7,19420701,20250824
719380-99999,KUGLUKTUK,CA,+67.817,-115.144,+0022.6,19340101,20250824
719400-99999,GRANDE PRAIRIE,CA,+55.180,-118.885,+0669.0,19550702,20250824
719430-99999,FORT ST JOHN,CA,+56.238,-120.740,+0694.9,19420701,20250824
719440-99999,MACKENZIE A,CA,+55.300,-123.133,+0690.0,19770701,20250824
719450-99999,FORT NELSON UA,CA,+58.830,-122.597,+0382.0,19420220,20250824
719455-99999,LONG POND,CA,+47.517,-052.983,+0013.0,19770701,20250823
719460-99999,FORT SIMPSON,CA,+61.760,-121.237,+0169.2,19340101,20250824
719465-99999,WRIGLEY,CA,+63.209,-123.437,+0149.0,19430601,20250815
719470-99999,MATAGAMI,CA,+49.762,-077.803,+0279.8,20050101,20250824
719485-99999,PAULATUK NORA ALIQATCHIALUK RUBEN,CA,+69.361,-124.059,+0005.5,19830725,20250822
719490-99999,FARO (AUT)  YT,CA,+62.233,-133.350,+0717.0,19770701,20250824
719493-99999,FARO,CA,+62.208,-133.376,+0716.6,19840203,20250824
719494-99999,HOLMAN / ULUKHAKTOK,CA,+70.763,-117.806,+0035.7,19500101,20250821
719500-99999,SMITHERS,CA,+54.825,-127.183,+0521.8,19550702,20250824
719510-99999,TERRACE,CA,+54.469,-128.576,+0217.3,19550702,20250824
719520-25272,BURNS LAKE CAMPBELL,CA,+54.383,-125.950,+0714.0,20050101,20250824
719530-99999,WATSON LAKE,CA,+60.116,-128.823,+0687.3,19420401,20250824
719540-26394,FLIN FLON,CA,+54.683,-101.683,+0304.0,19950101,20250824
719550-99999,STEWART,CA,+55.933,-129.983,+0007.3,19770701,20250824
719560-99999,GORE BAY CLIMATE,CA,+45.883,-082.567,+0194.0,19770701,20250824
719570-99999,INUVIK MIKE ZUBKO,CA,+68.304,-133.483,+0068.3,19581113,20250824
719574-99999,FORT MCPHERSON,CA,+67.408,-134.861,+0035.4,19781205,20250824
719575-99999,AKLAVIK / FREDDIE CARMICHAEL,CA,+68.223,-135.006,+0006.4,19781205,20250824
719576-99999,FORT NORMAN AIRPORT,CA,+64.917,-125.567,+0098.0,19340101,20250822
719595-99999,TUKTOYAKTUK / JAMES GRUBEN,CA,+69.433,-133.026,+0004.6,19770701,20250824
719620-99999,FORT FRANCES RCS,CA,+48.650,-093.433,+0342.0,20080429,20250824
719630-99999,HANBURY RIVER  NWT,CA,+63.600,-105.133,+0317.0,19930607,20250824
719640-99999,WHITEHORSE INTL / ERIK NIELSEN INTL,CA,+60.714,-135.076,+0707.0,19401001,20250824
719650-99999,MAYO,CA,+63.616,-135.868,+0503.8,19340101,20250824
719660-99999,DAWSON CITY,CA,+64.043,-139.128,+0370.3,19340101,20250824
719664-99999,DAWSON,CA,+64.050,-139.130,+0370.0,19880226,20250824
719665-99999,OLD CROW,CA,+67.571,-139.839,+0251.2,19770701,20250824
719670-99999,SAINT GERMAIN DE GRANTHAM,CA,+45.817,-072.533,+0085.0,19440128,20250824
719675-99999,BEAVER CREEK ARPT,CA,+62.417,-140.867,+0649.0,19430820,20250824
719700-99999,MEADOW LAKE - SK,CA,+54.123,-108.519,+0481.0,20071124,20250824
719710-99999,GRISE FIORD CLIMATE,CA,+76.417,-082.900,+0045.0,20080401,20250824
719730-99999,CORNER BROOK,CA,+48.933,-057.917,+0152.0,20080401,20250824
719740-99999,AULVIK NATIONAL PARK,CA,+74.130,-119.980,+0032.0,19961101,20250824
719760-99999,PARC NATIONAL DES PINGUALUIT,CA,+61.300,-073.667,+0503.0,19950827,20250824
719770-99999,MARGARET LAKE,CA,+68.800,-140.850,+0568.0,19950423,20250824
719780-99999,IVVAVIK NAT. PARK  YT,CA,+69.150,-140.150,+0244.0,19950901,20250824
719790-99999,HENDRICKSON CREEK,CA,+53.800,-118.450,+1448.0,19950901,20250824
719800-99999,RABBIT KETTLE  NWT,CA,+61.950,-127.200,+0618.0,19951001,20250824
719810-99999,AZURE,CA,+50.500,-114.000,+1143.0,19941201,20241211
719820-99999,BLACK DIAMOND,CA,+50.700,-114.150,+1156.0,19950901,20241211
719830-99999,REA POINT  NU,CA,+75.367,-105.717,+0015.0,19950430,20250824
719840-99999,PAULATUK  NWT,CA,+69.350,-124.067,+0006.0,19940901,20250824
719860-99999,ATLEE,CA,+50.800,-111.000,+0795.0,19951001,20241211
719870-99999,NORTH POINT  PEI,CA,+47.050,-063.983,+0008.0,20030330,20250824
719880-99999,BRIER ISLAND,CA,+44.283,-066.350,+0016.0,20030617,20250824
719890-99999,MOULD BAY CS  NWT,CA,+76.233,-119.333,+0002.0,20010916,20250824
719900-99999,MACMILLAN PASS,CA,+63.250,-130.033,+1379.0,20030617,20250824
719990-99999,LILLOOET,CA,+50.683,-121.933,+0235.0,20040928,20250824
720110-53983,LLANO MUNICIPAL AIRPORT,US,+30.784,-098.662,+0335.9,20050101,20250826
720113-54829,OAKLAND/TROY AIRPORT,US,+42.543,-083.178,+0218.2,20050101,20250825
720120-63837,HILTON HEAD AIRPORT,US,+32.217,-080.700,+0007.3,20060101,20250826
720129-99999,AUSTIN ARPT,US,+39.468,-117.197,+1748.1,20170510,20250824
720137-04867,MORS MUNI-J.R. WSBRN FD AP,US,+41.425,-088.419,+0178.0,20060101,20250825
720151-03049,ALPINE-CASPARIS MUNI ARPT,US,+30.383,-103.683,+1375.6,20060101,20250825
720168-99999,COVINGTON MUNI,US,+35.583,-089.587,+0085.3,20170427,20250824
720169-00116,WASHINGTON REGIONAL AIRPORT,US,+38.583,-091.000,+0149.1,20120209,20250825
720170-63851,METROPOLIS MUNICIPAL AIRPORT,US,+37.186,-088.751,+0117.0,20060101,20250825
720171-99999,WILLIAM L WHITEHURST FLD,US,+35.214,-089.043,+0152.1,20160804,20250824
720172-53996,MENA INTERMOUNTAIN MUNICIPAL AIRPORT,US,+34.545,-094.203,+0328.9,20060101,20250825
720175-53919,MONTCELO MUNI/ELLIS FLD AP,US,+33.636,-091.756,+0085.0,20050101,20250827
720193-00117,LONNIE POOL FIELD WEAVERVILLE AIRPORT,US,+40.747,-122.922,+0716.3,20101030,20250825
720198-54813,MUNISING LAKESHORE,US,+46.412,-086.650,+0186.5,20060101,20250827
720202-00118,TILLAMOOK AIRPORT,US,+45.417,-123.817,+0011.3,20050103,20250826
720254-00119,CHEHALIS CENTRALIA AIRPORT,US,+46.683,-122.983,+0054.3,20070216,20250825
720255-99999,MIAMI MUNI,US,+36.909,-094.888,+0246.3,20190828,20250824
720257-63835,EARLY COUNTY AIRPORT,US,+31.397,-084.895,+0065.2,20060101,20250826
720258-04997,ISEDOR IVERSON AIRPORT,US,+46.619,-093.310,+0374.3,20060101,20250825
720261-53976,BRIDGEPORT MUNICIPAL ARPT,US,+33.175,-097.828,+0259.4,20060101,20250826
720263-63834,ELBERT CO-PATZ FLD AIRPORT,US,+34.095,-082.816,+0183.8,20050101,20250825
720265-63833,THOMAS C RUSSELL FLD ARPT,US,+32.915,-085.963,+0209.1,20060101,20250825
720266-54809,WARSAW MUNICIPAL AIRPORT,US,+41.275,-085.840,+0259.1,20060101,20250825
720267-23224,AUBURN MUNICIPAL AIRPORT,US,+38.955,-121.082,+0466.7,20060101,20250825
720268-53882,DCATR CO INDUS AIRPK ARPT,US,+30.983,-084.633,+0043.0,20060101,20250826
720269-12982,BROOKS COUNTY AIRPORT,US,+27.207,-098.121,+0034.1,20060101,20250825
720271-03044,BIG SRNG MCMHN-WRKLE ARPT,US,+32.213,-101.521,+0784.3,20060101,20250825
720272-94282,SKAGIT REGIONAL AIRPORT,US,+48.467,-122.417,+0042.7,20060101,20250825
720273-12981,BAY CITY MUNICIPAL AIRPORT,US,+28.973,-095.863,+0013.7,20060101,20250826
720274-93799,COLUMBUS CO MUNICIPAL ARPT,US,+34.273,-078.715,+0029.9,20060101,20250825
720275-04872,TOLEDO SUBURBAN AIRPORT,US,+41.736,-083.655,+0203.9,20060101,20250825
720276-12983,EDINBURG INTL AIRPORT,US,+26.442,-098.129,+0024.4,20060101,20250826
720277-63843,SHELBY MUNICIPAL AIRPORT,US,+35.256,-081.601,+0258.2,20060101,20250825
720278-03704,EMPORIA-GRENVLE RGNL ARPT,US,+36.687,-077.483,+0038.7,20060101,20250826
720279-03705,CURTIS L BROWN JR FLD ARPT,US,+34.602,-078.578,+0040.5,20060101,20250825
720282-03736,FIRST FLIGHT AIRPORT,US,+36.018,-075.671,+0004.0,20060101,20250825
720283-04927,FILLMORE COUNTY AIRPORT,US,+43.677,-092.180,+0388.9,20060101,20250825
720284-04877,FITCH H BEACH AIRPORT,US,+42.574,-084.811,+0267.6,20060101,20250825
720285-03734,MIDDLE PENINSULA REGIONAL AIRPORT,US,+37.521,-076.765,+0007.3,20060101,20250825
720286-53977,GRANBURY MUNICIPAL ARPT,US,+32.444,-097.817,+0237.1,20060101,20250825
720287-53967,GRAYSON COUNTY AIRPORT,US,+33.714,-096.674,+0228.3,20060101,20250825
720288-03711,HENDERSON-OXFORD AIRPORT,US,+36.361,-078.529,+0160.6,20060101,20250825
720289-63836,THOMSON-MCDUFFIE CO ARPT,US,+33.530,-082.516,+0151.8,20050101,20250825
720291-53970,MESQUITE METROPOLITAN ARPT,US,+32.747,-096.531,+0136.3,20060101,20250825
720293-04989,INDEPENDENCE MUNICIPAL APT,US,+42.453,-091.948,+0298.1,20060101,20250825
720294-53898,WASHINGTON-WILKES CO ARPT,US,+33.780,-082.816,+0196.6,20061028,20250825
720295-53972,HILLSBORO MUNICIPAL ARPT,US,+32.084,-097.097,+0208.8,20060101,20250825
720296-53945,JASPER COUNTY-BELL FLD APT,US,+30.886,-094.035,+0064.9,20060101,20250826
720297-03730,WILLIAMSBURG-JAMESTOWN APT,US,+37.239,-076.716,+0014.9,20060101,20250825
720298-53971,CHEROKEE COUNTY AIRPORT,US,+31.869,-095.218,+0206.4,20060101,20250825
720299-53966,MID-WAY REGIONAL AIRPORT,US,+32.456,-096.913,+0228.3,20060101,20250825
720301-63846,PLANTATION AIRPARK,US,+32.646,-081.596,+0057.3,20060101,20250826
720303-53973,HEARNE MUNICIPAL AIRPORT,US,+30.872,-096.622,+0086.9,20060101,20250825
720304-64752,WINGS FIELD AIRPORT,US,+40.100,-075.267,+0092.1,20050101,20250825
720305-53964,DECATUR MUNICIPAL AIRPORT,US,+33.254,-097.581,+0319.1,20060101,20250825
720306-53879,LEE'S SUMMIT MUNICIPAL APT,US,+38.958,-094.371,+0304.8,20060101,20250825
720307-63804,MADISON CO EXECUTIVE ARPT,US,+34.861,-086.557,+0230.1,20060101,20250825
720308-04992,MILLARD AIRPORT,US,+41.196,-096.112,+0319.7,20060101,20250825
720309-04947,MOUNT PLEASANT MUNI ARPT,US,+40.947,-091.511,+0223.7,20060101,20250825
720311-53962,MOUNT PLEASANT RGNL ARPT,US,+33.096,-094.961,+0110.6,20060101,20250826
720312-04964,PELLA MUNICIPAL AIRPORT,US,+41.400,-092.946,+0269.8,20060101,20250825
720313-03052,PERRY LEFORS FIELD AIRPORT,US,+35.613,-100.996,+0989.1,20060101,20250825
720314-93983,PALESTINE MUNICIPAL ARPT,US,+31.780,-095.706,+0128.9,20060101,20250825
720315-03045,PERRYTON OCHILTREE CO ARPT,US,+36.414,-100.750,+0889.4,20060101,20250825
720316-12984,NUECES COUNTY ARIPORT,US,+27.779,-097.691,+0024.1,20060101,20250825
720317-03735,STAFFORD REGIONAL AIRPORT,US,+38.398,-077.456,+0064.6,20060101,20250826
720318-53965,GRAHAM MUNICIPAL AIRPORT,US,+33.110,-098.555,+0342.3,20060101,20250825
720319-63841,ROBINSON MUNICIPAL AIRPORT,US,+39.016,-087.650,+0140.8,20060101,20250702
720320-53981,CLEBURNE MUNICIPAL AIRPORT,US,+32.354,-097.434,+0260.3,20060101,20250825
720321-04893,CHEBOYGAN COUNTY AIRPORT,US,+45.654,-084.519,+0193.6,20060101,20250825
720322-04129,SANDPOINT AIRPORT,US,+48.299,-116.560,+0648.3,20060101,20250825
720323-93947,GILLESPIE CO,US,+30.243,-098.910,+0516.6,20060101,20250825
720324-64753,QUAKERTOWN AIRPORT,US,+40.435,-075.382,+0160.3,20060101,20250825
720326-04981,VINTON VETERANS MEMORIAL AIRPARK AIRPORT,US,+42.219,-092.026,+0257.6,20060101,20250825
720327-04995,MENOMONIE MUNICIPAL AIRPORT-SCORE FIELD,US,+44.892,-091.868,+0272.8,20060101,20250825
720328-63832,UPSHUR COUNTY RGNL AIRPORT,US,+39.000,-080.274,+0498.4,20060101,20250826
720329-99999,CABLE,US,+34.112,-117.688,+0438.6,20171207,20250824
720330-63853,MOUNT CARMEL MUNICIPAL AIRPORT,US,+38.607,-087.727,+0161.2,20060101,20250825
720331-99999,KENNETT MEM,US,+36.226,-090.037,+0079.9,20151210,20250824
720332-99999,HAROLD DAVIDSON FLD,US,+42.765,-096.934,+0349.6,20241126,20250824
720333-53175,CORONA MUNICIPAL AIRPORT,US,+33.898,-117.602,+0162.5,20060907,20250825
720334-93764,GAITHERSBURG MONTGOMERY COUNTY AIR PARK,US,+39.167,-077.167,+0164.3,20071017,20250825
720338-99999,FORT SCOTT MUNI,US,+37.798,-094.769,+0279.8,20220519,20250824
720339-00121,RYAN FIELD AIRPORT,US,+32.150,-111.167,+0737.0,20071115,20250825
720340-54818,FRANKFORT DOW MEMORIAL FIELD AIRPORT,US,+44.626,-086.201,+0192.6,20060101,20250826
720342-53947,WATONGA AIRPORT,US,+35.864,-098.421,+0471.8,20060101,20250826
720343-54852,WAUPACA MUNICIPAL AIRPORT,US,+44.333,-089.020,+0251.8,20060101,20250825
720344-54920,CHEROKEE MUNICIPAL AIRPORT/,US,+42.732,-095.556,+0373.7,20060101,20250826
720345-94086,RALPH WENZ FIELD AIRPORT,US,+42.796,-109.807,+2159.8,20060101,20250825
720346-53991,ALLEN PARISH AIRPORT,US,+30.750,-092.688,+0032.6,20050408,20250826
720347-63877,GREENE COUNTY REGIONAL AIRPORT,US,+33.598,-083.139,+0206.4,20060101,20250825
720348-63886,BALDWIN COUNTY AIRPORT,US,+33.154,-083.241,+0117.0,20060101,20250825
720351-54919,OSKALOOSA MUNICIPAL AIRPORT,US,+41.226,-092.491,+0256.0,20060101,20250825
720352-99999,MISSISSIPPI CANYON,US,+28.170,-089.220,+0001.0,20050507,20250418
720353-63875,MIDDLESBORO-BELL COUNTY AIRPORT,US,+36.611,-083.738,+0351.7,20060101,20250825
720354-63901,ALTUS/QUARTZ MOUNTAIN REGIONAL AIRPORT,US,+34.699,-099.338,+0436.8,20050524,20250825
720355-03732,GREATER CUMBERLAND REGIONAL AIRPORT,US,+39.600,-078.767,+0236.2,20060428,20250826
720356-13999,CLINTON REGIONAL AIRPORT,US,+35.538,-098.933,+0492.6,20050611,20250826
720357-53993,CUSHING MUNICIPAL AIRPORT,US,+35.950,-096.773,+0279.2,20060101,20250826
720358-53999,EL RENO REGIONAL AIRPORT,US,+35.473,-098.006,+0431.9,20050817,20250825
720359-23902,SEMINOLE MUNICIPAL AIRPORT,US,+35.275,-096.675,+0312.1,20050611,20250826
720361-63870,FLORALA MUNI,US,+31.043,-086.312,+0095.7,20060511,20250827
720362-63874,MAC CRENSHAW MEMORIAL AIRPORT,US,+31.847,-086.614,+0134.9,20060901,20250827
720363-63872,WEEDON FIELD AIRPORT,US,+31.952,-085.131,+0086.8,20060901,20250827
720365-24267,BROOKINGS AIRPORT,US,+42.074,-124.290,+0139.9,20050802,20250825
720367-54927,PAYNESVILLE MUNICIPAL AP,US,+45.372,-094.746,+0359.7,20050812,20250825
720368-54924,SLAYTON MUNICIPAL AIRPORT,US,+43.987,-095.783,+0494.7,20050811,20250731
720369-04135,DRIGGS-REED MEMORIAL AIRPORT,US,+43.743,-111.098,+1898.6,20061024,20250825
720371-54850,HREE RIVERS MUNICIPAL DR HAINES AIRPORT,US,+41.960,-085.593,+0251.2,20061024,20250826
720373-92824,PLANT CITY MUNICIPAL AIRPORT,US,+28.000,-082.164,+0046.9,20061024,20250825
720374-92825,PETER O KNIGHT AIRPORT,US,+27.916,-082.449,+0002.4,20061024,20250723
720375-54844,DRUMMOND ISLAND AIRPORT,US,+46.007,-083.743,+0202.7,20060831,20250825
720376-63880,THE ALBERTVILLE MUNI ARPT-THOMAS J BRUMLIK FLD,US,+34.229,-086.256,+0314.6,20060403,20250501
720377-13917,NEWPORT MUNICIPAL AIRPORT,US,+35.633,-091.167,+0072.9,20060501,20250825
720378-00122,NEW CASTLE MUNICIPAL AIRPORT,US,+41.033,-080.417,+0327.1,20060501,20250825
720379-63882,WAYNE COUNTY AIRPORT,US,+36.855,-084.856,+0293.5,20060501,20250826
720381-63885,JACK EDWARDS AIRPORT,US,+30.291,-087.672,+0004.9,20060501,20250825
720382-00123,ST MICHAEL AIRPORT,US,+63.490,-162.110,+0028.0,20060501,20250826
720383-53847,WHITING FIELD NAVAL AIR STATION-SOUTH,US,+30.697,-087.021,+0049.9,20070116,20250825
720384-00124,BAY BRIDGE AIRPORT,US,+38.967,-076.333,+0005.2,20070401,20250825
720385-00419,BERTHOUD PASS,US,+39.800,-105.766,+4113.3,20070401,20250823
720386-00125,WILLMAR MUNICIPAL AIRPORT JOHN L RICE FIELD,US,+45.117,-095.133,+0344.1,20070724,20250825
720388-00469,PIERCE COUNTY AIRPORT THUN FIELD,US,+47.104,-122.287,+0164.3,20070401,20250825
720391-00127,BEEVILLE MUNICIPAL AIRPORT,US,+28.350,-097.717,+0082.3,20070625,20250825
720392-00128,HOMERVILLE AIRPORT,US,+31.056,-082.767,+0057.3,20070521,20250826
720393-00129,HEREFORD MUNICIPAL AIRPORT,US,+34.850,-102.333,+1153.1,20070521,20250825
720394-00428,DEXTER B FLORENCE MEMORIAL FIELD AIRPORT,US,+34.100,-093.066,+0055.8,20130501,20250825
720395-00130,PLEASANTON MUNICIPAL AIRPORT,US,+28.950,-098.517,+0131.1,20070521,20250825
720397-00131,OHIO UNIVERSITY AIRPORT SNYDER FIELD,US,+39.217,-082.233,+0233.2,20070521,20250825
720401-00133,CLINTON MUNICIPAL AIRPORT,US,+35.600,-092.450,+0157.3,20070628,20250825
720404-00134,KICKAPOO DOWNTOWN AIRPORT,US,+33.850,-098.483,+0304.2,20071114,20250825
720405-00436,BLAIR MUNICIPAL AIRPORT,US,+41.412,-096.109,+0395.9,20090101,20250825
720406-00135,GNOSS FIELD AIRPORT,US,+38.150,-122.550,+0001.2,20140731,20250825
720407-00462,OCEAN COUNTY AIRPORT,US,+39.928,-074.292,+0025.0,20071114,20250826
720408-00136,CHESTER COUNTY GO CARLSON AIRPORT,US,+39.983,-075.867,+0201.2,20071203,20250825
720409-99999,BLAIRSVILLE AIRPORT,US,+34.850,-083.983,+0582.0,20080101,20250824
720411-00137,ANGEL FIRE AIRPORT,US,+36.422,-105.290,+2554.2,20090101,20250826
720412-54943,PERRY MUNICIPAL AIRPORT,US,+41.828,-094.160,+0308.8,20090101,20250825
720413-00138,POSEY FIELD AIRPORT,US,+34.267,-087.600,+0284.1,20090101,20250825
720414-00139,KNOX COUNTY AIRPORT,US,+40.333,-082.517,+0363.0,20090101,20250824
720415-00140,FREMONT MUNICIPAL AIRPORT,US,+43.433,-086.000,+0253.3,20090101,20250826
720417-99999,JOHNSON (STANTON CO MUNI),US,+37.583,-101.733,+1013.5,20160302,20250824
720421-03043,ATWOOD-RAWLNS CO CTY CO AP,US,+39.840,-101.042,+0911.7,20201015,20250826
720422-03037,SHALTZ FIELD AIRPORT,US,+39.428,-101.046,+0971.1,20120403,20250826
720423-99999,WELLINGTON MUNI,US,+37.324,-097.388,+0388.0,20220130,20250824
720425-99999,HUGOTON MUNI,US,+37.163,-101.371,+0954.9,20151020,20250824
720426-00141,INDEPENDENT MUNICIPAL AIRPORT,US,+37.158,-095.778,+0251.2,20100604,20250825
720432-99999,MCPHERSON,US,+38.352,-097.691,+0456.3,20220509,20250824
720433-99999,NORTON MUNI,US,+39.850,-099.895,+0726.3,20181017,20250801
720434-99999,OAKLEY MUNI,US,+39.110,-100.816,+0928.1,20190425,20250824
720435-99999,PHILLIPSBURG MUNI,US,+39.736,-099.317,+0581.3,20250108,20250824
720436-00142,ATKINSON MUNICIPAL AIRPORT,US,+37.450,-094.733,+0290.2,20100113,20250826
720437-00143,CHEYENNE COUNTY MUNICIPAL AIRPORT,US,+39.767,-101.800,+1040.3,20120423,20250826
720438-99999,SCOTT CITY MUNI,US,+38.474,-100.885,+0903.1,20190429,20250824
720439-99999,ULYSSES,US,+37.604,-101.374,+0934.8,20180524,20250824
720445-99999,CAMPBELLVILLE / TAYLOR CO,US,+37.358,-085.309,+0280.7,20180719,20250824
720446-99999,SAMUELS FLD / BARDSTOWN,US,+37.814,-085.500,+0203.9,20171207,20250824
720447-00437,KYLE OAKLEY FIELD AIRPORT,US,+36.665,-088.373,+0176.2,20101109,20250825
720448-00144,STUART POWELL FIELD AIRPORT,US,+37.578,-084.770,+0312.1,20090101,20250825
720449-99999,ASHLAND RGNL,US,+38.555,-082.738,+0166.4,20140813,20250824
720451-99999,ADDINGTON FLD,US,+37.686,-085.925,+0236.2,20161110,20250824
720452-99999,FLEMING/MASON AIRPORT,US,+38.542,-083.743,+0278.3,20140307,20250824
720453-99999,HOPKINSVILLE CHRISTIAN CO,US,+36.857,-087.455,+0171.9,20230425,20250824
720455-00145,MADISON AIRPORT,US,+37.633,-084.333,+0305.1,20101216,20250824
720456-00146,MOUNT STERLING MONTGOMERY COUNTY AIRPORT,US,+38.067,-083.983,+0311.2,20120531,20250825
720457-99999,WENDELL H FORD ARPT,US,+37.387,-083.262,+0383.0,20200430,20250824
720458-00476,BIG SANDY REGIONAL AIRPORT,US,+37.751,-082.637,+0372.5,20120531,20250825
720464-99999,PIKE CO HATCHER FLD,US,+37.562,-082.566,+0449.0,20140923,20250824
720465-99999,WILLIAMSBURG (WHITLEY CO ARPT),US,+36.800,-084.200,+0358.8,20160302,20250824
720467-00148,GEORGE R CARR MEMORIAL AIR FIELD,US,+30.817,-089.867,+0036.6,20120824,20250825
720468-00466,ST LANDRY PARISH AIRPORT AHART FIELD,US,+30.558,-092.099,+0023.2,20130502,20250825
720472-99999,STEVEN A BEAN MUNI,US,+44.992,-070.665,+0556.3,20170116,20250824
720475-99999,NORTHWEST MISSOURI RGNL,US,+40.353,-094.915,+0350.5,20170105,20250824
720476-00455,HANNIBAL REGIONAL AIRPORT,US,+39.725,-091.444,+0234.7,20121115,20250825
720477-99999,FLOYD W JONES LEBANON,US,+37.648,-092.652,+0402.6,20170630,20250824
720478-99999,LAWRENCE SMITH MEM,US,+38.611,-094.342,+0278.9,20161216,20250821
720479-00149,MONETT MUNICIPAL AIRPORT,US,+36.900,-094.017,+0401.1,20090201,20250825
720481-03817,MALDEN FAA AIRPORT,US,+36.600,-089.983,+0092.1,20200110,20250824
720482-99999,OMAR N BRADLEY,US,+39.464,-092.427,+0264.3,20170924,20250824
720483-99999,MARSHALL MEM MUNI,US,+39.096,-093.203,+0237.4,20141202,20250824
720484-99999,MEXICO MEM,US,+39.158,-091.818,+0250.9,20160426,20250824
720487-99999,WARSAW MUNI,US,+38.347,-093.345,+0285.3,20170908,20250824
720488-99999,SIKESTON MEM MUNI,US,+36.899,-089.562,+0096.0,20150128,20250824
720489-99999,SULLIVAN RGNL,US,+38.233,-091.164,+0284.4,20221109,20250824
720491-00150,GWINNER ROGER MELROE FIELD AIRPORT,US,+46.217,-097.633,+0386.2,20140701,20250825
720492-00151,CALEDONIA COUNTY AIRPORT,US,+44.567,-072.017,+0362.1,20090101,20250825
720493-54758,NEWPORT AP,US,+44.883,-072.233,+0278.9,20090101,20250826
720494-00152,FRANKLIN COUNTY STATE AIRPORT,US,+44.933,-073.100,+0070.1,20080401,20250826
720498-00153,CHESTERFIELD COUNTY AIRPORT,US,+37.400,-077.517,+0072.2,20100517,20250826
720499-00154,HAMPTON ROADS EXECUTIVE AIRPORT,US,+36.783,-076.450,+0007.0,20110503,20250825
720501-00155,TAPPAHANNOCK ESSEX COUNTY AIRPORT,US,+37.850,-076.883,+0041.2,20090101,20250825
720504-99999,TALLADEGA MUNI,US,+33.570,-086.051,+0160.9,20120106,20250824
720505-00156,WALKER COUNTY AIRPORT BEVILL FIELD,US,+33.902,-087.314,+0147.2,20110207,20250825
720507-99999,BESSEMER AIPORT,US,+33.313,-086.926,+0213.1,20160714,20250824
720508-99999,MERKEL FLD SYLACAUGA MUNI,US,+33.172,-086.306,+0173.4,20140114,20250824
720511-99999,BRITTON MUNI,US,+45.815,-097.743,+0401.7,20210914,20250824
720516-99999,AFTON LINCOLN CO GEN BOYD L EDDINS FLD,US,+42.711,-110.942,+1896.2,20131113,20250824
720517-24165,KEMMERER MUNICIPAL AIRPORT,US,+41.824,-110.557,+2220.5,20130627,20250826
720518-00449,FORT BRIDGER AIRPORT,US,+41.393,-110.406,+2145.5,20130801,20250826
720519-99999,POWELL MUNI,US,+44.867,-108.793,+1552.0,20140707,20250824
720521-00475,SHIVELY FIELD AIRPORT,US,+41.444,-106.828,+2138.5,20130502,20250825
720522-00443,DUBOIS MUNICIPAL AIRPORT,US,+43.548,-109.690,+2224.1,20130514,20250825
720528-03064,CENTRAL COLORADO REGIONAL AP,US,+38.698,-106.070,+2421.9,20100401,20250825
720529-00429,HOPKINS FIELD AIRPORT,US,+38.239,-108.563,+1810.5,20121206,20250731
720531-00158,BLAKE FIELD AIRPORT,US,+38.783,-108.067,+1583.1,20120209,20250826
720532-00159,HARRIET ALEXANDER FIELD AIRPORT,US,+38.533,-106.050,+2294.2,20091121,20250826
720533-00160,BOULDER MUNICIPAL AIRPORT,US,+40.033,-105.217,+1612.1,20100201,20250825
720534-00161,ERIE MUNICIPAL AIRPORT,US,+40.017,-105.050,+1564.2,20140701,20250825
720535-00162,FORT MORGAN MUNICIPAL AIRPORT,US,+40.333,-103.800,+1393.2,20120726,20250825
720536-99999,GRANBY GRAND CO,US,+40.090,-105.917,+2500.3,20170703,20250824
720537-00163,HOLYOKE AIRPORT,US,+40.567,-102.267,+1137.2,20101129,20250822
720538-00164,VANCE BRAND AIRPORT,US,+40.167,-105.167,+1541.1,20101202,20250825
720539-00165,STEVENS FIELD AIRPORT,US,+37.283,-107.050,+2335.1,20091001,20250825
720541-53806,OXFORD UNIV,US,+34.383,-089.550,+0137.8,20090101,20250825
720542-00166,LAGO VISTA RUSTY ALLEN AIRPORT,US,+30.500,-097.967,+0375.2,20090101,20250825
720543-00167,DE KALB COUNTY AIRPORT,US,+41.300,-085.067,+0268.2,20090101,20250825
720544-00168,STERLING MUNICIPAL AIRPORT,US,+40.617,-103.267,+1231.1,20101129,20250826
720545-00169,CHESTER AIRPORT,US,+41.384,-072.506,+0127.1,20090101,20250826
720549-00171,CARSON AIRPORT,US,+39.183,-119.733,+1432.3,20100714,20250825
720551-99999,MINDEN TAHOE AIRPORT,US,+39.000,-119.751,+1440.5,20140523,20250823
720553-99999,PORT AUTH DOWNTN MANHATTAN WALL ST HEL,US,+40.701,-074.009,+0002.1,20160720,20250824
720558-03977,ELK CITY MUNICIPAL AP,US,+35.433,-099.400,+0610.2,20140530,20250826
720559-00172,STAN STAMPER MUNICIPAL AIRPORT,US,+34.033,-095.533,+0174.0,20120202,20250825
720561-00467,WILLIAM R POUGE MUNICIPAL AIRPORT,US,+36.175,-096.152,+0272.2,20130822,20250825
720565-99999,HEBER CITY / HEBER VALLEY MUNICIPAL AIRPORT,US,+40.482,-111.429,+1718.2,20100412,20250824
720567-24180,BRIGHAM CITY AIRPORT,US,+41.552,-112.062,+1288.1,20140724,20250825
720568-99999,FILLMORE MUNI,US,+38.967,-112.367,+1521.0,20230712,20250824
720569-99999,KANAB MUNI,US,+37.011,-112.531,+1483.8,20130813,20250402
720572-99999,BOLINDER FIELD TOOELE VALLEY,US,+40.612,-112.351,+1316.1,20150506,20250824
720575-00173,INDIANAPOLIS EXECUTIVE AIRPORT,US,+40.031,-086.251,+0281.0,20140101,20250825
720576-00174,UNIVERSITY AIRPORT,US,+38.533,-121.783,+0021.0,20090102,20250825
720577-00175,RUSK COUNTY AIRPORT,US,+32.150,-094.850,+0135.0,20090109,20250825
720578-00176,STEPHENS COUNTY AIRPORT,US,+32.717,-098.892,+0391.1,20090101,20250825
720579-99999,LAJITAS INTL ARPT,US,+29.278,-103.687,+0802.0,20080825,20250824
720581-00178,LINDEN AIRPORT,US,+40.617,-074.250,+0007.0,20170101,20250825
720584-00181,ZAPATA COUNTY AIRPORT,US,+26.967,-099.250,+0129.2,20090101,20250825
720586-00183,PLATTEVILLE MUNICIPAL AIRPORT,US,+42.683,-090.450,+0312.1,20090101,20250825
720587-00184,ABBEVILLE CHRIS CRUSTA MEMORIAL AIRPORT,US,+29.976,-092.084,+0015.2,20090101,20250824
720589-00185,SHAWANO MUNICIPAL AIRPORT,US,+44.783,-088.550,+0248.1,20090201,20250825
720592-00186,H L SONNY CALLAHAN AIRPORT,US,+30.460,-087.877,+0028.0,20090101,20250825
720593-00187,STARKE COUNTY AIRPORT,US,+41.333,-086.667,+0208.2,20090101,20250825
720594-00188,HOUSTON DUNN HELISTOP,US,+29.717,-095.383,+0069.2,20090101,20250825
720596-00189,NEWBERRY COUNTY AIRPORT,US,+34.300,-081.633,+0173.1,20090105,20250826
720597-00190,LAURENS COUNTY AIRPORT,US,+34.500,-081.950,+0212.1,20090105,20250825
720598-00191,BERKELEY COUNTY AIRPORT,US,+33.183,-080.033,+0022.3,20090105,20250825
720599-00192,CHESTER CATAWBA REGIONAL AIRPORT,US,+34.783,-081.200,+0200.3,20090105,20250825
720601-00193,AIKEN MUNICIPAL AIRPORT,US,+33.650,-081.683,+0161.2,20090105,20250825
720602-00194,BARNWELL REGIONAL AIRPORT,US,+33.250,-081.383,+0075.3,20090105,20250825
720603-00195,WOODWARD FIELD AIRPORT,US,+34.283,-080.567,+0092.1,20090105,20250825
720604-00196,WILLIAMSBURG REGIONAL AIRPORT,US,+33.717,-079.850,+0020.1,20090105,20250825
720605-00197,CHERAW MUNICIPAL LYNCH BELLINGER FIELD,US,+34.717,-079.950,+0073.2,20090105,20250825
720606-00198,CHARLESTON EXECUTIVE AIRPORT,US,+32.701,-080.003,+0005.2,20130101,20250825
720607-00199,LANCASTER COUNTY MC WHIRTER FIELD AIRPORT,US,+34.717,-080.850,+0148.1,20090105,20250826
720608-00200,MARION COUNTY AIRPORT,US,+34.181,-079.335,+0028.0,20090105,20250825
720609-00201,LOWCOUNTRY REGIONAL AIRPORT,US,+32.917,-080.633,+0031.1,20130101,20250825
720611-00202,SUMTER AIRPORT,US,+34.000,-080.367,+0055.2,20090105,20250826
720612-00203,BEAUFORT COUNTY AIRPORT,US,+32.412,-080.634,+0038.1,20090120,20250825
720613-00204,CONWAY HORRY COUNTY AIRPORT,US,+33.828,-079.122,+0010.1,20090510,20250825
720614-00205,LINCOLN REGIONAL AIRPORT KARL HARDER FIELD,US,+38.909,-121.351,+0037.2,20090510,20250825
720615-00206,COLUMBIA AIRPORT,US,+38.033,-120.417,+0646.2,20090120,20250825
720616-00207,BRANSON AIRPORT,US,+36.533,-093.200,+0397.2,20090201,20250825
720617-00208,HOUSTON EXECUTIVE AIRPORT,US,+29.800,-095.900,+0051.2,20090204,20250826
720619-99999,FRANCIS E WARREN AFB HELIPORT,US,+41.133,-104.867,+1877.6,20090423,20250824
720624-00211,MADISON MUNICIPAL AIRPORT,US,+44.016,-097.086,+0523.0,20090312,20250825
720625-00212,BLACKWELL TONKAWA MUNICIPAL AIRPORT,US,+36.750,-097.350,+0314.3,20090312,20250826
720626-00213,PAMPA MESA VISTA AIRPORT,US,+35.883,-101.033,+0845.2,20090326,20250826
720627-00214,STIGLER REGIONAL AIRPORT,US,+35.283,-095.100,+0183.2,20090312,20250825
720628-00215,CLARENCE E PAGE MUNICIPAL AIRPORT,US,+35.483,-097.817,+0413.0,20090326,20250826
720629-00216,JACK BARSTOW AIRPORT,US,+43.663,-084.261,+0194.2,20090406,20250825
720631-00217,MARLBORO COUNTY JETPORT H E AVENT FIELD,US,+34.617,-079.733,+0045.1,20090420,20250825
720632-00218,SUMMERVILLE AIRPORT,US,+33.063,-080.279,+0017.1,20090404,20250825
720633-00219,HARTSVILLE REGIONAL AIRPORT,US,+34.400,-080.117,+0111.3,20090403,20250825
720634-00220,FAIRFIELD COUNTY AIRPORT,US,+34.315,-081.109,+0176.2,20090421,20250825
720635-00221,H A CLARK MEMORIAL FIELD AIRPORT,US,+35.300,-112.200,+2035.2,20090508,20250825
720636-00222,CLINTON MEMORIAL AIRPORT,US,+38.350,-093.683,+0251.2,20090511,20250825
720637-00223,HOUSTON SOUTHWEST AIRPORT,US,+29.500,-095.477,+0021.0,20090601,20250826
720638-00224,BEND MUNICIPAL AIRPORT,US,+44.095,-121.200,+1055.2,20090524,20250825
720639-00225,HORSESHOE BAY RESORT AIRPORT,US,+30.533,-098.367,+0333.2,20090605,20250825
720641-99999,SCHRIEVER AFB,US,+38.800,-104.517,+1899.5,20121018,20250824
720642-99999,CHEYENNE MTN AS,US,+38.750,-104.850,+2114.0,20121120,20250824
720643-54940,FOREST CITY MUNICIPAL AIRPORT,US,+43.235,-093.624,+0374.6,20090714,20250825
720644-00226,BUCKEYE MUNICIPAL AIRPORT,US,+33.417,-112.683,+0311.2,20130101,20250826
720645-00227,PLACERVILLE AIRPORT,US,+38.717,-120.750,+0787.3,20090711,20250825
720646-00228,HALF MOON BAY AIRPORT,US,+37.513,-122.501,+0020.1,20090717,20250825
720647-00229,LAMPASAS AIRPORT,US,+31.106,-098.196,+0370.0,20090719,20250825
720648-00230,AUSTIN EXECUTIVE AIRPORT,US,+30.395,-097.567,+0188.1,20090722,20250826
720649-00231,HALIFAX NORTHAMPTON REGIONAL AIRPORT,US,+36.330,-077.635,+0044.2,20090722,20250826
720651-00232,UNION COUNTY AIRPORT,US,+40.225,-083.352,+0311.2,20090721,20250825
720652-00433,BRIDGEPORT SONORA JUNCTION,US,+38.356,-119.519,+2057.1,20090827,20250826
720655-00235,CRYSTAL RIVER AIRPORT,US,+28.867,-082.567,+0003.1,20090812,20250825
720659-00239,OZONA MUNICIPAL AIRPORT,US,+30.735,-101.203,+0726.0,20091118,20250825
720665-00243,MAGNOLIA OIL PLATFORM,US,+27.200,-092.200,+0224.0,20091229,20250822
720669-00247,GUNNISON OIL PLATFORM,US,+27.300,-093.533,+0224.0,20091229,20250811
720671-00248,JESUP WAYNE COUNTY AIRPORT,US,+31.554,-081.883,+0033.2,20100112,20250826
720672-00485,FLAGLER COUNTY EXECUTIVE AIRPORT,US,+29.467,-081.206,+0010.1,20091103,20250825
720674-00249,WEST GEORGIA REGIONAL AIRPORT O V GRAY FIELD,US,+33.633,-085.150,+0354.2,20100129,20250826
720681-99999,CALAVERAS CO MAURY RASMUSSEN FLD,US,+38.146,-120.648,+0403.9,20160526,20250824
720684-99999,PHIFER AFLD,US,+42.050,-104.933,+1455.1,20160331,20250824
720687-99999,HEMET RYAN,US,+33.733,-117.017,+0460.9,20191121,20250824
720696-99999,LONE PINE,US,+36.588,-118.052,+1121.7,20250123,20250824
720699-03724,CARROLL CO RGNL/JJACK B POAGE FIELD AIRPORT,US,+39.608,-077.008,+0240.5,20110101,20250825
720701-54942,OSCEOLA MUNICIPAL AIRPORT,US,+41.052,-093.689,+0339.9,20100304,20250825
720705-99999,JAMES A. RHODES AIRPORT,US,+38.981,-082.578,+0221.0,20190502,20250824
720708-53849,RANGE B,US,+32.800,-088.833,+0164.6,20200713,20250825
720709-99999,PUTNAM COUNTY AIRPORT,US,+41.036,-083.982,+0232.6,20160909,20250824
720712-00250,HENRY TIFT MYERS AIRPORT,US,+31.429,-083.489,+0108.2,20100804,20250825
720713-00251,DARKE COUNTY AIRPORT,US,+40.204,-084.532,+0307.2,20100308,20250821
720714-00252,PAULDING NORTHWEST ATLANTA AIRPORT,US,+33.912,-084.941,+0393.2,20100425,20250825
720717-00442,WEST DELTA 27A,US,+29.117,-089.550,+0036.3,20100503,20240211
720724-99999,BELEN RGNL ARPT,US,+34.646,-106.836,+1584.8,20100503,20250824
720729-00435,BRAZOS 451 OILP,US,+28.500,-095.716,+0034.1,20100518,20250825
720734-00264,NAMPA MUNICIPAL AIRPORT,US,+43.581,-116.523,+0773.3,20100514,20250825
720735-73805,NORTHWEST FLORIDA BEACHES INTL ARPT,US,+30.349,-085.788,+0017.1,20110301,20250825
720736-00265,FULTON COUNTY AIRPORT,US,+41.066,-086.182,+0241.1,20100607,20250825
720737-00266,CARRINGTON MUNICIPAL AIRPORT,US,+47.451,-099.151,+0490.1,20100610,20250825
720738-00267,THOMASVILLE REGIONAL AIRPORT,US,+30.902,-083.881,+0080.2,20100610,20250826
720739-00268,MINDEN AIRPORT,US,+32.646,-093.298,+0085.0,20110501,20250825
720741-00269,BOULDER MUNICIPAL AIRPORT,US,+35.947,-114.861,+0671.2,20100624,20250825
720742-00270,FAITH RANCH AIRPORT,US,+28.209,-100.019,+0236.2,20100630,20250825
720744-00271,PICKENS COUNTY AIRPORT,US,+34.817,-082.700,+0309.1,20100721,20250826
720745-00272,BOOMVANG SPUR OIL PLATFORM,US,+27.350,-094.633,+0101.2,20100727,20250825
720747-99999,ELK MOUNTAIN,US,+41.733,-106.467,+2225.0,20100914,20250824
720749-24255,WHIDBEY ISLAND NAS,US,+48.350,-122.667,+0014.3,20050101,20250825
720759-99999,RAVALLI COUNTY AIRPORT,US,+46.255,-114.125,+1111.0,20190410,20250824
720768-00274,LEE COUNTY AIRPORT,US,+36.654,-083.218,+0430.1,20100921,20250825
720769-00275,GEORGE M BRYAN AIRPORT,US,+33.433,-088.849,+0101.2,20130101,20250825
720771-00276,COLEMAN MUNICIPAL AIRPORT,US,+31.841,-099.404,+0517.3,20100930,20250825
720775-99999,ELLINGTON,US,+35.507,-086.804,+0218.5,20180403,20250824
720776-99999,HESLER NOBLE FLD,US,+31.673,-089.172,+0072.5,20121118,20250824
720777-99999,LAWRENCEVILLE BRUNSWICK MUNI,US,+36.773,-077.794,+0100.3,20140625,20250824
720779-00461,MEXIA LIMESTONE COUNTY AIRPORT,US,+31.641,-096.514,+0166.1,20130829,20250825
720781-99999,LYONS RICE CO MUNI,US,+38.343,-098.227,+0515.4,20180719,20250824
720787-00278,JOHN BELL WILLIAMS AIRPORT,US,+32.304,-090.411,+0075.3,20110402,20250825
720806-99999,PANOLA CO SHARPE FLD,US,+32.176,-094.299,+0075.6,20190920,20250824
720827-99999,CARLISLE MUNI,US,+34.808,-091.712,+0073.2,20240807,20250824
720835-99999,MADELINE ISLAND,US,+46.789,-090.759,+0197.8,20161111,20250824
720837-99999,JOSEPH STATE,US,+45.360,-117.254,+1256.1,20200805,20250824
720839-00279,RENO STEAD AIRPORT,US,+39.667,-119.876,+1540.2,20110921,20250825
720844-99999,SPANISH PEAKS,US,+37.697,-104.785,+1844.0,20210302,20250824
720846-99999,ANTELOPE CO,US,+42.112,-098.039,+0529.7,20241031,20250824
720852-00280,MEADOW LAKE AIRPORT,US,+38.946,-104.570,+2095.2,20101201,20250826
720853-00281,ROLLA MUNICIPAL AIRPORT,US,+48.884,-099.621,+0555.0,20101118,20250825
720854-00282,BEACH AIRPORT,US,+46.925,-103.982,+0840.0,20101118,20250825
720855-00283,CAVALIER MUNICIPAL AIRPORT,US,+48.784,-097.632,+0272.2,20101118,20250825
720856-00284,SCOTTSBORO MUNICIPAL AIRPORT WORD FIELD,US,+34.689,-086.006,+0198.1,20101130,20250825
720858-00285,CANDO MUNICIPAL AIRPORT,US,+48.480,-099.236,+0450.2,20101118,20250808
720859-00286,BLACK RIVER FALLS AREA AIRPORT,US,+44.251,-090.855,+0255.1,20101118,20250825
720861-00287,CROSBY MUNICIPAL AIRPORT,US,+48.929,-103.297,+0594.1,20101118,20250825
720863-00289,TIOGA MUNICIPAL AIRPORT,US,+48.381,-102.898,+0691.0,20101118,20250825
720864-00290,TARBORO EDGECOMBE AIRPORT,US,+35.937,-077.547,+0016.2,20101122,20250826
720865-00291,HUTSON FIELD AIRPORT,US,+48.405,-097.371,+0251.2,20101118,20250825
720866-00292,MERCER COUNTY REGIONAL AIRPORT,US,+47.290,-101.581,+0553.2,20101118,20250825
720867-00293,RUGBY MUNICIPAL AIRPORT,US,+48.390,-100.024,+0472.1,20101210,20250822
720868-00294,WATFORD CITY MUNICIPAL AIRPORT,US,+47.796,-103.254,+0643.1,20101210,20250825
720869-00295,JESSE VIERTEL MEMORIAL AIRPORT,US,+38.947,-092.683,+0218.2,20101203,20250826
720871-00296,MANDAN MUNICIPAL AIRPORT,US,+46.768,-100.894,+0593.1,20101118,20250825
720887-00297,MANITOWISH WATERS AIRPORT,US,+46.117,-089.883,+0491.0,20111215,20250825
720895-99999,GLEN ULLIN REGIONAL,US,+46.813,-101.860,+0636.7,20131016,20250824
720897-99999,MONROE WALTON CO,US,+33.782,-083.693,+0264.3,20170817,20250824
720902-00298,DUPONT LAPEER AIRPORT,US,+43.067,-083.267,+0254.2,20130101,20250825
720903-00441,DAVIESS COUNTY AIRPORT,US,+38.700,-087.130,+0143.3,20130826,20250825
720904-00299,DELAND MUNICIPAL AIRPORT SIDNEY H TAYLOR FIELD,US,+29.067,-081.283,+0024.1,20120209,20250825
720907-99999,CAMPBELL CO,US,+36.335,-084.162,+0359.7,20150608,20250616
720909-00300,STANLEY MUNICIPAL AIRPORT,US,+48.301,-102.406,+0684.3,20101207,20250825
720911-00301,BARNES COUNTY MUNICIPAL AIRPORT,US,+46.942,-098.018,+0427.0,20101215,20250825
720912-00302,VIOSCA KNOLL 768 OIL PLATFORM,US,+29.233,-087.783,+0053.0,20110112,20250825
720913-00303,SALSA,US,+27.833,-091.983,+0030.2,20110113,20250821
720916-00453,GREEN CANYON 338,US,+27.630,-090.450,+0058.2,20110113,20250825
720923-00310,BOUNDARY COUNTY AIRPORT,US,+48.726,-116.295,+0711.1,20110118,20250825
720924-00311,ROSCOE TURNER AIRPORT,US,+34.915,-088.604,+0130.2,20110125,20250825
720925-00312,ATLANTIS OIL PLATFORM,US,+27.200,-090.033,+0050.3,20110310,20250825
720926-00313,BEAUMONT MUNICIPAL AIRPORT,US,+30.071,-094.216,+0010.1,20110310,20250825
720927-00314,FLETCHER FIELD AIRPORT,US,+34.300,-090.512,+0053.0,20110311,20250825
720928-00315,DELAWARE MUNICIPAL JIM MOORE FIELD AIRPORT,US,+40.280,-083.115,+0288.0,20110315,20250826
720929-00316,CUMERLAND MUNICIPAL AIRPORT,US,+45.506,-091.981,+0378.3,20110309,20250825
720932-00317,BROOKHAVEN LINCOLN COUNTY AIRPORT,US,+31.606,-090.409,+0149.1,20110402,20250825
720933-00318,LINTON MUNICIPAL AIRPORT,US,+46.218,-100.245,+0542.2,20110513,20250825
720942-00323,WAHOO MUNICIPAL AIRPORT,US,+41.233,-096.600,+0373.1,20110517,20250825
720943-00431,HARRISON COUNTY AIRPORT,US,+32.521,-094.308,+0108.8,20110518,20250825
720944-00324,BELLEFONTAINE REGIONAL AIRPORT,US,+40.367,-083.817,+0342.3,20110512,20250823
720946-00326,FERNANDINA BEACH MUNICIPAL AIRPORT,US,+30.617,-081.467,+0005.2,20110512,20250825
720948-00328,JIMMY CARTER REGIONAL AIRPORT,US,+32.110,-084.189,+0142.7,20110711,20250825
720949-00329,CAMDENTON MEMORIAL AIRPORT,US,+37.974,-092.691,+0324.0,20110630,20250824
720951-00330,EAST GEORGIA REGIONAL AIRPORT,US,+32.609,-082.370,+0100.3,20110704,20250825
720952-99999,GRAY BUTTE FLD,US,+34.564,-117.675,+0920.5,20110825,20250213
720954-00456,ALAMINOS CANYON,US,+26.933,-094.683,+0025.3,20110824,20250825
720961-00336,LOGANSPORT CASS COUNTY AIRPORT,US,+40.711,-086.375,+0225.3,20111028,20250825
720962-00337,HEART OF GEORGIA REGIONAL AIRPORT,US,+32.214,-083.128,+0093.3,20111102,20250826
720964-00338,TYNDALL DRONE RUNWAY,US,+30.033,-085.533,+0005.2,20120125,20250825
720965-13910,DYESS AIR FORCE BASE,US,+32.433,-099.850,+0545.0,20050103,20250825
720966-00339,GRIFFIN SPALDING COUNTY AIRPORT,US,+33.227,-084.275,+0292.3,20111118,20250617
720967-00457,FALSE RIVER REGIONAL AIRPORT,US,+30.718,-091.479,+0012.2,20111221,20250825
720968-00340,SILER CITY MUNICIPAL AIRPORT,US,+35.704,-079.504,+0187.2,20111215,20250824
720971-00342,SOUTH PASS,US,+42.517,-108.783,+2588.1,20120130,20240904
720972-99999,ST MARY HOSPITAL HELIPORT,US,+44.017,-092.483,+0355.0,20111201,20250824
720974-00344,WINCHESTER MUNICIPAL AIRPORT,US,+35.178,-086.066,+0298.1,20120209,20250826
720976-00345,LORDSBURG MUNICIPAL AIRPORT,US,+32.333,-108.691,+1304.2,20120215,20250825
720977-99999,ALPHA (BURNS),US,+41.333,-104.267,+1667.3,20130226,20250824
720978-99999,BRAVO (PINE BLUFFS),US,+41.517,-104.000,+1607.2,20130226,20250824
720979-99999,CHARLIE (GERING),US,+41.583,-103.667,+1371.0,20130226,20250824
720981-99999,DELTA (KIMBALL),US,+41.367,-103.800,+1546.0,20130731,20250824
720982-99999,ECHO (PINE BLUFFS),US,+41.117,-103.983,+1609.3,20131218,20250824
720983-99999,FOXTROT (DIX),US,+41.367,-103.483,+1453.0,20141215,20250824
720984-99999,GOLF (SIDNEY),US,+41.217,-103.100,+1333.5,20140514,20250824
720985-99999,HOTEL (GURLEY),US,+41.317,-102.833,+1262.8,20130816,20250824
720986-99999,INDIA (SIDNEY),US,+41.050,-102.867,+1293.0,20130828,20250824
720987-99999,JULIET (PEETZ),US,+40.967,-103.200,+1380.1,20130829,20250824
720988-99999,KILO (DIX),US,+41.133,-103.483,+1439.3,20141215,20250824
720989-99999,LIMA (GROVER),US,+40.917,-103.700,+1518.8,20141215,20250824
720991-99999,MIKE (HAXTUN),US,+40.700,-103.483,+1336.2,20120702,20250824
720992-99999,NOVEMBER (GROVER),US,+40.633,-103.833,+1459.1,20141215,20250824
720993-99999,OSCAR (GROVER),US,+40.883,-104.000,+1649.0,20130226,20250824
720994-99999,ALPHA (RAYNESFORD),US,+47.283,-110.800,+1219.2,20131025,20250824
720995-99999,BRAVO (GEYSER),US,+47.283,-110.367,+1234.4,20120920,20250824
720996-99999,CHARLIE (STANFORD),US,+47.100,-110.167,+1336.6,20120601,20250824
720997-99999,DELTA (DENTON),US,+47.383,-109.817,+1093.3,20131025,20250824
720998-99999,ECHO (WINIFRED),US,+47.450,-109.417,+1116.5,20120717,20250824
720999-99999,FOXTROT (AUGUSTA),US,+47.600,-112.317,+1343.3,20120614,20250612
721001-99999,GOLF (SIMMS),US,+47.333,-112.100,+1310.6,20131025,20250824
721002-99999,HOTEL (FAIRFIELD),US,+47.700,-111.950,+1178.7,20130625,20250824
721003-99999,INDIA (ULM),US,+47.317,-111.467,+1108.0,20120920,20250824
721004-99999,JULIE (POWER),US,+47.750,-111.550,+1152.1,20120504,20250824
721005-99999,KILO (HARLOWTOWN),US,+46.450,-109.800,+1329.8,20120921,20250824
721006-99999,LIMA (JUDITH GAP),US,+46.700,-109.733,+1414.3,20120607,20240910
721007-99999,MIKE (MOORE),US,+47.017,-109.633,+1256.1,20120614,20250824
721008-99999,NOVEMBER (GRASS RANGE),US,+47.067,-109.033,+1161.3,20120619,20250824
721009-99999,OSCAR (ROY),US,+47.333,-108.933,+1086.0,20131025,20250824
721011-99999,ALPHA (BALFOUR),US,+47.967,-100.581,+0482.8,20141125,20240721
721012-99999,BRAVO (VELVA),US,+47.909,-100.927,+0588.6,20121030,20250824
721013-99999,CHARLIE (RUSO),US,+47.714,-101.010,+0598.6,20120926,20240723
721014-99999,DELTA (MAX),US,+47.795,-101.299,+0631.6,20121031,20250824
721015-99999,ECHO (RYDER),US,+47.751,-101.674,+0640.7,20121101,20250824
721016-99999,FOXTROT (RYDER 2),US,+47.896,-101.674,+0619.4,20120821,20240806
721017-99999,GOLF (PLAZA),US,+48.120,-101.960,+0643.7,20121024,20250824
721018-99999,HOTEL (PARSHALL),US,+47.974,-102.223,+0578.2,20120821,20250802
721019-99999,INDIA (PALERMO),US,+48.345,-102.304,+0678.2,20120823,20250824
721021-99999,JULIET (DONNYBROOK),US,+48.412,-101.892,+0670.3,20121002,20250824
721022-99999,KILO (DONNYBROOK 2),US,+48.551,-102.120,+0693.4,20120927,20250824
721023-99999,LIMA (BOWBELLS),US,+48.789,-102.269,+0601.1,20121023,20250824
721024-99999,MIKE (KENMARE),US,+48.673,-101.882,+0569.4,20120925,20250824
721025-99999,NOVEMBER (MOHALL),US,+48.760,-101.592,+0516.0,20121023,20250824
721026-99999,OSCAR (ANTLER),US,+48.825,-101.283,+0466.3,20120926,20250824
721028-99999,MIDDLEBURY STATE AIRPORT,US,+43.985,-073.095,+0149.4,20120227,20250824
721029-00347,LA PORTE MUNICIPAL AIRPORT,US,+41.572,-086.735,+0247.2,20120402,20250825
721031-00348,TULLAHOMA REGIONAL AIRPORT WILLIAM NORTHERN FIELD,US,+35.380,-086.246,+0330.1,20120408,20250825
721033-00350,FITZGERALD MUNICIPAL AIRPORT,US,+31.684,-083.270,+0111.3,20120620,20250825
721034-00351,CAMERON MUNICIPAL AIRPORT,US,+30.879,-096.971,+0123.1,20120501,20250825
721035-00352,HAZLEHURST AIRPORT,US,+31.885,-082.647,+0078.0,20120705,20250810
721036-00353,BOYSEN THERMOPOL,US,+43.467,-108.389,+2225.0,20120806,20250825
721041-99999,MARCO ISLAND,US,+25.995,-081.673,+0001.5,20120726,20250824
721042-00486,ZEPHYRHILLS MUNICIPAL AIRPORT,US,+28.228,-082.156,+0027.4,20120813,20250826
721043-99999,ATHENS MUNI,US,+32.164,-095.828,+0135.3,20120813,20250824
721044-00448,RALPH M HALL ROCKWALL MUNICIPAL AIRPORT,US,+32.931,-096.435,+0175.3,20120813,20250825
721045-00354,MIDWEST NATIONAL AIR CENTER AIRPORT,US,+39.332,-094.310,+0237.1,20120821,20250825
721046-00460,LOUISIANA REGIONAL AIRPORT,US,+30.173,-090.941,+0004.6,20170309,20250825
721048-00471,PRESIDIO LELY INTERNATIONAL AIRPORT,US,+29.634,-104.361,+0896.1,20130731,20250825
722003-54930,STANTON AIRFIELD,US,+44.476,-093.016,+0280.4,20060101,20250825
722004-54922,HARRY STERN AIRPORT,US,+46.244,-096.607,+0295.1,20060101,20250825
722005-99999,COFFEY CO,US,+38.302,-095.725,+0357.5,20050427,20250824
722006-54926,QUENTIN AANENSON FIELD AIRPORT,US,+43.621,-096.216,+0436.2,20060101,20250825
722007-54828,TUSCOLA AREA AIRPORT,US,+43.459,-083.446,+0213.7,20050201,20250825
722008-12995,MUSTANG BEACH AIRPORT,US,+27.812,-097.089,+0001.5,20060101,20250825
722010-12836,KEY WEST INTERNATIONAL AIRPORT,US,+24.557,-081.755,+0000.3,19730101,20250827
722011-92813,KISSIMMEE GATEWAY AIRPORT,US,+28.290,-081.437,+0025.0,20060101,20250825
722014-12818,HERNANDO COUNTY AIRPORT,US,+28.474,-082.454,+0019.7,20060101,20250827
722015-12850,KEY WEST NAS,US,+24.583,-081.683,+0001.8,19730101,20250827
722016-12896,THE FL KEYS MARATHON ARPT,US,+24.726,-081.048,+0000.9,20060101,20250827
722020-12839,MIAMI INTERNATIONAL AIRPORT,US,+25.788,-080.317,+0001.4,19730101,20250827
722021-92816,VANDENBERG AIRPORT,US,+28.014,-082.345,+0006.7,20050101,20250826
722022-12803,BOCA RATON AIRPORT,US,+26.378,-080.108,+0004.0,20060101,20250825
722024-12882,OPA LOCKA AIRPORT,US,+25.910,-080.283,+0001.3,20060101,20250827
722026-12826,HOMESTEAD AFB AIRPORT,US,+25.483,-080.383,+0001.5,19430201,20250825
722029-12888,KENDALL-TAMIAMI EXEC ARPT,US,+25.642,-080.435,+0001.8,20060101,20250827
722030-12844,PALM BEACH INTERNATIONAL AIRPORT,US,+26.685,-080.099,+0003.5,19430206,20250827
722031-63839,FOLSOM FIELD AP,US,+34.269,-086.858,+0293.5,20060101,20250824
722032-54916,WASECA MUNICIPAL AIRPORT,US,+44.074,-093.553,+0343.2,20060101,20250825
722033-04999,GRANITE FALLS MUNI ARPT/LENZEN-ROE MEMORIAL FIELD,US,+44.753,-095.556,+0319.1,20060101,20250825
722034-12812,CHARLOTTE COUNTY AIRPORT,US,+26.918,-081.994,+0006.1,20060101,20250827
722037-92809,NORTH PERRY AIRPORT,US,+26.000,-080.241,+0001.9,20060101,20250827
722038-12897,NAPLES MUNICIPAL AIRPORT,US,+26.155,-081.775,+0002.0,19990101,20250827
722039-12885,FT LAUDER EXECUTIVE ARPT,US,+26.199,-080.178,+0003.5,20060101,20250827
722040-12838,MELBOURNE INTL AP,US,+28.100,-080.636,+0006.7,19741113,20250827
722041-12993,SOUTH LAFOURCHE AIRPORT,US,+29.445,-090.261,+0000.3,20060119,20250826
722042-53978,WOOD COUNTY AIRPORT MINEOLA,US,+32.742,-095.496,+0132.3,20060101,20250825
722044-53930,ADA MUNICIPAL AIRPORT,US,+34.804,-096.671,+0309.7,20060101,20250825
722046-12898,SPACE COAST REGIONAL AIRPORT,US,+28.517,-080.800,+0010.7,20060101,20250825
722049-92805,POMPANO BEACH AIRPARK ARPT,US,+26.246,-080.111,+0004.6,20060101,20250827
722050-12815,ORLANDO INTERNATIONAL AIRPORT,US,+28.418,-081.324,+0027.1,19520507,20250825
722052-53933,ALVA REGIONAL AIRPORT,US,+36.773,-098.670,+0449.3,20060101,20250825
722053-12841,EXECUTIVE AIRPORT,US,+28.547,-081.335,+0031.7,19900208,20250827
722054-53959,WEST MEMPHIS MUNICIPAL APT,US,+35.140,-090.236,+0063.7,20050101,20250827
722055-12861,OCALA INTERNATIONAL AIRPORT-JIM TAYLOR FIELD,US,+29.167,-082.233,+0026.5,20060101,20250826
722057-12854,ORLANDO SANFORD AIRPORT,US,+28.780,-081.244,+0014.9,19730101,20250827
722059-04866,BURLINGTON MUNICIPAL ARPT,US,+42.690,-088.304,+0237.4,20060101,20250825
722060-13889,JACKSONVILLE INTERNATIONAL AIRPORT,US,+30.495,-081.694,+0007.2,19480101,20250827
722061-03038,COPPER MOUNTAIN,US,+39.467,-106.150,+3680.2,20060101,20250825
722062-63842,DOUGLAS MUNICIPAL AIRPORT,US,+31.477,-082.861,+0078.3,20060101,20250826
722065-93837,JACKSONVILLE NAS,US,+30.233,-081.667,+0006.1,19730101,20250827
722066-03853,MAYPORT NAF,US,+30.400,-081.417,+0004.9,19730101,20250827
722067-63823,CECIL FIELD AIRPORT,US,+30.219,-081.876,+0024.7,20060101,20250826
722069-53853,DESTIN-FT.WALTON BEACH APT,US,+30.393,-086.467,+0005.4,20060101,20250827
722070-03822,SAVANNAH/HILTON HEAD INTL AIRPORT,US,+32.131,-081.202,+0008.7,19480101,20250827
722071-53935,CHICKASHA MUNICIPAL ARPT,US,+35.096,-097.966,+0350.5,20060101,20250825
722073-03727,SAMPSON COUNTY AIRPORT,US,+34.976,-078.364,+0045.1,20060101,20250825
722074-63840,CARMI MINICIPAL AIRPORT,US,+38.089,-088.123,+0118.3,20060101,20240802
722075-04871,DE KALB TAYLOR MUNI ARPT,US,+41.932,-088.708,+0278.9,20060101,20250825
722076-94891,VERMILION COUNTY AIRPORT,US,+40.200,-087.600,+0202.4,20060101,20250825
722078-53938,HALLIBURTON FIELD AIRPORT,US,+34.471,-097.951,+0339.2,20060101,20250825
722079-53888,DAVIDSON COUNTY AIRPORT,US,+35.781,-080.304,+0223.4,20060101,20250826
722080-13880,CHARLESTON AFB/INTERNATIONAL AIRPORT,US,+32.899,-080.041,+0011.8,19450101,20250827
722081-13730,FREDERICK MUNICIPAL ARPT,US,+39.417,-077.383,+0092.4,20050101,20250825
722082-04876,ALBERTUS AIRPORT,US,+42.246,-089.582,+0261.8,20060101,20250823
722085-93831,BEAUFORT MCAS,US,+32.483,-080.717,+0011.3,19450401,20250825
722089-94959,GALESBURG MUNICIPAL ARPT,US,+40.933,-090.433,+0232.9,20060101,20250825
722090-03875,WRIGHT AAF AIRPORT,US,+31.883,-081.567,+0013.7,20060103,20250825
722091-53940,CLAREMORE REGIONAL AIRPORT,US,+36.294,-095.479,+0221.0,20060101,20250826
722092-53941,GROVE MUNICIPAL AIRPORT,US,+36.605,-094.738,+0253.9,20060101,20250825
722093-04878,GRAYLING ARMY AIRFIELD,US,+44.680,-084.729,+0350.2,20060101,20250825
722094-53984,GRAND PRAIRIE MUNICIPAL AIRPORT,US,+32.699,-097.047,+0179.5,20060101,20250825
722095-03030,GUYMON MUNICIPAL AIRPORT,US,+36.682,-101.505,+0948.7,20060101,20250827
722096-53127,HENDERSON EXECUTIVE ARPT,US,+35.976,-115.133,+0749.2,20060101,20250825
722097-04936,HARLAN MUNICIPAL AIRPORT,US,+41.584,-095.339,+0375.2,20060101,20250826
722098-64761,EAST HAMPTON AIRPORT,US,+40.960,-072.252,+0017.1,20060101,20250824
722099-53936,CHANDLER MUNICIPAL AIRPORT,US,+35.724,-096.820,+0299.9,20060101,20250826
722101-03039,WOLF CREEK PASS AWOS-3 AIRPORT,US,+37.450,-106.800,+3593.9,20060101,20250825
722103-12895,ST LUCIE COUNTY INTL ARPT,US,+27.498,-080.376,+0005.7,20060101,20250827
722104-92806,ALBERT WHITTED AIRPORT,US,+27.768,-082.626,+0001.3,19860101,20250827
722106-12835,PAGE FIELD AIRPORT,US,+26.585,-081.861,+0003.8,19430101,20250826
722107-03056,GAINES COUNTY AIRPORT,US,+32.675,-102.654,+1010.4,20060101,20250825
722108-12894,SW FLORIDA INTN AIRPORT,US,+26.538,-081.757,+0008.2,20060101,20250827
722109-00355,CHEROKEE COUNTY AIRPORT,US,+34.317,-084.417,+0372.2,20050101,20250825
722110-12842,TAMPA INTERNATIONAL AIRPORT,US,+27.963,-082.540,+0001.8,19400801,20250827
722112-53982,FOX STEPHENS FIELD - GILMER MINICIPAL AIRPORT,US,+32.699,-094.949,+0126.5,20060101,20250825
722113-53979,GIDDINGS-LEE COUNTY AIRPORT,US,+30.169,-096.980,+0147.8,20050101,20250825
722114-54901,BUFFALO MUNICIPAL AIRPORT,US,+45.159,-093.843,+0294.7,20050101,20250826
722115-12871,SARASOTA/BRADENTON INTL AP,US,+27.401,-082.559,+0005.3,20060101,20250827
722116-12873,ST PETE-CLWTR INTL AIRPORT,US,+27.913,-082.686,+0000.1,20060101,20250827
722118-00482,VENICE MUNICIPAL AIRPORT,US,+27.072,-082.440,+0005.8,20110203,20250825
722119-12883,LAKELAND LINDER REGIONAL AIRPORT,US,+28.000,-082.050,+0043.3,20060101,20250825
722120-12833,CROSS CITY AIRPORT,US,+29.633,-083.105,+0011.6,19431219,20250812
722122-03050,WINSTON FIELD AIRPORT,US,+32.693,-100.951,+0740.7,20060101,20250825
722123-12809,BARTOW MUNICIPAL AIRPORT,US,+27.950,-081.783,+0038.1,20050101,20250825
722124-04998,HEBRON MUNICIPAL AIRPORT,US,+40.149,-097.587,+0449.0,20060101,20250825
722125-04829,SAGNAW CO H.W. BROWNE ARPT,US,+43.433,-083.867,+0182.9,20060101,20250825
722126-04879,LANSING MUNICIPAL AP,US,+41.540,-087.532,+0187.8,20060101,20250825
722127-04880,GREATER KANKAKEE AIRPORT,US,+41.071,-087.846,+0191.7,20060101,20250825
722128-53899,LICONTN-LINCOLN CO RGNL AP,US,+35.483,-081.161,+0266.7,20060101,20250826
722129-04939,MOORHEAD MUNICIPAL AIRPORT,US,+46.839,-096.663,+0279.5,20060101,20250825
722130-13861,WAYCROSS-WARE CO. AIRPORT,US,+31.250,-082.400,+0043.3,19421201,20250825
722131-03713,JOHNSTON COUNTY AIRPORT,US,+35.541,-078.390,+0050.3,20060101,20250825
722132-63801,CONCORD REGIONAL AIRPORT,US,+35.390,-080.707,+0214.9,20060101,20250825
722133-53946,SALLISAW MUNICIPAL AIRPORT,US,+35.438,-094.803,+0160.9,20060101,20250826
722134-63822,VIDALIA REGIONAL AIRPORT,US,+32.193,-082.372,+0083.5,20060101,20250825
722136-53883,BRUNSWICK GOLDEN ISLES APT,US,+31.259,-081.466,+0007.9,20060101,20250825
722137-13878,MALCOLM MC KINNON AIRPORT,US,+31.153,-081.391,+0004.3,19730101,20250825
722138-63852,STENNIS INTERNATIONAL AIRPORT,US,+30.368,-089.455,+0007.0,20050101,20250825
722140-93805,TALLAHASSEE REGIONAL AIRPORT,US,+30.394,-084.351,+0017.1,19420501,20250827
722141-03731,FRANKLIN COUNTY AIRPORT,US,+36.023,-078.330,+0112.5,20050101,20250826
722142-04114,CHALLIS AIRPORT,US,+44.523,-114.216,+1534.1,20050101,20250827
722143-53975,LANCASTER AIRPORT,US,+32.579,-096.719,+0152.7,20060101,20250825
722144-04945,MAPLE LAKE MUNICIPAL ARPT,US,+45.236,-093.986,+0313.3,20060101,20250825
722145-04884,HARBOR SPRINGS AIRPORT,US,+45.426,-084.913,+0206.4,20060101,20250826
722147-53817,MOULTRIE MUNICIPAL AIRPORT,US,+31.083,-083.800,+0086.3,20050101,20250825
722148-63824,STANLEY COUNTY AIRPORT,US,+35.417,-080.151,+0185.6,20060101,20250826
722149-04899,ILLINOIS VALLEY RGNL-WALTER DUNCAN FLD ARPT,US,+41.352,-089.153,+0199.3,20060101,20250825
722151-14794,WESTERLY STATE AIRPORT,US,+41.351,-071.806,+0019.8,20060101,20250827
722152-53957,WEST WOODWARD AIRPORT,US,+36.437,-099.521,+0666.9,20050101,20250826
722154-53885,DALTON MUNICIPAL AIRPORT,US,+34.722,-084.869,+0216.4,20060101,20250825
722155-03040,MONUMENT HILL AWOS-3 ARPT,US,+39.217,-104.633,+2151.9,20060101,20250825
722156-53873,CARTERSVILLE AIRPORT,US,+34.116,-084.851,+0230.0,20060101,20250825
722157-04949,MACOMB MUNICIPAL AIRPORT,US,+40.520,-090.652,+0215.5,20060101,20250825
722158-13752,U.S. NAVAL ACADEMY,US,+38.991,-076.489,+0001.8,20050224,20250824
722159-12980,MID VALLEY AIRPORT,US,+26.178,-097.973,+0021.3,20060101,20250824
722160-13869,SW GEORGIA REGIONAL ARPT,US,+31.536,-084.196,+0058.2,19730101,20250827
722164-53949,OKMULGEE MUNICIPAL AIRPORT,US,+35.668,-095.949,+0219.5,20060101,20250825
722165-63808,OLIVE BRANCH AIRPORT,US,+34.979,-089.787,+0122.5,20050101,20250825
722166-93845,VALDOSTA REGIONAL AIRPORT,US,+30.776,-083.274,+0058.7,19480101,20250827
722167-03718,ORANGE COUNTY AIRPORT,US,+38.247,-078.046,+0143.0,20060101,20250826
722168-04960,OLIVIA REGIONAL AIRPORT,US,+44.779,-095.033,+0328.0,20060101,20250825
722169-03058,PECOS MUNICIPAL AIRPORT,US,+31.383,-103.511,+0796.4,20060101,20250825
722170-03813,MIDDLE GEORGIA REGIONAL AIRPORT,US,+32.689,-083.653,+0104.5,19411020,20250827
722171-04889,PONTIAC MUNICIPAL AIRPORT,US,+40.924,-088.624,+0200.9,20060101,20250825
722172-63810,EDGAR COUNTY AIRPORT,US,+39.700,-087.669,+0199.3,20060101,20250825
722173-53951,PAULS VALLEY MUNI AIRPORT,US,+34.711,-097.223,+0295.1,20060101,20250825
722174-23097,HALE COUNTY AIRPORT,US,+34.167,-101.717,+1028.4,20060101,20250825
722175-13860,ROBINS AFB AIRPORT,US,+32.633,-083.600,+0089.6,19420807,20250825
722176-53884,NEWNAN COWETA COUNTY ARPT,US,+33.312,-084.770,+0295.7,20060101,20250825
722177-63811,ANDREWS-MURPHY AIRPORT,US,+35.195,-083.865,+0516.9,20060101,20250826
722178-53953,ROBERT S KERR AIRPORT,US,+35.021,-094.621,+0137.5,20060101,20250825
722179-04968,NEW RICHMOND MUNICIPAL APT,US,+45.150,-092.533,+0303.6,20060101,20250825
722180-03820,AUGUSTA REGIONAL AT BUSH FIELD AP,US,+33.365,-081.964,+0040.9,19480101,20250827
722181-13837,DANIEL FIELD AIRPORT,US,+33.467,-082.038,+0125.1,20060101,20250827
722182-04890,ROCHELLE MUNI ARPT-KORITZ FIELD AIRPORT,US,+41.893,-089.078,+0238.1,20060101,20250825
722183-04972,BURNETT COUNTY AIRPORT,US,+45.823,-092.373,+0301.5,20060101,20250825
722185-53838,LEE GILMER MEMORIAL ARPT,US,+34.272,-083.830,+0386.4,20060101,20250825
722186-04892,BEAVER ISLAND AIRPORT,US,+45.689,-085.566,+0203.0,20060101,20250825
722187-93911,SHAWNEE MUNICIPAL AIRPORT,US,+35.357,-096.943,+0327.1,20060101,20250826
722188-53985,SEARCY MUNICIPAL AIRPORT,US,+35.212,-091.737,+0080.5,20060101,20250825
722189-92815,WITHAM FIELD AIRPORT,US,+27.182,-080.221,+0005.5,20060101,20250825
722190-13874,HARTSFIELD-JACKSON ATLANTA INTL AP,US,+33.630,-084.442,+0308.3,19730101,20250827
722191-03721,BRUNSWICK COUNTY AIRPORT,US,+33.929,-078.075,+0007.6,20050101,20250825
722192-23033,AVENGER FIELD AIRPORT,US,+32.473,-100.466,+0725.4,20060101,20250825
722193-03722,PERSON COUNTY AIRPORT,US,+36.285,-078.984,+0185.6,20060101,20250826
722194-04896,RANTOUL NATL AVN CNTR-F ELLIOTT FIELD AIRPORT,US,+40.293,-088.142,+0224.6,20060101,20250825
722195-03888,FULTON CO-BROWN FLD ARPT,US,+33.778,-084.525,+0245.0,20060101,20250827
722196-53863,DEKALB-PEACHTREE AIRPORT,US,+33.878,-084.298,+0298.4,20060101,20250827
722197-53819,PCHTRE CTY-FALCON FLD ARPT,US,+33.354,-084.569,+0241.2,20060101,20250827
722198-63819,BOONE,US,+36.200,-081.650,+0910.4,20020902,20250825
722199-53956,TAHLEQUAH MUNICIPAL ARPT,US,+35.929,-095.004,+0266.1,20060101,20250825
722200-12832,APALACHICOLA MUNI AIRPORT,US,+29.727,-085.025,+0005.5,19450101,20250827
722201-03723,SANFORD-LEE COUNTY RGNL ARPT,US,+35.582,-079.101,+0075.3,20060101,20250826
722202-12985,GARNER FIELD AIRPORT,US,+29.211,-099.744,+0287.1,20060101,20250825
722203-03041,MONARCH PASS AWOS-3 ARPT,US,+38.483,-106.317,+3667.1,20060101,20250826
722204-04996,TRI-TOWNSHIP AIRPORT,US,+42.046,-090.108,+0187.8,20060101,20241026
722208-04224,ORCAS ISLAND AIRPORT,US,+48.708,-122.911,+0009.5,20060101,20250826
722209-12986,CALHOUN COUNTY AIRPORT,US,+28.654,-096.681,+0009.1,20060101,20250825
722210-13858,EGLIN AFB AIRPORT,US,+30.483,-086.517,+0026.5,19380910,20250825
722211-94087,THOMAS COUNTY AIRPORT,US,+41.964,-100.569,+0888.2,20060101,20250826
722212-92814,ST AUGUSTINE AIRPORT,US,+29.959,-081.340,+0003.1,20060101,20250826
722213-12819,LEESBURG REGIONAL AIRPORT,US,+28.821,-081.810,+0020.9,20060101,20250827
722214-03070,MOORE COUNTY AIRPORT,US,+35.858,-102.013,+1129.3,20060101,20250826
722215-13884,BOB SIKES AIRPORT,US,+30.777,-086.519,+0047.1,19730101,20250827
722216-99999,NORTH AF AUX,US,+33.615,-081.084,+0097.8,20071024,20250824
722217-63881,W H `BUD` BARRON AIRPORT,US,+32.564,-082.985,+0094.2,20060101,20250826
722218-00356,CAMBRIDGE DORCHESTER AIRPORT,US,+38.533,-076.033,+0006.1,20061003,20250825
722219-99999,SHELL AHP,US,+31.363,-085.849,+0121.9,20131211,20250824
722220-99999,PENSACOLA  FL,US,+30.483,-087.183,+0038.0,20010908,20250824
722221-00444,DIXON AIRPORT,US,+41.037,-107.493,+1996.1,20130731,20250826
722223-13899,PENSACOLA REGIONAL AIRPORT,US,+30.476,-087.186,+0036.0,19900228,20250827
722225-03855,PENSACOLA NAS,US,+30.350,-087.317,+0008.5,19450201,20250825
722226-93841,WHITING FIELD NAVAL AIR STATION NORTH,US,+30.717,-087.017,+0060.7,19730101,20250826
722230-13894,MOBILE REGIONAL AIRPORT,US,+30.688,-088.246,+0065.5,19730101,20250827
722231-00357,HAMILTON MUNICIPAL AIRPORT,US,+31.666,-098.149,+0396.2,20090101,20250826
722235-13838,MOBILE DOWNTOWN AIRPORT,US,+30.615,-088.063,+0004.9,19420701,20250827
722238-63873,HANCHEY ARMY HELIPORT (FORT RUCKER),US,+31.350,-085.667,+0096.6,20060901,20250826
722239-53861,LOWE ARMY HELIPORT (FORT RUCKER),US,+31.356,-085.751,+0074.4,20080717,20250826
722241-54925,WAYNE MUNICIPAL AIRPORT,US,+42.242,-096.983,+0434.0,20060101,20250825
722243-03738,RICHMOND COUNTY AIRPORT,US,+34.891,-079.759,+0109.1,20061024,20250825
722244-00358,COLLEGE PARK AP,US,+38.981,-076.922,+0015.2,20061025,20250825
722246-03844,DUKE FLD,US,+30.650,-086.533,,19490908,20250825
722247-54785,SOMERSET AIRPORT,US,+40.624,-074.669,+0030.1,20060101,20250827
722248-00359,SOUTHLAND FIELD AIRPORT,US,+30.131,-093.376,+0003.1,20061024,20250825
722249-63887,HOOK FIELD MUNICIPAL AIRPORT,US,+39.531,-084.395,+0198.1,20061024,20250825
722250-13829,LAWSON AAF AIRPORT,US,+32.337,-084.991,+0070.7,19390501,20250826
722251-53958,RUSTON REGIONAL AIRPORT,US,+32.514,-092.588,+0094.8,20060425,20250825
722252-54923,MYERS FIELD AIRPORT,US,+44.729,-096.266,+0363.6,20061018,20250825
722253-53992,MOREHOUSE MEMORIAL AIRPORT,US,+32.756,-091.881,+0050.9,20061018,20250825
722255-93842,COLUMBUS METRO AIRPORT,US,+32.516,-084.942,+0120.0,19480101,20250827
722256-64774,MARSHFIELD MUNICIPAL AIRPORT - GEORGE HARLOW FIELD,US,+42.098,-070.672,+0003.4,20051219,20250826
722260-13895,MONTGOMERY RGNL (DANNELLY FD) AP,US,+32.300,-086.407,+0066.2,19730101,20250827
722261-00360,OKEECHOBEE COUNTY AIRPORT,US,+27.267,-080.850,+0010.1,20070116,20250825
722265-13821,MAXWELL AFB AIRPORT,US,+32.383,-086.350,+0052.1,19351001,20250826
722266-99999,CRAIG FLD,US,+32.344,-086.988,+0050.6,20140109,20250824
722267-03878,TROY MUNICIPAL AIRPORT,US,+31.857,-086.010,+0118.6,19730108,20250827
722268-13839,DOTHAN REGIONAL AIRPORT,US,+31.318,-085.443,+0112.2,20060101,20250827
722269-03850,CAIRNS ARMY AIRFIELD (FORT RUCKER),US,+31.267,-085.717,+0091.7,19541019,20250825
722270-13864,DOBBINS AIR RESERVE BASE AIRPORT,US,+33.917,-084.517,+0325.5,19460901,20250825
722274-54939,CENTERVILLE MUNICIPAL AIRPORT,US,+40.684,-092.901,+0311.8,20090510,20250826
722275-53843,ANDALUSIA-OPP MUNICIPAL AIRPORT,US,+31.306,-086.390,+0097.5,20060103,20250827
722276-53820,MIDDLETON FIELD AIRPORT,US,+31.419,-087.048,+0079.1,20060101,20250827
722279-53852,PRYOR FIELD REGIONAL ARPT,US,+34.658,-086.943,+0179.1,20060101,20250827
722280-13876,BIRMINGHAM INTERNATIONAL AIRPORT,US,+33.565,-086.745,+0187.7,19420801,20250827
722284-03892,ABRN-OPLKA R G PITTS ARPT,US,+32.616,-085.433,+0236.5,20060101,20250825
722285-03896,GADSDEN MUNICIPAL AIRPORT,US,+33.967,-086.083,+0173.4,20060101,20250825
722286-93806,TUSCALOOSA MUNICIPAL ARPT,US,+33.212,-087.616,+0045.3,19730101,20250827
722287-13871,ANNISTON METROPOLITAN ARPT,US,+33.590,-085.848,+0181.8,19730101,20250827
722291-00470,PLATTSMOUTH MUNICIPAL AIRPORT,US,+40.948,-095.917,+0367.3,20061121,20250825
722294-99999,GRAND CHENIER (LITTLE PECAN ISLAND ARPT),US,+29.800,-092.804,+0002.0,19870117,20250824
722300-53864,SHELBY COUNTY AIRPORT,US,+33.178,-086.782,+0172.5,20020101,20250827
722308-99999,FOURCHON (SAWRS),US,+29.100,-090.200,+0002.0,19870118,20250824
722310-12916,LOUIS ARMSTRONG NEW ORLEANS INTL AP,US,+29.998,-090.278,-0001.0,19451001,20250825
722312-03908,HAMMOND MUNICIPAL AIRPORT,US,+30.521,-090.418,+0013.4,20060101,20250825
722314-53915,ACADIANA REGIONAL AIRPORT,US,+30.029,-091.885,+0004.8,20060101,20250825
722315-53917,LAKEFRONT AIRPORT,US,+30.049,-090.029,+0000.9,19420901,20250827
722316-12958,NEW ORLEANS NAS,US,+29.817,-090.017,+0000.6,19730101,20250825
722319-53943,NATCHITOCHES REGIONAL ARPT,US,+31.736,-093.099,+0036.9,20060101,20250826
722320-13970,BATON ROUGE METRO RYAN FIELD AIRPORT,US,+30.538,-091.147,+0020.4,20101115,20250827
722322-00361,GLASGOW MUNICIPAL AIRPORT,US,+37.033,-085.950,+0218.2,20050101,20250825
722323-00362,GATESVILLE MUNICIPAL AIRPORT,US,+31.417,-097.800,+0276.2,20050101,20250825
722324-03071,MIDLAND AIRPARK,US,+32.036,-102.101,+0854.4,20060101,20250825
722329-12936,HARRY P WILLIAMS MEMO ARPT,US,+29.717,-091.333,+0002.7,20060101,20250825
722330-53865,SLIDELL AIRPORT,US,+30.344,-089.822,+0007.5,20050101,20250825
722331-54941,IOWA FALLS MUNICIPAL AIRPORT,US,+42.471,-093.207,+0346.6,20071016,20250825
722332-54953,TOMAHAWK REGIONAL AIRPORT,US,+45.469,-089.806,+0452.9,20060101,20250825
722333-03069,SAGUACHE MUNICIPAL AIRPORT,US,+38.097,-106.169,+2385.4,20060101,20250825
722334-03976,BEAUREGARD REGIONAL AIRPORT,US,+30.833,-093.333,+0062.2,20060101,20250825
722338-12994,JIM HOGG COUNTY AIRPORT,US,+27.349,-098.737,+0202.1,20060101,20250826
722340-13865,KEY FIELD AIRPORT,US,+32.335,-088.751,+0088.1,19420301,20250826
722341-92822,ORMOND BEACH MUNICIPAL AIRPORT,US,+29.296,-081.113,+0008.8,20060101,20250825
722342-54931,TRACY MUNICIPAL AIRPORT,US,+44.249,-095.607,+0408.4,20060101,20250825
722343-54826,SOUTH HAVEN AREA REGIONAL AIRPORT,US,+42.351,-086.256,+0203.0,20060101,20250826
722344-99999,LOUISVILLE WINSTON CO,US,+33.146,-089.062,+0175.3,19810220,20250824
722345-03866,MERIDIAN NAS/MC CAIN FD AP,US,+32.550,-088.567,+0082.6,19730101,20250826
722346-54824,OWOSSO COMMUNITY AIRPORT,US,+42.993,-084.139,+0224.3,20050101,20250825
722348-53808,HATTIESBURG-LAUREL RGNL AP,US,+31.467,-089.333,+0089.3,20060101,20250825
722349-99999,PICAYUNE MUNI,US,+30.487,-089.651,+0017.1,20200624,20250616
722350-03940,JACKSON INTERNATIONAL AIRPORT,US,+32.320,-090.078,+0090.2,19420901,20250827
722351-12953,WHARTON REGIONAL AIRPORT,US,+29.266,-096.008,+0030.5,20060101,20250826
722354-13927,HAWKINS FIELD AIRPORT,US,+32.338,-090.221,+0101.7,20050101,20250827
722355-93999,VICKSBURG MUNICIPAL AIRPORT,US,+32.233,-090.933,+0031.4,20130319,20250825
722357-03961,HRDY-ANRES FD NTCHZ-ADAMS COUNTY AIRPORT,US,+31.617,-091.283,+0082.9,20060101,20250825
722358-93919,MCOM/PIKE CO/J E LWS FD AP,US,+31.182,-090.472,+0123.6,19730101,20250827
722361-92808,NEW SMYRNA BEACH MUNICIPAL AIRPORT,US,+29.054,-080.948,+0003.1,20060101,20250825
722362-93937,SULPHUR SPRINGS MUNICIPAL AIRPORT,US,+33.167,-095.617,+0149.1,20060101,20250825
722363-23098,EDWARDS COUNTY AIRPORT,US,+29.947,-100.173,+0723.0,20060101,20250825
722364-23903,TUNICA MUNICIPAL AIRPORT,US,+34.681,-090.347,+0059.1,20050104,20250825
722367-00363,SKYHAVEN AIRPORT,US,+38.783,-093.800,+0243.2,20071016,20250825
722368-00364,THOMAS P STAFFORD AIRPORT,US,+35.550,-098.667,+0489.2,20071114,20250826
722369-00365,T P MC CAMPBELL AIRPORT,US,+27.917,-097.200,+0005.2,20071016,20250825
722390-03931,POLK ARMY AIRFIELD,US,+31.050,-093.183,+0100.6,19620903,20250825
722400-03937,LAKE CHARLES REGIONAL AIRPORT,US,+30.126,-093.228,+0002.0,19420502,20250827
722403-12968,SALT POINT,US,+29.559,-091.525,+0001.0,20060413,20240619
722404-13941,CHENNAULT INTERNATIONAL AP,US,+30.210,-093.143,+0005.2,19880105,20250825
722405-13976,LAFAYETTE REGIONAL AIRPORT,US,+30.199,-091.990,+0010.8,19451001,20250827
722406-12927,HOUMA-TERREBONNE AIRPORT,US,+29.566,-090.660,+0002.7,20050101,20250825
722410-12917,SOUTHEAST TEXAS REGIONAL AIRPORT,US,+29.952,-094.026,+0003.8,19730101,20250827
722416-12971,NEW BRAUNFELS MUNICIPAL AP,US,+29.709,-098.046,+0197.6,19990317,20250827
722420-12923,SCHOLES INTL AT GLSTON APT,US,+29.270,-094.864,+0001.5,19930101,20250824
722427-12975,CLOVER FIELD AIRPORT,US,+29.519,-095.242,+0011.9,20060101,20250827
722429-53910,HOOKS MEMORIAL AIRPT,US,+30.068,-095.556,+0046.8,20060101,20250827
722430-12960,G BUSH INTERCONTINENTAL AP/HOUSTON AP,US,+29.984,-095.361,+0027.5,19730101,20250827
722436-12906,ELLINGTON FIELD AIRPORT,US,+29.617,-095.167,+0009.8,19410701,20250825
722440-12918,WILLIAM P. HOBBY AIRPORT,US,+29.646,-095.282,+0013.2,20050101,20250827
722444-53902,MONTGOMERY COUNTY AIRPORT,US,+30.361,-095.418,+0069.4,20060101,20250827
722446-93987,ANGELINA COUNTY AIRPORT,US,+31.236,-094.755,+0087.1,19730101,20250827
722447-53903,HUNTSVILLE MUNICIPAL ARPT,US,+30.744,-095.587,+0105.4,20060101,20250827
722448-13972,TYLER POUNDS REGIONAL ARPT,US,+32.359,-095.404,+0159.5,19730101,20250827
722469-53912,CAMPBELL FLD-CORSICANA MU,US,+32.032,-096.399,+0135.0,20060101,20250827
722470-03901,EAST TEXAS REGIONAL ARPT,US,+32.391,-094.714,+0107.3,19910204,20250827
722479-53907,ARLINGTON MUNICIPAL AIRPORT,US,+32.658,-097.095,+0179.7,20060101,20250827
722480-13957,SHREVEPORT REGIONAL AIRPORT,US,+32.447,-093.824,+0069.6,19730101,20250827
722484-53905,SHREVEPORT DOWNTOWN ARPT,US,+32.540,-093.746,+0052.3,20000101,20250827
722485-13944,BARKSDALE AIR FORCE BASE,US,+32.500,-093.667,+0050.6,19370301,20250825
722486-13942,MONROE REGIONAL AIRPORT,US,+32.516,-092.030,+0022.1,19421001,20250827
722487-13935,ESLER REGIONAL AIRPORT,US,+31.396,-092.283,+0026.9,19410701,20250827
722488-03996,VICKSBURG/TALLULAH RGNL AP,US,+32.348,-091.030,+0025.2,20050101,20250827
722489-53911,TERRELL MUNICIPAL AIRPORT,US,+32.713,-096.269,+0143.0,20060101,20250827
722499-53948,A L MANGHAM JR RGNL ARPT,US,+31.578,-094.709,+0108.2,20060101,20250825
722500-12919,BROWNSVILLE/S PADRE ISLAND INTL AP,US,+25.915,-097.423,+0005.7,19470101,20250827
722505-12904,VALLEY INTERNATIONAL ARPT,US,+26.230,-097.656,+0009.5,19420301,20250827
722506-12959,MC ALLEN MILLER INTL ARPT,US,+26.179,-098.245,+0030.1,19730101,20250827
722508-12957,PORT ISABEL-CAMERON CO APT,US,+26.160,-097.338,+0005.1,20050101,20250827
722510-12924,CORPUS CHRISTI INTERNATIONAL AIRPORT,US,+27.773,-097.513,+0012.5,19460801,20250827
722515-12926,CORPUS CHRISTI NAS,US,+27.688,-097.292,+0004.7,19730101,20250827
722516-12928,KINGSVILLE NAS,US,+27.509,-097.804,+0013.4,19730101,20250825
722517-12932,ALICE INTERNATIONAL ARPT,US,+27.741,-098.025,+0052.0,19460801,20250827
722518-12974,NAVAL AUXILIARY LANDING FD,US,+27.895,-098.043,+0071.0,20110301,20250825
722520-12907,LAREDO INTERNATIONAL AIRPORT,US,+27.533,-099.467,+0150.6,20081124,20250825
722523-12970,STINSON MINICIPAL AIRPORT,US,+29.339,-098.472,+0173.1,19990101,20250827
722524-12972,ARANSAS COUNTY AIRPORT,US,+28.084,-097.047,+0007.5,20060101,20250827
722526-12947,COTULLA-LA SALLE CO ARPT,US,+28.459,-099.223,+0144.0,19730101,20250826
722527-12976,BRAZORIA COUNTY AIRPORT,US,+29.115,-095.463,+0007.7,20060101,20250826
722530-12921,SAN ANTONIO INTERNATIONAL AIRPORT,US,+29.544,-098.484,+0243.6,19460814,20250827
722533-12962,HONDO MUNICIPAL AIRPORT,US,+29.360,-099.174,+0281.0,19420915,20250827
722535-12909,LACKLAND AIR FORCE BASE (KELLY FIELD ANNEX),US,+29.383,-098.583,+0210.3,19370707,20250825
722536-12911,RANDOLPH AFB AIRPORT,US,+29.533,-098.262,+0221.9,19380401,20250826
722537-12961,KRVL MUNI/LUIS SHRER FD AP,US,+29.983,-099.083,+0492.9,20060101,20250825
722539-12979,SAN MARCOS MUNICIPAL ARPT,US,+29.891,-097.864,+0182.0,20060101,20250825
722540-13904,AUSTIN-BERGSTROM INTL AIRPORT,US,+30.183,-097.680,+0146.3,19990524,20250827
722541-53914,MCKINNEY MUNICIPAL ARPT,US,+33.183,-096.590,+0173.4,20060101,20250827
722542-03999,BURNET MUNICIPAL CRADOCK FIELD AIRPORT,US,+30.741,-098.235,+0386.1,20060101,20250827
722543-12977,SUGAR LAND REGIONAL ARPT,US,+29.620,-095.657,+0023.5,20060101,20250827
722544-13958,AUSTIN-CAMP MABRY,US,+30.321,-097.760,+0204.2,19990602,20250825
722547-53942,GEORGETOWN MUNICIPAL ARPT,US,+30.679,-097.679,+0239.9,20060101,20250825
722550-12912,VICTORIA REGIONAL AIRPORT,US,+28.862,-096.930,+0033.7,19411104,20250827
722552-93929,GAINESVILLE MUNICIPAL ARPT,US,+33.651,-097.197,+0255.7,20060101,20250825
722555-12935,PALACIOS MUNICIPAL AIRPORT,US,+28.725,-096.254,+0003.2,19460801,20250827
722560-13959,WACO REGIONAL AIRPORT,US,+31.618,-097.228,+0151.9,19420514,20250827
722561-99999,TSTC WACO,US,+31.638,-097.074,+0143.3,20070605,20250824
722563-53952,MC GREGOR EXECUTIVE ARPT,US,+31.485,-097.316,+0180.4,20060101,20250825
722570-03933,HOOD AAF AIRPORT,US,+31.133,-097.717,+0281.6,19601101,20250825
722575-03972,KILLEEN MUNICIPAL AIRPORT,US,+31.083,-097.683,+0256.3,20060101,20250825
722576-03902,ROBERT GRAY AFF AIRPORT,US,+31.067,-097.833,+0309.4,19500926,20250825
722577-93984,DRAUGHON-MILLER CNTRL TX RGNL ARPT,US,+31.150,-097.417,+0207.9,20060101,20250825
722580-13960,DALLAS LOVE FIELD AIRPORT,US,+32.838,-096.836,+0147.6,19460726,20250827
722587-93955,COX FIELD AIRPORT,US,+33.633,-095.450,+0166.7,20060101,20250825
722588-13926,MAJORS AIRPORT,US,+33.068,-096.065,+0163.1,20060101,20250825
722589-03991,DENTON MUNICIPAL AIRPORT,US,+33.209,-097.199,+0194.6,20060101,20250827
722590-03927,DALLAS/FT WORTH INTERNATIONAL AP,US,+32.897,-097.022,+0165.7,19730101,20250827
722592-99999,ANCHORAGE(WFO),US,+61.150,-149.983,+0040.0,20140924,20250824
722593-03985,FORT WORTH SPINKS AIRPORT,US,+32.565,-097.308,+0213.4,20060101,20250825
722594-53909,FORT WORTH ALLIANCE ARPT,US,+32.994,-097.320,+0215.6,20060101,20250827
722595-13911,FORT WORTH NAVAL AIR STATION JRB/CARSWELL FIELD,US,+32.767,-097.450,+0185.3,19421201,20250825
722597-93985,MINERAL WELLS AIRPORT,US,+32.782,-098.060,+0287.1,19480310,20250827
722598-03970,ADDISON AIRPORT,US,+32.969,-096.836,+0196.3,20060101,20250825
722599-03971,DALLAS EXECUTIVE AIRPORT,US,+32.678,-096.868,+0200.4,20060101,20250827
722600-03969,CLARK FIELD MUNI AIRPORT,US,+32.215,-098.178,+0402.6,19840101,20250825
722610-22010,DEL RIO INTERNATIONAL AIRPORT,US,+29.378,-100.927,+0305.7,19510501,20250827
722615-22001,LAUGHLIN AFB AIRPORT,US,+29.367,-100.783,+0329.8,19430217,20250825
722616-03032,TERRELL COUNTY AIRPORT,US,+30.048,-102.213,+0701.0,20060101,20250827
722618-23091,FORT STOCKTON-PECOS CO APT,US,+30.912,-102.917,+0917.7,20050101,20250827
722620-23055,GUADALUPE PASS AMOS,US,+31.833,-104.809,+1655.0,19770827,20250825
722630-23034,SAN ANGELO REGIONAL/MATHS FIELD AP,US,+31.352,-100.495,+0582.4,19480215,20250827
722637-93046,HEMPHILL COUNTY AIRPORT,US,+35.900,-100.400,+0730.3,20060101,20250826
722640-93035,MARFA MUNICIPAL AIRPORT,US,+30.371,-104.017,+1478.0,19361201,20250825
722648-03031,ODESSA-SCHLEMEYER FLD ARPT,US,+31.925,-102.387,+0909.3,20060101,20250825
722650-23023,MIDLAND INTERNATIONAL AIRPORT,US,+31.948,-102.209,+0872.4,19480201,20250827
722656-23040,WINKLER COUNTY AIRPORT,US,+31.780,-103.202,+0858.3,19460801,20250810
722660-13962,ABILENE REGIONAL AIRPORT,US,+32.411,-099.682,+0544.8,19460801,20250826
722666-93943,BROWNWOOD REGIONAL AIRPORT,US,+31.800,-098.950,+0419.7,20060101,20250826
722670-23042,LUBBOCK INTERNATIONAL AIRPORT,US,+33.666,-101.823,+0993.2,19450810,20250827
722676-03035,ARTESIA MUNICIPAL AIRPORT,US,+32.853,-104.468,+1079.3,20060101,20250825
722677-03027,CLINES CORNERS,US,+35.003,-105.663,+2158.0,20060101,20250824
722678-23052,RATON MUNI/CREWS FIELD APT,US,+36.742,-104.508,+1936.4,19980902,20250827
722680-23009,ROSWELL INTERNATIONAL AIR CENTER AP,US,+33.307,-104.508,+1104.6,19420713,20250827
722683-93083,SIERRA BLANCA RGNL AIRPORT,US,+33.450,-105.517,+2075.7,20060101,20250826
722686-23008,CANNON AFB AIRPORT,US,+34.383,-103.317,+1309.1,19430125,20250825
722687-93033,CAVERN CITY AIR TRML ARPT,US,+32.334,-104.258,+0990.5,19420910,20250827
722688-93034,LEA COUNTY REGIONAL AIRPORT,US,+32.693,-103.213,+1114.0,19421101,20250825
722689-23077,CLOVIS MUNICIPAL AIRPORT,US,+34.433,-103.083,+1285.0,20060101,20250825
722691-00366,CLAXTON EVANS COUNTY AIRPORT,US,+32.200,-081.870,+0034.1,20090101,20250805
722692-00367,WARRENTON FAUQUIER AIRPORT,US,+38.586,-077.711,+0103.0,20090101,20250826
722693-93097,ALAMOGORDO-WHITE SANDS RGL AIRPORT,US,+32.840,-105.991,+1280.2,20060101,20250825
722695-93041,LAS CRUCES INTL AIRPORT,US,+32.283,-106.917,+1357.6,20060101,20250825
722700-23044,EL PASO INTERNATIONAL AIRPORT,US,+31.812,-106.377,+1202.1,19410401,20250827
722704-99999,BIGGS AAF / FT BLISS TEXAS USA,US,+31.850,-106.380,+1203.4,20100614,20250824
722710-93045,TRH OR CONSEQCES MUNI ARPT,US,+33.237,-107.268,+1470.2,19780301,20250827
722720-93026,BISBEE DOUGLAS INTL ARPT,US,+31.458,-109.606,+1251.2,20100801,20250827
722721-93063,GRANT COUNTY AIRPORT,US,+32.633,-108.167,+1637.7,20050101,20250825
722725-23078,DEMING MUNICIPAL AIRPORT,US,+32.259,-107.721,+1311.6,20060101,20250827
722728-03196,NOGALES INTERNATIONAL ARPT,US,+31.421,-110.847,+1193.0,20060101,20250827
722730-03124,SIERRA VISTA MUNICIPAL-LIBBY AAF AIRPORT,US,+31.588,-110.344,+1438.4,19541011,20250825
722740-23160,TUCSON INTERNATIONAL AIRPORT,US,+32.132,-110.956,+0777.6,19730101,20250827
722745-23109,DAVIS-MONTHAN AFB AIRPORT,US,+32.167,-110.883,+0824.2,19410717,20250825
722747-93084,SAFFORD REGIONAL AIRPORT,US,+32.857,-109.636,+0967.8,20060101,20250827
722748-03914,CASA GRANDE MUNICIPAL ARPT,US,+32.950,-111.767,+0445.6,20060101,20250825
722749-53128,CHANDLER MUNICIPAL AIRPORT,US,+33.269,-111.813,+0378.9,20060101,20250826
722764-03029,WINDOW ROCK AIRPORT,US,+35.657,-109.060,+2055.2,20060101,20250827
722780-23183,PHOENIX SKY HARBOR INTL AIRPORT,US,+33.428,-112.004,+0339.2,19730101,20250826
722781-99999,HENRY CO,US,+36.338,-088.383,+0176.8,20140530,20250824
722783-03185,FALCON FIELD AIRPORT,US,+33.466,-111.721,+0423.3,20060101,20250827
722784-03184,PHOENIX DEER VALLEY ARPT,US,+33.690,-112.066,+0453.4,20060101,20250827
722785-23111,LUKE AFB AIRPORT,US,+33.550,-112.367,+0330.7,19411201,20250826
722786-23104,WILLIAMS GATEWAY AIRPORT,US,+33.300,-111.667,+0421.2,19420301,20250825
722787-53126,GLENDALE MUNICIPAL AIRPORT,US,+33.527,-112.295,+0324.9,20060101,20250825
722788-03186,PHOENIX GOODYEAR AIRPORT,US,+33.417,-112.383,+0295.1,20060101,20250825
722789-03192,SCOTTSDALE AIRPORT,US,+33.612,-111.923,+0436.1,20060101,20250827
722810-23199,NAF,US,+32.832,-115.664,-0014.1,19840413,20250827
722813-53146,PIONEER AIRFIELD,US,+31.606,-110.428,+1445.4,20080807,20250827
722817-03068,ELLICOTT-B AFA,US,+38.767,-104.300,+1837.9,20060501,20250818
722820-03949,PEASON RIDGE,US,+31.357,-093.176,+0115.3,20060101,20250827
722821-53988,FULLERTON LANDING STRIP,US,+31.022,-092.911,+0094.5,20060101,20250827
722823-03749,CAMP DAVID,US,+39.645,-077.468,+0563.0,20060501,20250826
722857-00368,WALHALLA MUNICIPAL AIRPORT,US,+48.941,-097.903,+0290.2,20101118,20250825
722860-23119,MARCH AIR RESERVE BASE,US,+33.900,-117.250,+0468.2,19330101,20250825
722866-99999,SAN BERNARDINO INTL,US,+34.095,-117.235,+0353.3,20090112,20250824
722868-93138,PALM SPRINGS INTL AIRPORT,US,+33.822,-116.504,+0124.7,20060101,20250827
722869-03171,RIVERSIDE MUNICIPAL ARPT,US,+33.953,-117.435,+0257.7,20060101,20250827
722874-93134,DOWNTOWN L.A./USC CAMPUS,US,+34.024,-118.291,+0054.6,20000101,20250825
722880-23152,BURBANK-GLENDALE-PASA ARPT,US,+34.200,-118.365,+0222.7,19430601,20250827
722885-93197,SANTA MONICA MUNI AIRPORT,US,+34.021,-118.447,+0053.3,20060101,20250827
722886-23130,VAN NUYS AIRPORT,US,+34.212,-118.491,+0239.2,19421211,20250827
722887-03180,BRACKETT FIELD AIRPORT,US,+34.100,-117.783,+0308.2,20060101,20250825
722890-93136,MOUNT WILSON,US,+34.233,-118.067,+1739.2,19500101,20250825
722895-23243,LOMPOC AIRPORT,US,+34.667,-120.467,+0026.8,20060101,20250826
722897-93206,SAN LUIS CO REGIONAL ARPT,US,+35.238,-120.644,+0055.8,20060101,20250827
722899-03179,CHINO AIRPORT,US,+33.976,-117.625,+0193.9,20060101,20250827
722900-23188,SAN DIEGO INTERNATIONAL AIRPORT,US,+32.734,-117.183,+0004.6,19420101,20250827
722903-03131,MONTGOMERY FIELD AIRPORT,US,+32.815,-117.137,+0127.5,20060101,20250827
722904-03178,BROWN FIELD MUNICIPAL ARPT,US,+32.576,-116.994,+0158.9,20060101,20250827
722906-93112,NORTH ISLAND NAS,US,+32.692,-117.210,+0004.4,19450401,20250827
722907-53143,GILLESPIE FIELD AIRPORT,US,+32.826,-116.973,+0118.0,20060101,20250825
722909-93115,NAVAL AUXILIARY LANDING FD,US,+32.568,-117.117,+0007.2,19730101,20250827
722910-93116,SAN NICOLAS ISLAND NAVAL OUTLYING FIELD,US,+33.234,-119.456,+0161.3,19430616,20250826
722920-23191,CATALINA AIRPORT,US,+33.404,-118.415,+0477.0,19430612,20250827
722925-93117,NALF/F. SHERMAN FLD ARPT,US,+33.023,-118.588,+0055.5,19430610,20250825
722926-03154,MARINE CORPS AIR STATION,US,+33.304,-117.355,+0021.4,19730102,20250825
722927-03177,MCCLELLAN-PALOMAR AIRPORT,US,+33.130,-117.277,+0095.3,20060101,20250827
722928-00369,MCOLF CAMP PENDLETON RED BEACH AIRPORT,US,+33.286,-117.456,+0027.1,20091029,20250813
722931-93107,MARINE CORPS AIR STATION,US,+32.867,-117.133,+0145.4,20050401,20250825
722934-53121,OCEANSIDE MUNICIPAL ARPT,US,+33.219,-117.350,+0009.1,20060101,20250827
722950-23174,LOS ANGELES INTERNATIONAL AIRPORT,US,+33.938,-118.387,+0029.7,19440101,20250827
722953-03183,MOJAVE AIRPORT,US,+35.067,-118.150,+0849.5,20060102,20250825
722955-03174,ZAMPERINI FIELD AIRPORT,US,+33.803,-118.340,+0029.6,20060101,20250825
722956-03167,NRTHORP FLD/HATHRN MUNI AP,US,+33.924,-118.333,+0016.6,20060101,20250827
722970-23129,LONG BEACH / DAUGHERTY FIELD / AIRPORT,US,+33.812,-118.147,+0010.2,19430101,20250827
722972-63878,LITCHFIELD MUNICIPAL AIRPORT,US,+39.163,-089.675,+0210.3,20060101,20250825
722975-53141,LOS ALAMITOS AAF AIRPORT,US,+33.790,-118.052,+0010.7,20060101,20250825
722976-03166,FULLERTON MUNICIPAL ARPT,US,+33.872,-117.986,+0026.3,20060101,20250827
722977-93184,J. WAYNE APT-ORANGE CO APT,US,+33.680,-117.867,+0013.0,19400617,20250827
723010-03810,HICKORY REGIONAL AIRPORT,US,+35.742,-081.382,+0356.6,20050101,20250827
723020-13748,WILMINGTON INTERNATIONAL AIRPORT,US,+34.267,-077.900,+0007.0,20050101,20250827
723030-13714,POPE AFB AIRPORT,US,+35.174,-079.009,+0066.5,19370703,20250825
723034-93747,MACKALL AAF AIRPORT,US,+35.033,-079.500,+0114.6,20060103,20250825
723035-93740,FAYETT RGNL/GRANNIS FLD AP,US,+34.990,-078.880,+0056.7,20060101,20250827
723037-93765,MICHAEL J SMITH FLD ARPT,US,+34.733,-076.657,+0001.5,20060101,20250827
723046-13766,DARE COUNTY REGIONAL AIRPORT,US,+35.917,-075.702,+0004.0,20050101,20250825
723055-63816,STATESVILLE MUNICIPAL ARPT,US,+35.765,-080.957,+0294.1,20060101,20250826
723060-13722,RALEIGH-DURHAM INTERNATIONAL AP,US,+35.892,-078.782,+0120.5,19451101,20250827
723062-00370,PINEY ISLAND,US,+35.020,-076.460,+0005.2,20210906,20250825
723065-13783,PITT-GREENVILLE AIRPORT,US,+35.633,-077.383,+0007.6,20050101,20250825
723066-13713,SEYMOUR-JOHNSON AFB AIRPORT,US,+35.344,-077.965,+0033.2,19430601,20250825
723067-93726,KINSTON REGIONAL JETPORT AT STALLING FIELD,US,+35.317,-077.633,+0028.7,19730608,20250825
723068-93759,ROCKY MOUNT-WILSON RGN APT,US,+35.850,-077.895,+0045.6,20060101,20250827
723069-93753,ALBERT J ELLIS AIRPORT,US,+34.833,-077.617,+0029.3,20060101,20250826
723070-13786,ELZ CTY CG/AIR STN RGNL AP,US,+36.258,-076.172,+0001.7,20050101,20250827
723074-03703,NORTHEASTERN REGIONAL ARPT,US,+36.028,-076.567,+0006.1,20060101,20250825
723075-13769,OCEANA NAS,US,+36.817,-076.033,+0007.0,19730101,20250825
723079-93796,TRI-COUNTY AIRPORT,US,+36.298,-077.171,+0020.7,20060101,20250826
723080-13737,NORFOLK INTERNATIONAL AIRPORT,US,+36.904,-076.193,+0003.3,19730101,20250827
723083-13763,FRANKLIN MUNICIPAL-JOHN BEVERLY ROSE AIRPORT,US,+36.698,-076.903,+0012.5,19941016,20250825
723084-93775,HANOVER CO MUNICIPAL ARPT,US,+37.709,-077.435,+0061.6,20050101,20250827
723085-13750,NORFOLK NAS,US,+36.937,-076.289,+0005.2,19730101,20250827
723086-93741,NWPT NEWS/WIMBURG INTL APT,US,+37.132,-076.494,+0010.9,20000101,20250827
723087-93735,FELKER ARMY AIRFIELD,US,+37.133,-076.600,+0003.7,19601101,20250825
723090-13754,CHERRY POINT MCAS,US,+34.900,-076.883,+0008.8,19730101,20250825
723095-93719,CRAVEN COUNTY REG AIRPORT,US,+35.068,-077.048,+0003.2,19730101,20250827
723096-93727,JACKSONVILLE,US,+34.708,-077.440,+0007.9,19730101,20250825
723097-93743,BOGUE FIELD MARINE CORPS AUXILIARY FIELD,US,+34.683,-077.033,+0006.4,19870504,20250821
723098-93798,CULPEPER REGIONAL AIRPORT,US,+38.527,-077.859,+0096.3,20060101,20250826
723100-13883,COLUMBIA METROPOLITAN AIRPORT,US,+33.942,-081.118,+0068.3,19420424,20250826
723104-53867,COLUMBIA OWENS DOWNTOWN AP,US,+33.972,-080.994,+0054.7,20060101,20250826
723105-03858,MCENTIRE AIR NATIONAL GUARD STATION,US,+33.967,-080.800,+0077.4,20050103,20250826
723106-13744,FLORENCE REGIONAL AIRPORT,US,+34.188,-079.731,+0043.0,19730101,20250827
723107-00371,SANTEE COOPER REGIONAL AIRPORT,US,+33.587,-080.209,+0031.1,20090101,20250825
723108-13776,LUMBERTON MUNICIPAL ARPT,US,+34.608,-079.059,+0036.9,19980902,20250827
723109-93782,LAURINBURG-MAXTON AIRPORT,US,+34.791,-079.368,+0064.9,20060101,20250827
723110-13873,ATHENS/BEN EPPS AIRPORT,US,+33.948,-083.327,+0239.0,19730101,20250827
723114-03715,LOUISA CO/FREEMAN FLD ARPT,US,+38.010,-077.970,+0150.3,20060101,20250826
723115-53854,ORANGEBURG MUNICIPAL ARPT,US,+33.464,-080.853,+0059.0,20060101,20250827
723116-03742,DARLINGTON COUNTY JETPORT AIRPORT,US,+34.466,-079.890,+0058.5,20060101,20250825
723117-53871,RK HL/YORK CO/BRYNT FD APT,US,+34.984,-081.056,+0197.4,20060101,20250827
723118-53850,OCCONEE COUNTY RGNL ARPT,US,+34.672,-082.881,+0270.8,20060101,20250827
723119-13886,GREENVILLE DOWNTOWN ARPT,US,+34.849,-082.350,+0309.9,19420908,20250827
723120-03870,GREENVILLE-SPARTANBURG INTL AIRPORT,US,+34.906,-082.213,+0294.4,19730101,20250827
723122-63889,DONALDSON CENTER AIRPORT,US,+34.758,-082.376,+0291.1,20060101,20250825
723123-14886,Kings Land O' Lakes Airport,US,+46.150,-089.217,+0519.4,20060101,20250825
723124-53874,GREENWOOD COUNTY AIRPORT,US,+34.254,-082.153,+0188.2,20060101,20250827
723126-99999,SPARTANBURG DOWNTOWN MEM,US,+34.916,-081.957,+0244.1,20090420,20250824
723139-93729,BILLY MITCHELL AIRPORT,US,+35.232,-075.622,+0003.8,19960101,20250827
723140-13881,CHARLOTTE/DOUGLAS INTERNATIONAL AP,US,+35.223,-080.954,+0222.6,19410722,20250827
723143-03720,MOORE COUNTY AIRPORT,US,+35.237,-079.391,+0140.5,20060101,20250825
723144-53890,RURFTON CO-MARCHMAN FLD AP,US,+35.428,-081.935,+0328.6,20060101,20250825
723146-53892,ASHE COUNTY AIRPORT,US,+36.432,-081.419,+0969.3,20060101,20250825
723147-53870,GASTONIA MUNICIPAL AIRPORT,US,+35.197,-081.156,+0241.5,20060101,20250827
723148-63859,MORGANTON-LENOIR AIRPORT,US,+35.821,-081.611,+0387.1,20060101,20250826
723150-03812,ASHEVILLE REGIONAL AIRPORT,US,+35.432,-082.538,+0645.6,19730101,20250827
723156-63812,ROWAN COUNTY AIRPORT,US,+35.646,-080.520,+0235.6,20050101,20250826
723160-13870,BACON COUNTY AIRPORT,US,+31.540,-082.507,+0058.2,20050101,20250827
723165-63821,WILKES COUNTY AIRPORT,US,+36.223,-081.098,+0396.2,20060101,20250826
723170-13723,PIEDMONT TRIAD INTERNATIONAL AIRPORT,US,+36.097,-079.943,+0275.0,19451101,20250827
723171-53144,NORTH AUXILIARY AIRFIELD EDWARDS AFB,US,+34.988,-117.865,+0695.9,20060101,20250825
723174-93783,BURLINGTON ALAMANCE RGL AP,US,+36.048,-079.474,+0185.0,20060101,20250827
723177-63807,MOUNT AIRY/SURRY CO ARPT,US,+36.460,-080.553,+0380.1,20060101,20250826
723190-93846,ANDERSON REGIONAL AIRPORT,US,+34.498,-082.709,+0233.8,20050101,20250827
723193-93807,SMITH REYNOLDS AIRPORT,US,+36.133,-080.224,+0291.6,19900208,20250827
723194-53872,MONROE AIRPORT,US,+35.015,-080.624,+0204.4,20060101,20250827
723200-93801,RICHARD B RUSSELL AIRPORT,US,+34.348,-085.162,+0194.8,19780101,20250827
723230-03856,HUNTSVILLE INTL/C.T.JONES FIELD AIRPORT,US,+34.644,-086.786,+0190.0,19730101,20250827
723231-63883,REDSTONE ARMY AIRFIELD,US,+34.679,-086.685,+0208.8,20060103,20250822
723235-13896,NORTH WEST ALABAMA REGIONAL AIRPORT,US,+34.744,-087.600,+0165.8,19730101,20250827
723240-13882,LOVELL FIELD AIRPORT,US,+35.034,-085.200,+0204.0,19730101,20250826
723249-00463,MAURY COUNTY AIRPORT,US,+35.554,-087.179,+0207.9,20130309,20250825
723250-03847,CROSSVILLE MEMORIAL -WHITSON FIELD APT,US,+35.951,-085.081,+0568.6,20050101,20250827
723260-13891,MC GHEE TYSON AIRPORT,US,+35.818,-083.986,+0295.8,19480101,20250827
723264-99999,KNOXVILLE DOWNTOWN ISLAND,US,+35.964,-083.874,+0253.9,19790507,20250824
723270-13897,NASHVILLE INTERNATIONAL AIRPORT,US,+36.111,-086.688,+0179.0,19510101,20250827
723271-99999,JOHN C TUNE,US,+36.182,-086.887,+0150.9,20151210,20250824
723273-13827,SMYRNA AIRPORT,US,+36.009,-086.520,+0165.5,20060101,20250825
723274-00372,UPPER CUMBERLAND REGIONAL AIRPORT,US,+36.056,-085.531,+0312.1,20120604,20250826
723280-03894,OUTLAW FIELD AIRPORT,US,+36.617,-087.412,+0167.7,20050101,20250827
723284-93839,MILLINGTON MUNICIPAL AIRPORT,US,+35.350,-089.867,+0097.5,20050101,20250824
723290-03935,CAPE GIRARDEAU RGNL ARPT,US,+37.225,-089.579,+0101.8,20100801,20250827
723300-03975,POPLAR BUFF MUNICIAL ARPT,US,+36.770,-090.322,+0099.6,20060101,20250827
723306-13825,COLUMBUS AFB AIRPORT,US,+33.650,-088.450,+0066.8,19420301,20250825
723307-53893,GOLDEN TRIANGLE RGNL APT,US,+33.450,-088.583,+0080.5,20060101,20250825
723320-93862,TUPELO REGIONAL AIRPORT,US,+34.262,-088.771,+0103.8,19910301,20250827
723340-13893,MEMPHIS INTERNATIONAL AIRPORT,US,+35.056,-089.986,+0076.6,19461001,20250827
723346-03811,MCKELLAR-SIPES RGNL ARPT,US,+35.593,-088.917,+0129.2,19730101,20250827
723347-03809,DYERSBURG MUNICIPAL ARPT,US,+36.000,-089.409,+0091.4,19430412,20250825
723350-13877,TRI-CITIES REGIONAL TN/VA AIRPORT,US,+36.480,-082.399,+0455.9,20050101,20250827
723400-03952,NORTH LITTLE ROCK AIRPORT,US,+34.835,-092.260,+0171.6,20060101,20250824
723403-13963,ADAMS FIELD AIRPORT,US,+34.727,-092.236,+0076.4,19900228,20250827
723405-03930,LITTLE ROCK AFB AIRPORT,US,+34.917,-092.150,+0094.8,19560101,20250825
723406-93991,WALNUT RIDGE REGIONAL ARPT,US,+36.125,-090.924,+0083.2,20050101,20250825
723407-03953,JONESBORO MUNICIPAL ARPT,US,+35.836,-090.644,+0078.9,20060101,20250827
723408-13814,ARKANSAS INTERNATIONAL AIRPORT,US,+35.967,-089.950,+0077.4,19420901,20250213
723409-53869,BLYTHEVILLE MUNI AIRPORT,US,+35.938,-089.833,+0077.6,20060101,20250823
723415-03962,MEMORIAL FIELD AIRPORT,US,+34.476,-093.104,+0154.0,20060101,20250827
723416-13925,STUTTGART MUNICIPAL ARPT,US,+34.600,-091.574,+0068.3,20060101,20250825
723417-93988,GRIDER FIELD AIRPORT,US,+34.180,-091.934,+0062.1,19730101,20250824
723418-13977,TEXARKANA REGIONAL AIRPORT-WEBB FIELD,US,+33.456,-093.988,+0115.8,19460729,20250827
723419-93992,S. AR RGNL AT GDWIN FLD AP,US,+33.221,-092.814,+0078.0,19730101,20250827
723425-00373,HARRELL FIELD AIRPORT,US,+33.617,-092.767,+0040.2,20070501,20250825
723429-53920,MUNICIPAL AIRPORT,US,+35.257,-093.095,+0115.7,20060101,20250827
723434-03973,SPRINGDALE MUNICIPAL ARPT,US,+36.176,-094.119,+0412.4,20060101,20250825
723435-53921,MOUNT IDA,US,+34.547,-093.578,+0214.0,20050101,20250826
723436-53922,NW ARKANSAS REGIONAL ARPT,US,+36.290,-094.312,+0389.6,20060101,20250827
723439-53918,OZARK REGIONAL AIRPORT,US,+36.371,-092.472,+0281.1,20060101,20250827
723440-13964,FORT SMITH REGIONAL AIRPORT,US,+35.333,-094.365,+0136.7,19470101,20250827
723441-54921,ALBION MUNICIPAL AIRPORT,US,+41.730,-098.054,+0548.3,20060101,20250825
723443-53955,SMITH FIELD AIRPORT,US,+36.191,-094.491,+0363.6,20060101,20250826
723444-03978,BENTONVILLE MUNI/LOUIS M THADEN FIELD AIRPORT,US,+36.350,-094.217,+0395.0,20060101,20250825
723445-93993,DRAKE FIELD AIRPORT,US,+36.010,-094.168,+0377.1,19730101,20250827
723447-03918,MARION COUNTY RGNL AIRPORT,US,+36.291,-092.590,+0219.2,20050101,20250825
723448-53934,BATESVILLE REGIONAL ARPT,US,+35.726,-091.647,+0141.1,20060101,20250825
723449-53954,ROGERS MUNI-CARTER FLD APT,US,+36.372,-094.107,+0412.4,20060101,20250825
723450-13971,BOONE COUNTY AIRPORT,US,+36.267,-093.157,+0418.0,20050101,20250827
723484-53901,WEST PLAINS MUNICIPAL ARPT,US,+36.879,-091.905,+0373.6,20060101,20250827
723495-13987,JOPLIN REGIONAL AIRPORT,US,+37.152,-094.495,+0296.4,19730101,20250827
723510-13966,SHEPPARD AFB/WICHITA FALLS MUNI AP,US,+33.979,-098.493,+0308.6,19420413,20250825
723513-99999,SHEPPARD AFB,US,+33.967,-098.483,+0310.6,19870731,20250730
723520-13902,ALTUS AFB AIRPORT,US,+34.650,-099.267,+0421.2,19430201,20250825
723525-93986,HOBART MUNICIPAL AIRPORT,US,+34.989,-099.053,+0473.4,19730101,20250827
723526-03932,CLINTON-SHERMAN AIRPORT,US,+35.357,-099.204,+0584.7,20060101,20250827
723528-03981,FREDERICK MUNICIPAL AIRPT,US,+34.353,-098.988,+0378.2,20060101,20250827
723530-13967,WILL ROGERS WORLD AIRPORT,US,+35.388,-097.600,+0389.9,19411214,20250827
723535-13909,VANCE AIR FORCE BASE,US,+36.333,-097.917,+0398.1,20060103,20250826
723536-53986,ENID WOODRING REGIONAL AIRPORT,US,+36.383,-097.800,+0355.7,20060101,20250826
723537-53913,GUTHRIE MUNICIPAL AIRPORT,US,+35.852,-097.414,+0324.6,20060101,20250827
723540-13919,TINKER AFB AIRPORT,US,+35.417,-097.383,+0393.5,19421214,20250825
723544-03954,WILEY POST AIRPORT,US,+35.541,-097.647,+0390.2,20060101,20250826
723545-03965,STILLWATER REGIONAL ARPT,US,+36.162,-097.089,+0292.9,20060101,20250827
723550-13945,HENRY POST AAF AIRPORT,US,+34.650,-098.400,+0362.4,19390901,20250822
723555-93940,ARDMORE MUNICIPAL AIRPORT,US,+34.300,-097.017,+0221.0,20060101,20250826
723556-93953,DAVIS FIELD AIRPORT,US,+35.658,-095.366,+0183.4,20060101,20250827
723560-13968,TULSA INTERNATIONAL AIRPORT,US,+36.199,-095.878,+0194.9,19470101,20250827
723564-53908,RICHARD LLOYD JONES JR APT,US,+36.042,-095.990,+0189.1,20060101,20250827
723565-03959,BARTLESVILLE MUNICIPAL AIRPORT,US,+36.766,-096.013,+0210.4,20060101,20250827
723566-93950,MC ALESTER REGIONAL ARPT,US,+34.882,-095.782,+0229.6,19530701,20250827
723570-03948,UNIVERSITY OF OKLAHOMA WESTHEIMER AIRPORT,US,+35.250,-097.467,+0360.3,20060101,20250826
723575-03950,LAWTON-FORT SILL RGNL ARPT,US,+34.558,-098.417,+0326.0,20050101,20250827
723600-23051,CLAYTON MUNICIPAL AIRPARK AIRPORT,US,+36.448,-103.154,+1514.6,19770827,20250827
723620-93040,SOCORRO MUNICIPAL AP,US,+34.067,-106.900,+1485.9,20070608,20250825
723625-93057,GRANTS-MILAN MUNI AIRPORT,US,+35.165,-107.902,+1987.3,19480101,20250825
723626-03737,CURRITUCK COUNTY AIRPORT,US,+36.399,-076.016,+0004.9,20050101,20250825
723627-23081,GALLUP MUNICIPAL AIRPORT,US,+35.509,-108.793,+1970.3,19730101,20250827
723628-93942,CURTIS FIELD AIRPORT,US,+31.178,-099.324,+0556.9,20060101,20250825
723629-53998,ORANGE COUNTY AIRPORT,US,+30.069,-093.804,+0004.0,20060101,20250825
723630-23047,AMARILLO RICK HUSBAND INTL AIRPORT,US,+35.220,-101.717,+1099.3,19430301,20250827
723635-03024,HUTCHINSON COUNTY AIRPORT,US,+35.695,-101.396,+0926.8,20060101,20250827
723640-99999,DONA ANA COUNTY INTL JETPORT ARPT/SANTA TERESA,US,+31.880,-106.703,+1253.6,19950911,20250824
723647-03034,DOUBLE EAGLE II AIRPORT,US,+35.145,-106.795,+1779.1,20060101,20250825
723650-23050,ALBUQUERQUE INTL SUNPORT AIRPORT,US,+35.042,-106.615,+1618.4,19410701,20250827
723654-93091,LOS ALAMOS AIRPORT,US,+35.883,-106.283,+2185.7,20060101,20250825
723656-23049,SANTA FE MUNICIPAL AIRPORT,US,+35.611,-106.096,+1916.3,19460801,20250827
723658-23090,FOUR CORNERS REGIONAL ARPT,US,+36.744,-108.229,+1676.2,19730101,20250827
723660-23007,CHILDRESS MUNICIPAL ARPT,US,+34.427,-100.284,+0593.9,20050101,20250827
723663-03012,TAOS REGIONAL AIRPORT,US,+36.450,-105.667,+2161.3,20060101,20250509
723676-23048,TUCUMCARI MUNICIPAL ARPT,US,+35.181,-103.601,+1230.9,19460801,20250827
723677-23054,LAS VEGAS MUNICIPAL ARPT,US,+35.656,-105.139,+2094.0,19460801,20250827
723700-93167,KINGMAN AIRPORT,US,+35.257,-113.934,+1043.5,19990101,20250827
723710-03162,PAGE MUNICIPAL AIRPORT,US,+36.921,-111.449,+1307.0,20060101,20250827
723723-23184,ERNEST A. LOVE FIELD ARPT,US,+34.649,-112.422,+1527.8,19900228,20250827
723740-23194,WINSLOW-LINDBERGH REGIONAL AIRPORT,US,+35.028,-110.722,+1489.2,19730101,20250827
723745-00374,PAYSON AIRPORT,US,+34.257,-111.339,+1572.2,20100115,20250826
723747-03101,SHOW LOW MUNICIPAL AIRPORT,US,+34.264,-110.008,+1954.1,20060101,20250825
723750-03103,FLAGSTAFF PULLIAM AIRPORT,US,+35.144,-111.666,+2133.3,20050101,20250827
723754-93027,ST JOHNS INDUS AIRPK ARPT,US,+34.518,-109.380,+1745.6,20060101,20250827
723756-00375,SEDONA AIRPORT,US,+34.850,-111.783,+1471.3,20090302,20250825
723758-54928,RUSK COUNTY AIRPORT,US,+45.497,-091.001,+0377.3,20090617,20250825
723759-53990,MC CURTAIN COUNTY REGIONAL AIRPORT,US,+33.909,-094.859,+0143.9,20060101,20250825
723760-99999,FLAGSTAFF,US,+35.217,-111.817,+2181.6,19981002,20250824
723761-23901,CALDWELL MUNICIPAL AIRPORT,US,+30.516,-096.704,+0119.2,20060101,20250825
723762-93244,SANTA YNEZ AIRPORT,US,+34.607,-120.076,+0204.5,20060105,20250826
723783-03195,GRAND CANYON NATL PARK APT,US,+35.946,-112.155,+1993.3,20060101,20250827
723788-53135,LAUGHLIN/BULLHEAD INTERNATIONAL AIRPORT,US,+35.157,-114.559,+0211.8,20060101,20250824
723805-23179,NEEDLES AIRPORT,US,+34.768,-114.618,+0270.6,19770217,20250827
723810-23114,EDWARDS AIR FORCE BASE,US,+34.900,-117.867,+0704.4,19411201,20250825
723815-23161,BARSTOW-DAGGETT AIRPORT,US,+34.854,-116.787,+0584.8,19490101,20250827
723816-03159,GENERAL WILLIAM J. FOX AIRFIELD AIRPORT,US,+34.741,-118.213,+0712.6,19740601,20250827
723820-23182,PDLE PRODN FLT/TST AF PLT,US,+34.629,-118.083,+0764.8,19730101,20250827
723825-23131,SOUTHERN CALIFORNIA LOGISTICS AIRPORT,US,+34.583,-117.383,+0879.4,19420101,20250825
723830-23187,SANDBERG,US,+34.744,-118.725,+1374.7,19730101,20250827
723840-23155,MEADOWS FIELD AIRPORT,US,+35.434,-119.055,+0149.3,19411001,20250827
723860-23169,MCCARRAN INTERNATIONAL AIRPORT,US,+36.072,-115.163,+0662.8,19730101,20250827
723870-03160,DESERT ROCK AIRPORT,US,+36.621,-116.028,+0984.5,19780515,20250827
723890-93193,FRESNO YOSEMITE INTERNATIONAL AIRPORT,US,+36.780,-119.720,+0101.9,19411204,20250827
723894-03181,MAMMOTH YOSEMITE AIRPORT,US,+37.633,-118.850,+2172.6,20060103,20250825
723895-23149,PORTERVILLE MUNICIPAL ARPT,US,+36.029,-119.063,+0134.7,20060101,20250825
723896-93144,VISALIA MUNICIPAL AIRPORT,US,+36.317,-119.400,+0089.9,20060101,20250825
723897-99999,FRESNO CHANDLER EXECUTIVE,US,+36.732,-119.820,+0084.7,20150717,20250824
723898-53119,HANFORD MUNICIPAL AIRPORT,US,+36.311,-119.623,+0076.0,20060101,20250827
723910-93111,POINT MUGU,US,+34.124,-119.123,+0003.8,19730101,20250827
723925-23190,SANTA BARBARA MUNICIPAL AIRPORT,US,+34.424,-119.842,+0002.5,19730101,20250827
723926-23136,CAMARILLO AIRPORT,US,+34.211,-119.088,+0021.6,20050101,20250827
723927-93110,OXNARD AIRPORT,US,+34.200,-119.204,+0011.9,19440401,20250827
723930-93214,VANDENBERG AFB,US,+34.717,-120.567,+0112.5,20060101,20250826
723940-23273,SANTA MARIA PUB/CAPT G A HANCOCK AP,US,+34.894,-120.452,+0074.2,19730101,20250827
723965-93209,PASO ROBLES MUNICIPAL ARPT,US,+35.669,-120.629,+0249.8,19411201,20250827
723980-93720,SALBRY-OCN CTY WICO RGNL AP,US,+38.341,-075.513,+0014.4,20050101,20250827
723990-14711,HARRISBURG INTERNATIONAL AIRPORT,US,+40.196,-076.772,+0091.1,20050101,20250827
724006-03701,CHESAPEAKE REGIONAL ARPT,US,+36.666,-076.321,+0006.1,20060101,20250826
724007-03719,SUFFOLK MUNICIPAL AIRPORT,US,+36.682,-076.602,+0022.0,20050101,20250825
724010-13740,RICHMOND INTERNATIONAL AIRPORT,US,+37.512,-077.323,+0050.7,19420924,20250826
724014-93714,DINWIDDIE COUNTY AIRPORT,US,+37.183,-077.500,+0058.8,20060101,20250826
724015-99999,ALLEN C PERKINSON BLACKSTONE AAF / FT PICKETT VIRGINIA USA,US,+37.074,-077.958,+0133.8,20030922,20250824
724016-93736,CHARLOTTESVILLE ALBEMARLE ARPT,US,+38.137,-078.455,+0192.3,19730101,20250827
724017-03707,FARMVILLE REGIONAL AIRPORT,US,+37.358,-078.438,+0127.1,20060101,20250826
724019-93773,WAKEFIELD MUNICIPAL ARPT,US,+36.983,-077.001,+0032.0,20060101,20250827
724020-93739,WALLOPS FLIGHT FACILITY AIRPORT,US,+37.937,-075.466,+0009.7,19730101,20250827
724026-03716,ACCOMACK COUNTY AIRPORT,US,+37.647,-075.761,+0014.3,20060101,20250825
724030-93738,WASHINGTON DULLES INTERNATIONAL AP,US,+38.935,-077.447,+0089.5,19730101,20250827
724033-03706,SHANNON AIRPORT,US,+38.267,-077.449,+0025.9,20060101,20250825
724035-13773,QUANTICO MCAF,US,+38.504,-077.305,+0003.1,19730101,20250826
724036-03710,MANSAS RGNL/H P DAVS FD AP,US,+38.721,-077.515,+0058.5,20060101,20250826
724037-93728,DAVISON AAF AIRPORT,US,+38.717,-077.183,+0022.3,19570201,20250825
724040-13721,NAVAL AIR STATION,US,+38.300,-076.417,+0011.9,19450301,20250826
724043-03756,EASTON/NEWNAM FIELD AIRPORT,US,+38.804,-076.069,+0022.0,20060428,20250825
724050-13743,RONALD REAGAN WASHINGTON NATL AP,US,+38.847,-077.035,+0004.1,19360901,20250827
724053-03717,WINCHESTER REGIONAL ARPT,US,+39.143,-078.144,+0221.6,20060101,20250826
724055-03714,LESSBURG EXECUTIVE AIRPORT,US,+39.078,-077.558,+0118.6,20060101,20250825
724056-63805,MOUNTIAN EMPIRE AIRPORT,US,+36.895,-081.350,+0780.0,20060101,20250825
724057-13701,PHILLIPS ARMY AIRFIELD,US,+39.472,-076.170,+0017.4,20060103,20250825
724058-53818,VIRGINIA HIGHLANDS AIRPORT,US,+36.683,-082.033,+0630.9,20060101,20250825
724060-93721,BALTIMORE-WASHINGTON INTL AIRPORT,US,+39.173,-076.684,+0042.0,19450101,20250827
724065-99999,TIPTON,US,+39.085,-076.759,+0045.7,20050519,20250824
724066-93706,HGRTWN RGNL-R.HNSON FLD AP,US,+39.706,-077.730,+0209.4,20060101,20250827
724067-93744,MARTIN STATE AIRPORT,US,+39.333,-076.417,+0006.4,20060101,20250825
724070-93730,ATLANTIC CITY INTERNATIONAL AIRPORT,US,+39.452,-074.567,+0017.8,19470101,20250826
724074-93780,SOUTH JERSEY REGIONAL ARPT,US,+39.941,-074.841,+0015.2,20060101,20250827
724075-13735,MILLVILLE MUNICIPAL ARPT,US,+39.366,-075.078,+0017.8,19730101,20250825
724077-54779,AEROFLEX-ANDOVER AIRPORT,US,+41.009,-074.736,+0176.8,20060101,20250827
724080-13739,PHILADELPHIA INTERNATIONAL AIRPORT,US,+39.873,-075.227,+0002.2,19730101,20250827
724084-54760,MONMOUTH EXECUTIVE AIRPORT,US,+40.187,-074.125,+0048.5,20060101,20250826
724085-94732,NE PHILADELPHIA AIRPORT,US,+40.079,-075.013,+0032.9,19730101,20250827
724088-13707,DOVER AFB AIRPORT,US,+39.133,-075.467,+0008.5,19421201,20250825
724090-14780,NAES/MAXFIELD FIELD,US,+40.033,-074.350,+0030.8,19730101,20250825
724093-13764,SUSSEX COUNTY AIRPORT,US,+38.690,-075.362,+0015.1,20060101,20250827
724094-54743,ESSEX COUNTY AIRPORT,US,+40.876,-074.283,+0052.0,20060101,20250827
724095-14792,TRENTON MERCER AIRPORT,US,+40.277,-074.816,+0057.9,19730101,20250827
724096-14706,MCGUIRE AFB AIRPORT,US,+40.017,-074.600,+0039.9,19420801,20250826
724097-54738,MORRISTOWN MUNICIPAL AIRPORT,US,+40.800,-074.417,+0057.0,20060101,20250826
724100-13733,LYNCHBURG RGNL/PRESTON GLENN FLD AP,US,+37.321,-079.206,+0274.9,19730101,20250827
724105-93760,SHENANDOAH VALLEY RGNL ART,US,+38.264,-078.896,+0366.1,20060101,20250826
724106-13728,DANVILLE REGIONAL AIRPORT,US,+36.573,-079.335,+0168.2,19730101,20250827
724107-53895,TWIN COUNTY AIRPORT,US,+36.766,-080.823,+0820.8,20060101,20250825
724110-13741,ROANOKE REGIONAL/WOODRUM FIELD AP,US,+37.317,-079.974,+0346.8,19730101,20250825
724113-53881,VIRGINIA TECH AIRPORT,US,+37.208,-080.408,+0649.8,20060101,20250825
724115-93757,INGALLS FIELD AIRPORT,US,+37.950,-079.817,+1156.1,20060101,20250825
724116-13868,NEW RIVER VALLEY AIRPORT,US,+37.133,-080.683,+0641.6,19940818,20250825
724117-63802,LONESOME PINE AIRPORT,US,+36.988,-082.530,+0818.1,20060101,20250825
724118-93797,MCKNBRG-BRUNWICK RGNL ARPT,US,+36.688,-078.054,+0134.7,20060101,20250825
724120-03872,RALEIGH COUNTY MEMORIAL AIRPORT,US,+37.784,-081.123,+0760.2,19730101,20250827
724125-03859,MERCER COUNTY AIRPORT,US,+37.298,-081.204,+0870.1,20000101,20250827
724127-53801,GREENBRIER VALLEY ARIPORT,US,+37.867,-080.400,+0701.7,20060101,20250825
724140-13866,YEAGER AIRPORT,US,+38.380,-081.591,+0278.1,19730101,20250825
724170-13729,ELKINS-RAND CO-J.RAND FIELD AIRPORT,US,+38.890,-079.855,+0595.7,19730101,20250827
724175-03802,HARRISON/MARION RGNL ARPT,US,+39.302,-080.224,+0367.4,20060101,20250827
724176-13736,MGTN RGNL-W L B HART FD AP,US,+39.650,-079.921,+0373.6,19730101,20250827
724177-13734,ETRN WV RGNL/SHPHERD FD AP,US,+39.404,-077.975,+0165.0,19730101,20250827
724180-13781,WILMINGTON AIRPORT,US,+39.674,-075.606,+0022.4,20050101,20250827
724190-03889,JULIAN CARROLL AIRPORT,US,+37.591,-083.314,+0413.0,20050101,20250827
724200-14891,MANSFIELD LAHM REGIONAL AIRPORT,US,+40.820,-082.518,+0392.8,20050101,20250827
724210-93814,CINCINNATI/NORTHERN KENTUCKY INTL AP,US,+39.044,-084.672,+0262.4,19730101,20250827
724220-93820,BLUE GRASS AIRPORT,US,+38.034,-084.611,+0293.2,19730101,20250825
724230-93821,LOUISVILLE INTL-STANDIFORD FIELD AP,US,+38.177,-085.731,+0146.3,19730101,20250827
724233-53841,CAPITAL CITY AIRPORT,US,+38.185,-084.904,+0236.8,20060101,20250827
724235-13810,BOWMAN FIELD AIRPORT,US,+38.230,-085.663,+0164.6,19411101,20250827
724237-53803,OWENSBORO-DAVIESS COUNTY AIRPORT,US,+37.750,-087.167,+0122.8,20060101,20250825
724238-53886,HENDERSON CITY-COUNTY ARPT,US,+37.800,-087.683,+0118.0,20060101,20250825
724240-13807,GODMAN AAF AIRPORT,US,+37.900,-085.967,+0230.1,19450301,20250826
724243-03849,LDON-CRBN APT-MGEE FLD APT,US,+37.090,-084.069,+0360.0,19910321,20250827
724250-03860,TRI-STATE/M.J.FERGUS,US,+38.365,-082.555,+0251.3,19730101,20250827
724270-53868,OAK RIDGE,US,+36.023,-084.234,+0274.3,20100801,20250827
724273-03804,PARKERSBURG/MID-OHIO VALLEY REGIONAL AIRPORT,US,+39.339,-081.444,+0245.3,19900208,20250827
724275-14894,WHEELING OHIO COUNTY ARPT,US,+40.170,-080.644,+0364.3,19730101,20250827
724276-53859,DAYTON-WRIGHT BROTHERS APT,US,+39.592,-084.226,+0290.4,20060101,20250827
724280-14821,PORT COLUMBUS INTERNATIONAL AIRPORT,US,+39.991,-082.877,+0246.8,19450401,20250827
724284-63825,BOLTON FIELD AIRPORT,US,+39.900,-083.133,+0275.8,20060101,20250825
724285-13812,RICKENBACKER INTL AIRPORT,US,+39.817,-082.933,+0226.8,19420801,20250825
724286-93824,ZANESVILLE MUNICIPAL ARPT,US,+39.946,-081.893,+0268.6,19730101,20250827
724287-04848,METCALF FIELD AIRPORT,US,+41.563,-083.477,+0189.0,20060101,20250827
724288-04804,OHIO STATE UNIVERSITY ARPT,US,+40.078,-083.078,+0275.0,20060101,20250827
724290-93815,J.M.COX DAYTON INTERNATIONAL AIRPORT,US,+39.906,-084.219,+0302.6,19730101,20250827
724294-53844,FAIRFIELD COUNTY AIRPORT,US,+39.757,-082.663,+0258.7,20060101,20250827
724295-63888,SPRINGFIELD-BECKLEY MUNICIPAL AIRPORT,US,+39.840,-083.840,+0320.3,20060103,20250825
724296-13841,AIRBORNE AIRPARK AIRPORT,US,+39.431,-083.777,+0324.9,19430801,20250827
724297-93812,CINA MUNI APT/LUKN FD APT,US,+39.106,-084.416,+0144.9,19730101,20250827
724298-04850,LIMA ALLEN COUNTY AIRPORT,US,+40.708,-084.021,+0293.0,20060101,20250827
724303-14813,AKRON FULTON INTL AIRPORT,US,+41.037,-081.463,+0318.1,19990502,20250827
724320-93817,EVANSVILLE REGIONAL AIRPORT,US,+38.050,-087.515,+0122.5,19730101,20250827
724330-03879,SALEM-LECKRONE AIRPORT,US,+38.650,-088.967,+0173.7,20060101,20250825
724335-93894,MOUNT VERNON AIRPORT,US,+38.323,-088.858,+0146.3,20060101,20250826
724336-93810,SOUTHERN ILLINOIS AIRPORT,US,+37.783,-089.245,+0122.1,20060101,20250827
724338-13802,SCOTT AIR FORCE BASE/MIDAMERICA AIRPORT,US,+38.550,-089.850,+0139.9,19380101,20250825
724339-03865,WILLIAMSON COUNTY RGNL APT,US,+37.750,-089.000,+0140.2,20060101,20250825
724340-13994,LAMBERT-ST LOUIS INTERNATIONAL AP,US,+38.752,-090.373,+0162.0,19730101,20250827
724345-03966,SPIRIT OF ST LOUIS AIRPORT,US,+38.658,-090.656,+0139.5,19730101,20250827
724347-53904,ST CHARLES CO SMARTT ARPT,US,+38.930,-090.433,+0131.8,20060101,20250827
724350-03816,BARKLEY REGIONAL AIRPORT,US,+37.056,-088.774,+0124.1,19890101,20250827
724354-63815,SOMERSET-PULASKI CO-J.T. WILSON FIELD AIRPORT,US,+37.054,-084.615,+0282.6,20060101,20250825
724356-53866,SHELBYVILLE MINUCIPAL ARPT,US,+39.585,-085.800,+0244.4,20060101,20250827
724363-13803,COLUMBUS MUNICIPAL AIRPORT,US,+39.267,-085.900,+0200.0,19900208,20250825
724365-53896,HUNTINGBURG AIRPORT,US,+38.249,-086.954,+0161.2,20060101,20250825
724373-03868,TER HUTE INTL-HULMAN FD AP,US,+39.443,-087.322,+0172.8,20050101,20250827
724375-03893,MONROE COUNTY AIRPORT,US,+39.143,-086.617,+0253.3,20060101,20250827
724380-93819,INDIANAPOLIS INTERNATIONAL AIRPORT,US,+39.725,-086.282,+0241.3,19421006,20250827
724384-53842,EAGLE CREEK AIRPARK ARPT,US,+39.825,-086.296,+0247.4,20060101,20250827
724385-04828,ANRSN MUNI DRNGTON FLD AP,US,+40.117,-085.617,+0274.3,20060101,20250825
724386-14835,PURDUE UNIVERSITY AIRPORT,US,+40.412,-086.947,+0181.7,19730101,20250827
724387-54807,KOKOMO MUNICIPAL AIRPORT,US,+40.528,-086.059,+0253.0,20060101,20250825
724388-14829,GOSHEN MUNICIPAL AIRPORT,US,+41.527,-085.787,+0251.2,19961002,20250826
724390-93822,ABRAHAM LINCOLN CAPITAL AIRPORT,US,+39.845,-089.684,+0179.7,19730101,20250826
724395-03958,ST LOUIS REGIONAL AIRPORT,US,+38.883,-090.050,+0165.5,20060101,20250825
724397-54831,CENTRAL ILLINOIS REGIONAL AIRPORT,US,+40.483,-088.950,+0263.7,20060101,20250825
724400-13995,SPRINGFIELD-BRANSON REGIONAL AIRPORT,US,+37.240,-093.390,+0384.7,19730101,20250825
724420-13997,ROLLA NATIONAL AIRPORT,US,+38.132,-091.765,+0338.5,20050101,20250827
724430-93989,QUINCY RGNL-BLDWN FLD ARPT,US,+39.937,-091.197,+0231.6,20050101,20250827
724450-03945,COLUMBIA REGIONAL AIRPORT,US,+38.817,-092.215,+0272.2,19730101,20250825
724453-03994,SEDALIA MEMORIAL AIRPORT,US,+38.712,-093.175,+0271.6,20060101,20250827
724454-93996,FARMINGTON REGIONAL ARPT,US,+37.761,-090.428,+0288.7,19950210,20250825
724455-14938,KIRKSVILLE REGIONAL ARPT,US,+40.097,-092.547,+0291.4,19730101,20250826
724457-03938,WAYNESVILLE REGIONAL AIRPORT AT FORNEY FIELD,US,+37.750,-092.150,+0353.3,19630320,20250825
724458-03963,JEFFERSON CITY MEMO ARPT,US,+38.595,-092.157,+0165.7,20060101,20250827
724459-53931,LEE C FINE MEMORIAL ARPT,US,+38.096,-092.553,+0264.9,20060101,20250825
724460-03947,KANSAS CITY INTERNATIONAL AIRPORT,US,+39.297,-094.731,+0307.4,19730101,20250827
724462-03073,CROCKETT HOUSTON COUNTY AP,US,+31.307,-095.404,+0106.1,20050611,20250826
724463-13988,C.R. WHEELER DOWNTOWN ARPT,US,+39.128,-094.589,+0226.2,19900208,20250827
724464-53916,AGRICULTURAL SCIENCE CENTER,US,+39.820,-093.577,+0231.0,20060101,20250827
724466-03929,RICHARD GEBAUR,US,+38.844,-094.560,+0321.9,19540327,20250825
724467-13930,WHITEMAN AFB AIRPORT,US,+38.717,-093.550,+0265.2,19421201,20250825
724468-03967,JOHNSON CO EXECUTIVE ARPT,US,+38.850,-094.739,+0327.3,20060101,20250827
724475-93909,NEW CENTURY AIRCENTER ARPT,US,+38.822,-094.890,+0321.5,19781124,20250827
724490-13993,ROSECRANS MEMORIAL AIRPORT,US,+39.768,-094.910,+0246.1,19440301,20250827
724500-03928,WICHITA EISENHOWER NATIONAL,US,+37.648,-097.430,+0401.7,19730101,20250827
724502-13932,STROTHER FIELD AIRPORT,US,+37.165,-097.035,+0351.0,20060101,20250827
724504-03974,COLONEL JAMES JABARA ARPT,US,+37.750,-097.219,+0428.0,20060101,20250827
724505-03923,MCCONNELL AFB AIRPORT,US,+37.617,-097.267,+0417.9,19531201,20250826
724506-13986,HUTCHINSON MUNICIPAL ARPT,US,+38.068,-097.861,+0463.2,19450201,20250827
724507-13981,CHANUTE MARTIN JOHNSON APT,US,+37.671,-095.485,+0298.8,19730101,20250827
724508-03997,LAWRENCE MUNICIPAL AIRPORT,US,+39.008,-095.212,+0251.9,20060101,20250827
724509-53939,NEWTON-CITY-COUNTY AIRPORT,US,+38.068,-097.275,+0467.0,20060101,20250825
724510-13985,DODGE CITY REGIONAL AIRPORT,US,+37.771,-099.969,+0785.6,19430419,20250827
724515-23064,GARDEN CITY REGIONAL ARPT,US,+37.922,-100.724,+0877.1,19430201,20250827
724516-23020,LIBERAL MUNICIPAL AIRPORT,US,+37.050,-100.967,+0875.7,20060101,20250826
724517-13940,GREAT BEND MUNICIPAL ARPT,US,+38.350,-098.867,+0573.0,20060101,20250826
724518-03968,HAYS REGIONAL AIRPORT,US,+38.850,-099.267,+0609.0,20060101,20250826
724519-93967,COFFEYVILLE MUNICIPAL ARPT,US,+37.091,-095.573,+0227.4,20060101,20250827
724520-03957,MEDICINE LODGE,US,+37.284,-098.553,+0467.9,19780310,20250827
724530-13969,PONCA CITY REGIONAL ARPT,US,+36.737,-097.102,+0304.3,20050101,20250827
724550-13947,MARSHALL ARMY AIRFIELD,US,+39.050,-096.767,+0324.6,19380817,20250826
724555-03936,MANHATTAN REGIONAL AIRPORT,US,+39.135,-096.679,+0319.3,20060101,20250827
724556-13989,EMPORIA MUNICIPAL AIRPORT,US,+38.329,-096.195,+0366.3,19730101,20250827
724560-13996,PHILIP BILLARD MUNICIPAL AIRPORT,US,+39.072,-095.626,+0268.1,19730101,20250827
724565-13920,FORBES FIELD AIRPORT,US,+38.941,-095.651,+0315.1,19421001,20250827
724580-13984,BLOSSER MUNICIPAL AIRPORT,US,+39.551,-097.651,+0444.3,19730101,20250827
724585-93997,RUSSELL MUNICIPAL AIRPORT,US,+38.873,-098.809,+0568.1,19430201,20250827
724586-03919,SALINA MUNICIPAL AIRPORT,US,+38.780,-097.644,+0385.0,19730101,20250827
724604-93076,ELKHART-MORTON CO AIRPORT,US,+37.000,-101.883,+1104.0,20060101,20250826
724620-23061,SAN LUIS VALLEY REGIONAL AIRPORT,US,+37.439,-105.862,+2297.4,19730101,20250827
724625-93005,DURA-LA PLATA CO AIRPORT,US,+37.143,-107.760,+2020.6,20060101,20250827
724627-03011,TELLURIDE REGIONAL AIRPORT,US,+37.950,-107.900,+2770.9,20060101,20250825
724635-23067,LA JUNTA MUNICIPAL AIRPORT,US,+38.049,-103.513,+1278.7,19421101,20250827
724636-03013,LAMAR MUNICIPAL AIRPORT,US,+38.072,-102.687,+1124.0,20060101,20250827
724640-93058,PUEBLO MEMORIAL AIRPORT,US,+38.289,-104.506,+1424.5,19421001,20250825
724645-23070,PERRY STOKES AIRPORT,US,+37.262,-104.332,+1749.3,19730101,20250827
724646-03028,COMANCHE NATIONAL GRASSLAND,US,+37.283,-102.614,+1337.0,20060101,20250826
724650-23065,RENNER FIELD/GOODLAND MINI AIRPORT,US,+39.367,-101.693,+1110.5,19730101,20250827
724655-93990,HILL CITY MUNICIPAL ARPT,US,+39.374,-099.830,+0667.1,19730101,20250827
724660-93037,CITY OF COLORADO SPRINGS MUNICIPAL AP,US,+38.809,-104.689,+1884.2,19420901,20250827
724665-93010,LIMON MUNICIPAL AIRPORT,US,+39.273,-103.667,+1633.1,19730101,20250827
724666-93067,CENTENNIAL AIRPORT,US,+39.560,-104.848,+1789.2,20060101,20250826
724673-93009,LEADVILLE/LAKE COUNTY APT,US,+39.228,-106.316,+3030.6,20060101,20250827
724674-94050,MEEKER AIRPORT,US,+40.044,-107.888,+1940.8,20060101,20250827
724675-23063,EAGLE CO REGIONAL AIRPORT,US,+39.650,-106.917,+1980.3,19730101,20250825
724676-93073,ASPEN-PITKIN COUNTY ARPT,US,+39.230,-106.871,+2339.9,20060101,20250827
724677-93007,GUNSN-CRSTED BUTTE RGL APT,US,+38.533,-106.933,+2336.6,20020902,20250826
724678-94033,STEAMBOAT SPRINGS/BOB ADAMS FIELD AIRPORT,US,+40.517,-106.867,+2096.7,20110214,20250825
724680-94015,BUTTS AAF AIRPORT,US,+38.678,-104.757,+1779.4,19660915,20250825
724689-03026,KIT CARSON COUNTY AIRPORT,US,+39.241,-102.282,+1278.2,20060101,20250827
724695-23036,BUCKLEY AIR FORCE BASE,US,+39.717,-104.750,+1726.1,19440301,20250825
724698-24015,COLORADO PLAINS RGNL ARPT,US,+40.174,-103.215,+1428.0,19730101,20250827
724699-03065,ATCT ROCKY MOUNTAIN METRO,US,+39.900,-105.117,+1705.4,20060101,20250826
724700-93141,CARBON COUNTY AIRPORT,US,+39.609,-110.755,+1777.2,20060101,20250827
724720-99999,BLANDING,US,+37.617,-109.467,+1840.0,19730101,20250821
724733-23170,HANKSVILLE,US,+38.417,-110.700,+1355.1,20140724,20250825
724737-00377,INVERNESS AIRPORT,US,+28.817,-082.317,+0015.2,20090812,20250826
724750-23176,MILFORD MUNICIPAL AIRPORT,US,+38.423,-113.011,+1533.5,20050101,20250824
724754-23186,ST GEORGE MUNICIPAL ARPT,US,+37.100,-113.600,+0894.9,20060101,20250825
724755-93129,CEDAR CITY REGIONAL ARPT,US,+37.707,-113.097,+1703.8,19730101,20250827
724756-23159,BRYCE CANYON AIRPORT,US,+37.701,-112.149,+2309.9,19730101,20250827
724760-23066,GRAND JUNCTION REGIONAL AIRPORT,US,+39.134,-108.541,+1470.4,19730101,20250827
724765-93013,MONTROSE REGIONAL AIRPORT,US,+38.505,-107.898,+1739.5,20060101,20250827
724767-93069,CORTEZ MUNICIPAL AIRPORT,US,+37.307,-108.626,+1799.2,20060101,20250827
724768-24051,GREELEY-WELD COUNTY ARPT,US,+40.436,-104.632,+1431.7,20060101,20250826
724769-94035,FORT COLLINS LOVELAND AP,US,+40.450,-105.017,+1528.6,20060101,20250826
724770-03170,EUREKA,US,+39.601,-116.006,+1809.3,20100801,20250827
724776-93075,CANYONLANDS FIELD AIRPORT,US,+38.750,-109.763,+1387.1,20060101,20250827
724796-94128,LOGAN-CACHE AIRPORT,US,+41.787,-111.852,+1355.7,19990101,20250827
724797-23176,MILFORD MUNI BRISCOE,US,+38.417,-113.017,+1534.1,19970101,20250827
724800-23157,BISHOP AIRPORT,US,+37.371,-118.359,+1252.9,19430116,20250827
724810-23203,CASTLE AFB,US,+37.383,-120.567,+0058.2,19420101,20250604
724815-23257,MRCD MUNI/MACREADY FLD APT,US,+37.286,-120.518,+0046.5,20060101,20250827
724828-93241,NUT TREE AIRPORT,US,+38.378,-121.959,+0031.7,20060101,20250827
724830-23232,SACRAMENTO EXECUTIVE AIRPORT,US,+38.507,-121.496,+0005.9,19730101,20250827
724833-23206,SACRAMENTO MATHER AIRPORT,US,+38.567,-121.300,+0030.2,20020902,20250825
724836-23208,SACRAMENTO MCCLELLAN AFB,US,+38.667,-121.400,+0023.5,19391109,20250825
724837-93216,BEALE AIR FORCE BASE,US,+39.133,-121.433,+0034.4,19590701,20250825
724838-93205,YUBA COUNTRY AIRPORT,US,+39.102,-121.569,+0018.9,20060101,20250827
724839-93225,SACRAMENTO INTL AIRPORT,US,+38.701,-121.595,+0007.5,19730101,20250825
724846-53123,NORTH LAS VEGAS AIRPORT,US,+36.212,-115.194,+0667.4,20060101,20250827
724855-23153,TONOPAH AIRPORT,US,+38.050,-117.091,+1645.7,19421001,20250827
724856-99999,HAWTHORNE INDUSTRIAL,US,+38.544,-118.634,+1284.7,19831103,20250824
724860-23154,ELY AIRPORT/YELLAND FIELD/AIRPORT,US,+39.295,-114.847,+1904.9,19730101,20250827
724880-23185,RENO/TAHOE INTERNATIONAL AIRPORT,US,+39.508,-119.768,+1342.5,19430105,20250827
724885-93102,FALLON NAS,US,+39.417,-118.717,+1199.1,19730101,20250825
724915-23259,MONTEREY PENINSULA AIRPORT,US,+36.588,-121.845,+0050.3,20060101,20250827
724916-99999,MARINA MUNI,US,+36.682,-121.762,+0040.8,20201104,20250824
724920-23237,STOCKTON METROPOLITAN AIRPORT,US,+37.890,-121.226,+0008.3,19410103,20250827
724926-23258,MDSTO CTY-CO H SHAM FD APT,US,+37.625,-120.955,+0026.6,19730101,20250827
724927-23285,LIVERMORE MUNICIPAL ARPT,US,+37.693,-121.815,+0119.8,20000101,20250827
724930-23230,METRO OAKLAND INTL AIRPORT,US,+37.718,-122.233,+0001.5,19430101,20250827
724937-23289,PALO ALTO AIRPORT OF SANTA CLARA COUNTY,US,+37.467,-122.117,+0002.1,20060101,20250824
724938-93231,SAN CARLOS AIRPORT,US,+37.517,-122.250,+0001.5,20060101,20250825
724940-23234,SAN FRANCISCO INTERNATIONAL AIRPORT,US,+37.620,-122.366,+0003.2,19730101,20250827
724945-23293,N Y. MINETA SN JO INTL APT,US,+37.359,-121.924,+0015.0,19730101,20250827
724946-93232,REID-HILLVIEW AIRPORT OF SANTA CLARA COUNTY,US,+37.333,-121.817,+0040.5,20060101,20250825
724950-23254,BUCHANAN FIELD AIRPORT,US,+37.992,-122.053,+0007.0,20100801,20250827
724955-93227,NAPA COUNTY AIRPORT,US,+38.208,-122.280,+0004.7,20000101,20250827
724957-23213,SONOMA COUNTY AIRPORT,US,+38.504,-122.811,+0036.2,20000101,20250827
724973-93203,CHICO MUNICIPAL AIRPORT,US,+39.800,-121.850,+0082.9,20060101,20250825
724975-93809,CAIRO REGIONAL AIRPORT,US,+37.064,-089.219,+0097.8,20060101,20250825
724988-94704,DANSVILLE MUNICIPAL ARPT,US,+42.570,-077.714,+0196.0,20010102,20250827
725014-54780,MONTAUK AIRPORT,US,+41.073,-071.924,+0002.0,20060101,20250827
725015-04789,ORANGE COUNTY AIRPORT,US,+41.509,-074.265,+0108.2,20060101,20250827
725016-54790,BROOKHAVEN AIRPORT,US,+40.821,-072.867,+0020.0,20060101,20250827
725020-14734,NEWARK LIBERTY INTERNATIONAL AP,US,+40.683,-074.169,+0002.0,19730101,20250825
725023-00474,CLEVELAND MUNICIPAL AIRPORT,US,+33.861,-090.758,+0042.7,20130318,20250825
725025-94741,TETERBORO AIRPORT,US,+40.859,-074.056,+0000.8,19730101,20250827
725027-54788,MERIDEN MARKHAM MUNI ARPT,US,+41.510,-072.828,+0029.6,20060101,20250827
725029-64707,WATERBURY-OXFORD AIRPORT,US,+41.483,-073.133,+0221.3,20060101,20250826
725030-14732,LA GUARDIA AIRPORT,US,+40.779,-073.880,+0003.0,19730101,20250827
725036-14757,DUTCHESS COUNTY AIRPORT,US,+41.626,-073.882,+0046.6,19730101,20250827
725037-94745,WESTCHESTER COUNTY AIRPORT,US,+41.062,-073.705,+0112.9,19730101,20250827
725038-14714,STEWART INTERNATIONAL AIRPORT,US,+41.500,-074.100,+0149.7,19420802,20250825
725040-94702,IGOR I SIKORSKY MEMORIAL AIRPORT,US,+41.164,-073.127,+0001.8,19421208,20250827
725045-14758,TWEED-NEW HAVEN AIRPORT,US,+41.259,-072.889,+0001.8,19730101,20250827
725046-14707,GROTON-NEW LONDON AIRPORT,US,+41.328,-072.049,+0002.5,19430118,20250827
725050-04781,LONG ISLAND MAC ARTHUR AIRPORT,US,+40.794,-073.102,+0025.4,20050101,20250827
725053-94728,CENTRAL PARK,US,+40.779,-073.969,+0042.7,20050101,20250827
725054-64710,NORTH CENTRAL STATE ARPT,US,+41.921,-071.491,+0134.4,20060101,20250826
725058-94793,BLOCK ISLAND STATE AIRPORT,US,+41.168,-071.578,+0032.0,19900101,20250826
725059-14702,LAURENCE G HANSCOM FLD APT,US,+42.470,-071.289,+0040.5,20060101,20250827
725060-14756,NANTUCKET MEMORIAL AIRPORT,US,+41.254,-070.059,+0011.2,20120801,20250827
725061-14704,OTIS ANGB AIRPORT,US,+41.650,-070.517,+0039.6,20100921,20250826
725064-54769,PLYMOUTH MUNICIPAL AIRPORT,US,+41.909,-070.728,+0042.2,20060101,20250827
725065-94726,NEW BEDFORD RGNL AIRPORT,US,+41.679,-070.959,+0022.5,20060101,20250827
725066-94724,MARTHAS VINEYARD AIRPORT,US,+41.393,-070.616,+0017.9,20060101,20250827
725067-94720,BRNSBL MUNI-BMAN/POL FD AP,US,+41.672,-070.270,+0011.4,20060101,20250827
725068-54777,TAUNTON MUNICIPAL AIRPORT,US,+41.876,-071.021,+0008.6,20060101,20250827
725069-94624,CHATHAM MUNICIPAL AIRPORT,US,+41.688,-069.993,+0018.5,20060101,20250827
725070-14765,THEODORE F GREEN STATE AIRPORT,US,+41.723,-071.432,+0015.4,19420801,20250827
725073-64708,PROVINCETOWN MUNI AIRPORT,US,+42.072,-070.221,+0002.4,20060101,20250826
725074-54752,QUONSET STATE AIRPORT,US,+41.597,-071.412,+0005.8,20060103,20250825
725075-54768,HARRIMAN-AND-WEST AIRPORT,US,+42.697,-073.170,+0197.0,20060101,20250827
725079-14787,NEWPORT STATE AIRPORT,US,+41.530,-071.283,+0045.1,20060101,20250827
725080-14740,BRADLEY INTERNATIONAL AIRPORT,US,+41.937,-072.682,+0051.6,19410912,20250826
725084-54767,WINDHAM AIRPORT,US,+41.742,-072.182,+0074.9,20060101,20250827
725085-54756,ORANGE MUNICIPAL AIRPORT,US,+42.570,-072.287,+0165.8,19960702,20250827
725086-54734,DANBURY MUNICIPAL AIRPORT,US,+41.372,-073.483,+0138.0,20060101,20250827
725087-14752,HARTFORD-BRAINARD AIRPORT,US,+41.735,-072.651,+0004.0,19740101,20250827
725088-54733,BEVERLY MUNICIPAL AIRPORT,US,+42.584,-070.915,+0027.6,20060101,20250827
725090-14739,GEN E L LOGAN INTERNATIONAL AIRPORT,US,+42.361,-071.010,+0003.3,19431121,20250827
725098-54704,NORWOOD MEMORIAL AIRPORT,US,+42.191,-071.173,+0013.0,20060101,20250827
725100-94746,WORCESTER REGIONAL AIRPORT,US,+42.271,-071.873,+0305.5,20050101,20250826
725103-14712,RDNG RGNL/C A SPAATZ FD AP,US,+40.373,-075.959,+0101.3,19900314,20250827
725104-04843,PORT MEADVILLE AIRPORT,US,+41.626,-080.212,+0427.5,20060101,20250827
725105-14770,PENN VALLEY AIRPORT,US,+40.819,-076.866,+0135.4,19970902,20250827
725107-04780,FITCHBURG MUNICIPAL ARP,US,+42.555,-071.757,+0102.3,19971002,20250827
725109-54782,POTTSTOWN LIMERICK AIRPORT,US,+40.238,-075.555,+0088.7,20060101,20250827
725113-54786,DOYLESTOWN AIRPORT,US,+40.330,-075.123,+0120.5,20060101,20250827
725114-93778,YORK AIRPORT,US,+39.919,-076.877,+0141.4,20060101,20250827
725116-54737,LANCASTER AIRPORT,US,+40.121,-076.294,+0121.1,20060101,20250827
725117-04827,WASHINGTON COUNTY AIRPORT,US,+40.133,-080.283,+0361.2,20060101,20250825
725118-14751,CAPITAL CITY AIRPORT,US,+40.218,-076.855,+0102.2,19900301,20250827
725119-54792,CLEARFIELD-LAWRENCE ARPT,US,+41.046,-078.411,+0459.9,20060101,20250827
725124-64705,BTLR CO/K W SCHOLTER FD AP,US,+40.777,-079.950,+0380.1,20060101,20250826
725125-04787,DU BOIS-JEFFERSON CO ARPT,US,+41.179,-078.893,+0550.5,19730101,20250827
725126-14736,ALTOONA-BLAIR COUNTY ARPT,US,+40.300,-078.317,+0446.6,19730101,20250827
725127-04726,J MURTHA JTWN-CMBRA CO APT,US,+40.315,-078.831,+0693.9,19730101,20250827
725128-54739,UNIVERSITY PARK AIRPORT,US,+40.850,-077.850,+0377.7,20050101,20250826
725130-14777,WILKES-BARRE/SCRANTON INTL AIRPORT,US,+41.333,-075.723,+0289.9,19730101,20250827
725140-14778,WILLIAMSPORT REGIONAL AIRPORT,US,+41.243,-076.922,+0159.8,19730101,20250827
725144-54723,MUIR ARMY AIRFIELD (FORT INDIANTOWN GAP),US,+40.433,-076.567,+0148.7,20060103,20250826
725145-54746,SULLIVAN COUNTY INTL ARPT,US,+41.701,-074.795,+0427.6,20060101,20240306
725146-54773,OSWEGO COUNTY AIRPORT,US,+43.350,-076.383,+0143.5,20060101,20250827
725150-04725,GREATER BINGHAMTON/E A LINK FIELD AP,US,+42.207,-075.980,+0485.7,19730101,20250827
725155-94761,ITHACA TOMPKINS REGIONAL AIRPORT,US,+42.483,-076.467,+0335.0,20060101,20250825
725156-14748,ELMIRA/CORNING RGNL ARPT,US,+42.157,-076.903,+0285.3,19730101,20250827
725157-54757,MUNI ARPT TARANTINE FLD AP,US,+42.108,-077.984,+0637.6,20060101,20250827
725165-94737,RUTLAND STATE AIRPORT,US,+43.533,-072.950,+0239.0,20060101,20250826
725170-14737,LEHIGH VALLEY INTERNATIONAL AIRPORT,US,+40.650,-075.448,+0117.4,19730101,20250827
725172-13762,NAVAL AUXILIARY LANDING FIELD,US,+36.701,-076.129,+0003.0,20070601,20250827
725175-64706,INDIANA COUNTY/JIMMY STEWART FIELD/AIRPORT,US,+40.633,-079.100,+0428.2,20060101,20250826
725180-14735,ALBANY INTERNATIONAL AIRPORT,US,+42.747,-073.799,+0085.4,19460101,20250827
725186-99999,OGDENSBURG INTL,US,+44.682,-075.466,+0090.5,19770502,20250824
725188-99999,CAPE VINCENT MARINE AVIATION REP,US,+44.120,-076.330,+0075.0,19800227,20250824
725190-14771,SYRACUSE HANCOCK INTERNATIONAL AP,US,+43.111,-076.104,+0124.9,19421001,20250827
725194-54778,PENN YAN AIRPORT,US,+42.644,-077.053,+0267.4,20060101,20250827
725196-64775,GRIFFIS AIRFIELD,US,+43.224,-075.396,+0144.7,20070102,20250826
725200-94823,PITTSBURGH INTERNATIONAL AIRPORT,US,+40.485,-080.214,+0341.0,19450201,20250827
725203-99999,MIFFLIN CO,US,+40.677,-077.627,+0249.6,20180719,20250824
725204-04813,BEAVER COUNTY AIRPORT,US,+40.767,-080.400,+0381.6,20060102,20250825
725205-14762,ALLEGHENY COUNTY AIRPORT,US,+40.355,-079.921,+0379.2,19730101,20250825
725207-54735,ARNOLD PALMER REGIONAL APT,US,+40.283,-079.400,+0365.5,20060101,20250825
725208-04855,MARION MUNICIPAL AIRPORT,US,+40.616,-083.067,+0300.3,20060101,20250827
725210-14895,AKRON-CANTON REGIONAL AIRPORT,US,+40.918,-081.443,+0368.8,19730101,20250827
725214-04849,LORAIN COUNTY RGNL AIRPORT,US,+41.346,-082.179,+0241.0,20060101,20250827
725216-04842,WAYNE COUNTY AIRPORT,US,+40.873,-081.889,+0336.8,20060101,20250827
725217-53855,BUTLER CO. REGIONAL ARPT,US,+39.361,-084.521,+0184.7,20060101,20250827
725220-14750,GLENS FALLS/FLOYD BENNETT MEMORIAL AIRPORT,US,+43.338,-073.610,+0097.7,20050101,20250827
725224-04852,HARRY CLEVER FIELD AIRPORT,US,+40.470,-081.422,+0271.7,20060101,20250827
725229-04858,NEWARK-HEATH AIRPORT,US,+40.026,-082.463,+0267.6,20060101,20250827
725235-04720,CHAUTAUQUA CO/JAMESTOWN AP,US,+42.150,-079.250,+0525.2,20060101,20250826
725240-14820,CLEVELAND-HOPKINS INTERNATIONAL AP,US,+41.406,-081.852,+0236.8,19730101,20250826
725244-04809,WILLOUGHBY,US,+41.683,-081.400,,20200803,20250824
725245-04853,CLEVELAND BURKE LAKEFNT AP,US,+41.526,-081.669,+0177.5,20060101,20250827
725247-04805,CUYAHOGA COUNTY AIRPORT,US,+41.567,-081.483,+0267.9,20060101,20250825
725250-14852,YOUNGSTOWN-WARREN REGIONAL AIRPORT,US,+41.255,-080.674,+0355.6,19480101,20250827
725253-00380,PORTAGE COUNTY AIRPORT,US,+41.217,-081.250,+0365.2,20090318,20250825
725254-04851,DEFIANCE MEMORIAL AIRPORT,US,+41.336,-084.429,+0215.0,20060101,20250827
725256-04857,ASHTABULA COUNTY AIRPORT,US,+41.779,-080.697,+0278.4,20060101,20250827
725258-00382,TOCCOA RG LETOURNEAU FIELD AIRPORT,US,+34.594,-083.296,+0303.3,20120607,20250825
725260-14860,ERIE INTL/T. RIDGE FIELD AIRPORT,US,+42.080,-080.182,+0222.2,19730101,20250827
725266-04751,BRADFORD REGIONAL AIRPORT,US,+41.798,-078.635,+0642.2,19730101,20250827
725267-94868,VENANGO REGIONAL AIRPORT,US,+41.383,-079.867,+0469.4,19730101,20250825
725280-14733,BUFFALO NIAGARA INTERNATIONAL AIRPOR,US,+42.940,-078.736,+0216.2,19420201,20250827
725283-00465,CATTARAUGUS COUNTY OLEAN AIRPORT,US,+42.241,-078.371,+0651.1,20120423,20250825
725287-04724,NIAGARA FALLS INTL AIRPORT,US,+43.108,-078.938,+0178.3,19510612,20250827
725290-14768,GREATER ROCHESTER INTERNATIONAL AP,US,+43.117,-077.675,+0164.5,19730101,20250827
725292-14976,GRINNELL REGIONAL AIRPORT,US,+41.709,-092.735,+0307.2,20060831,20250825
725294-00383,ANSON COUNTY AIRPORT JEFF CLOUD FIELD,US,+35.017,-080.083,+0091.1,20070521,20250825
725300-94846,CHICAGO O'HARE INTERNATIONAL AIRPORT,US,+41.960,-087.932,+0204.8,19461001,20250825
725305-94892,DUPAGE AIRPORT,US,+41.896,-088.251,+0228.3,20060101,20250827
725314-03960,ST LOUIS DOWNTOWN AIRPORT,US,+38.564,-090.149,+0123.4,20060101,20250827
725315-94870,UNIVERSI OF IL WILLARD APT,US,+40.032,-088.275,+0226.5,20060101,20250827
725316-03887,DECATUR AIRPORT,US,+39.831,-088.872,+0205.2,20060101,20250827
725317-53802,COLES COUNTY MEMO AIRPORT,US,+39.474,-088.272,+0216.4,20060101,20250827
725320-14842,GREATER PEORIA REGIONAL AIRPORT,US,+40.667,-089.684,+0199.7,19730101,20250825
725326-04894,WHITESIDE CO ARPT-JOS H BITTOR F FLD ARPT,US,+41.743,-089.676,+0197.2,20060101,20250818
725327-04846,PORTER COUNTY MUNICIPAL AIRPORT,US,+41.454,-086.998,+0234.0,20060101,20250827
725330-14827,FORT WAYNE INTERNATIONAL AIRPORT,US,+40.972,-085.206,+0243.0,19411101,20250827
725335-94833,GRISSOM AFB AIRPORT,US,+40.650,-086.150,+0247.5,20060101,20250825
725336-94895,DELAWARE CO-JOHNSON FD APT,US,+40.235,-085.394,+0285.2,20060101,20250827
725337-04807,GARY/CHICAGO AIRPORT,US,+41.617,-087.417,+0180.1,20060101,20250825
725340-14819,CHICAGO MIDWAY INTL ARPT,US,+41.784,-087.755,+0185.8,19730101,20250827
725342-13809,LRNCVLL-VINCNES INTL ARPT,US,+38.760,-087.599,+0130.1,20060101,20250827
725345-14834,JOLIET REGIONAL AIRPORT,US,+41.500,-088.167,+0177.4,20020902,20250825
725347-14880,WAUKEGAN REGIONAL AIRPORT,US,+42.425,-087.863,+0216.5,20060101,20250827
725348-04831,LEWIS UNIVERSITY AIRPORT,US,+41.604,-088.085,+0201.2,20060101,20250825
725350-14848,SOUTH BEND REGIONAL AIRPORT,US,+41.707,-086.316,+0235.4,19730101,20250827
725354-04806,ELKHART MUNICIPAL AIRPORT,US,+41.717,-085.983,+0237.1,20060102,20250826
725360-94830,TOLEDO EXPRESS AIRPORT,US,+41.587,-083.805,+0205.5,19730101,20250827
725366-14825,FINDLAY AIRPORT,US,+41.014,-083.668,+0246.5,19730101,20250827
725370-94847,DETROIT METRO WAYNE COUNTY AIRPORT,US,+42.231,-083.331,+0191.9,19420801,20250827
725373-54819,GROSSE ILE MUNICIPAL AIRPORT,US,+42.099,-083.161,+0178.9,20060101,20250825
725374-94889,ANN ARBOR MUNICIPAL ARPT,US,+42.224,-083.740,+0250.6,20060101,20250827
725375-14822,DETROIT CITY AIRPORT,US,+42.407,-083.009,+0189.8,19730101,20250827
725376-14853,WILLOW RUN AIRPORT,US,+42.237,-083.526,+0215.7,19730101,20250827
725377-14804,SELFRIDGE AIR NATIONAL GUARD BASE,US,+42.608,-082.818,+0176.8,19370101,20250825
725378-04887,LIVINGSTON COUNTY AIRPORT,US,+42.629,-083.984,+0287.7,20060101,20250825
725383-54827,KIRSCH MUNICIPAL AIRPORT,US,+41.817,-085.433,+0281.9,20060101,20250826
725384-04888,ST CLAIR COUNTY INTL ARPT,US,+42.911,-082.529,+0195.1,20060101,20250825
725386-94898,HARBOR BEACH,US,+44.022,-082.793,+0180.0,20060101,20250825
725387-94899,COPPER HARBOR,US,+47.467,-087.875,+0185.0,20060101,20250825
725390-14836,CAPITAL CITY AIRPORT,US,+42.776,-084.600,+0261.2,19730101,20250827
725394-04839,TULIP CITY AIRPORT,US,+42.746,-086.097,+0206.5,20060101,20250827
725395-14833,JAKSON CO-RYNOLDS FLD ARPT,US,+42.264,-084.456,+0295.9,19730101,20250827
725396-14815,W K KELLOGG AIRPORT,US,+42.312,-085.241,+0282.5,19421001,20250827
725404-04847,ADRIAN LENAWEE COUNTY ARPT,US,+41.868,-084.079,+0244.1,20060101,20250827
725405-54816,GRATIOT COMMUNITY AIRPORT,US,+43.322,-084.688,+0227.7,20060101,20250825
725406-54817,HURON COUNTY MEMORIAL AIRPORT,US,+43.780,-082.986,+0233.5,20060101,20250825
725407-04854,OTSEGO COUNTY AIRPORT,US,+45.017,-084.689,+0405.9,20060101,20250827
725408-04881,SCHOOLCRAFT COUNTY AIRPORT,US,+45.983,-086.183,+0209.1,20060101,20250825
725409-04882,HILLSDALE MUNICIPAL ARPT,US,+41.921,-084.586,+0360.3,20060101,20250825
725414-04886,BRANCH COUNTY MEMO AIRPORT,US,+41.933,-085.053,+0292.3,20060101,20250825
725415-54821,BROOKS FIELD AIRPORT,US,+42.251,-084.956,+0286.8,20060101,20250825
725416-14864,ROBEN-HOOD ARPT,US,+43.717,-085.500,+0282.9,20060101,20250825
725417-54822,MASON JEWETT FIELD AIRPORT,US,+42.566,-084.433,+0281.0,20060101,20250825
725418-54823,CUSTER AIRPORT,US,+41.940,-083.435,+0186.5,20060101,20250825
725420-14931,SE IOWA REGIONAL AIRPORT,US,+40.773,-091.125,+0208.2,20050101,20250827
725424-04885,MOUNT PLEASANT MUNI ARPT,US,+43.622,-084.737,+0230.1,20060101,20250825
725430-94822,GREATER ROCKFORD AIRPORT,US,+42.193,-089.093,+0221.0,19730101,20250827
725434-54789,POCONO MTNS MUNI AIRPORT,US,+41.137,-075.377,+0574.6,20060101,20250827
725440-14923,QUAD CITY INTERNATIONAL AIRPORT,US,+41.448,-090.524,+0175.5,19730101,20250827
725450-14990,EASTERN IOWA REGIONAL AIRPORT,US,+41.883,-091.725,+0256.0,19730101,20250827
725453-14930,ATLANTIC MUNICIPAL AIRPORT,US,+41.407,-095.047,+0360.3,20060101,20250825
725454-04903,WASHINGTON MUNICIPAL ARPT,US,+41.276,-091.673,+0229.8,20060101,20250825
725456-04921,KEOKUK MUNICIPAL AIRPORT,US,+40.460,-091.428,+0204.5,20060101,20250825
725457-04904,ALGONA MUNICIPAL AIRPORT,US,+43.078,-094.272,+0371.6,20060101,20250825
725458-04907,CLARION MUNICIPAL AIRPORT,US,+42.742,-093.759,+0354.2,20060101,20250825
725460-14933,DES MOINES INTERNATIONAL AIRPORT,US,+41.534,-093.653,+0286.3,19730101,20250827
725461-94988,MARSHALLTOWN MUNICIPAL APT,US,+42.111,-092.916,+0295.3,20060101,20250827
725462-14937,IOWA CITY MUNICIPAL ARPT,US,+41.639,-091.545,+0198.7,19970101,20250827
725463-14966,CHARLES CITY MUNICIPAL APT,US,+43.073,-092.611,+0342.9,20060101,20250825
725464-04977,NEWTON MUNICIPAL AIRPORT,US,+41.674,-093.022,+0290.5,20060101,20250825
725465-14950,OTTUMWA INDUSTRIAL AIRPORT,US,+41.101,-092.445,+0254.3,19730101,20250827
725466-04938,ANKENY REGIONAL AIRPORT,US,+41.691,-093.566,+0277.4,20060101,20250825
725467-04973,SHENANDOAH MUNICIPAL ARPT,US,+40.751,-095.413,+0296.0,20060101,20250826
725468-04910,ARTHUR N. NEU AIRPORT,US,+42.046,-094.789,+0367.0,20060101,20250825
725469-04913,CHARITON MUNICIPAL AIRPORT,US,+41.019,-093.359,+0320.0,20060101,20250825
725470-94908,DUBUQUE REGIONAL AIRPORT,US,+42.398,-090.709,+0316.9,19730101,20250825
725472-94989,AMES MUNICIPAL AIRPORT,US,+41.990,-093.619,+0281.5,20060101,20250827
725473-94979,CLINTON MUNICIPAL AIRPORT,US,+41.833,-090.333,+0213.4,20060101,20250825
725474-04915,CRESTON MUNICIPAL AIRPORT,US,+41.007,-094.363,+0394.4,20060101,20250825
725475-04953,MONTICELLO REGIONAL ARPT,US,+42.224,-091.166,+0258.8,20060101,20250825
725476-04916,DECORAH MUNICIPAL AIRPORT,US,+43.275,-091.739,+0352.7,20060101,20250825
725477-04917,DENISON MUNICIPAL AIRPORT,US,+41.986,-095.381,+0388.9,20060101,20250826
725478-04920,WEBSTER CITY MUNI AIRPORT,US,+42.436,-093.869,+0341.7,20060101,20250825
725479-04937,SCHENCK FIELD AIRPORT,US,+40.722,-095.026,+0302.4,20060101,20250826
725480-94910,WATERLOO MUNICIPAL AIRPORT,US,+42.554,-092.401,+0264.2,19600301,20250827
725483-04930,FORT MADISON MUNICIPAL APT,US,+40.659,-091.327,+0220.7,20060103,20250825
725484-04942,LE MARS MUNICIPAL AIRPORT,US,+42.778,-096.194,+0364.5,20060101,20250826
725485-14940,MASON CITY MUNICIPAL ARPT,US,+43.154,-093.326,+0362.1,19730101,20250825
725486-04906,BOONE MUNICIPAL AIRPORT,US,+42.049,-093.848,+0353.6,20060101,20250825
725487-04950,MUSCATINE MUNICIPIAL ARPT,US,+41.367,-091.150,+0166.7,20060101,20250825
725488-04955,OELWEIN MUNICIPAL AIRPORT,US,+42.681,-091.974,+0328.0,20060101,20250825
725490-94933,FORT DODGE REGIONAL APRT,US,+42.550,-094.183,+0352.4,20060101,20250825
725493-04962,KNOXVILLE MUNICIPAL ARPT,US,+41.299,-093.114,+0282.2,20060101,20250825
725494-04966,RED OAK MUNICIPAL AIRPORT,US,+41.010,-095.260,+0318.2,20060101,20250802
725495-04975,SHELDON MUNICIPAL AIRPORT,US,+43.208,-095.833,+0432.5,20060101,20250825
725496-04976,STORM LAKE MUNICIPAL ARPT,US,+42.597,-095.241,+0453.5,20060101,20250825
725497-04908,COUNCIL BLUFFS MUNI ARPT,US,+41.259,-095.760,+0381.9,20060101,20250825
725498-94998,AUDUBON COUNTY AIRPORT,US,+41.700,-094.917,+0392.3,20060101,20250825
725499-94991,LAMONI MUNICIPAL AIRPORT,US,+40.631,-093.900,+0345.5,20060101,20250827
725500-14942,EPPLEY AIRFIELD AIRPORT,US,+41.312,-095.902,+0298.8,19740419,20250827
725510-14939,LINCOLN MUNICIPAL AIRPORT,US,+40.848,-096.765,+0356.7,19421001,20250827
725512-14989,YORK MUNICIPAL AIRPORT,US,+40.894,-097.626,+0507.2,20060101,20250825
725513-04901,ARRA MUNI-AL POTTER FLD AP,US,+40.893,-097.997,+0548.3,20060101,20250825
725514-03757,WEBSTER NAVAL OUTLYING FIELD,US,+38.142,-076.429,+0006.4,20060822,20250825
725515-94947,BEATRICE MUNICIPAL AIRPORT,US,+40.301,-096.754,+0403.6,20060101,20250825
725520-14935,CENTRAL NEBRASKA REGIONAL AIRPORT,US,+40.961,-098.313,+0561.7,19440301,20250827
725524-94958,EVELYN SHARP FIELD AIRPORT,US,+41.623,-098.949,+0627.5,20060101,20250827
725525-94949,HASTINGS MUNICIPAL AIRPORT,US,+40.600,-098.426,+0591.1,20060101,20250827
725526-14905,KEARNEY MUNICIPAL AIRPORT,US,+40.733,-099.000,+0649.2,20060101,20250825
725527-94978,TEKAMAH MUNICIPAL AIRPORT,US,+41.763,-096.180,+0312.0,20060101,20250827
725533-94957,BRENNER FIELD AIRPORT,US,+40.079,-095.589,+0298.8,20000101,20250827
725540-14949,OFFUTT AFB AIRPORT,US,+41.117,-095.917,+0319.1,19480112,20250825
725541-04993,NEBRASKA CITY MUNI AIRPORT,US,+40.606,-095.864,+0351.4,20060101,20250825
725555-94946,BROKEN BOW MUNICIPAL ARPT,US,+41.437,-099.639,+0771.1,20060101,20250827
725556-94975,AINSWORTH MUNICIPAL ARPT,US,+42.577,-100.001,+0787.6,20060101,20250825
725560-14941,KARL STEFAN MEMORIAL AIRPORT,US,+41.980,-097.434,+0476.2,19730101,20250827
725564-04924,FREMONT MUNICIPAL AIRPORT,US,+41.449,-096.520,+0366.7,20060101,20250825
725565-94951,COLUMBUS MUNICIPAL AIRPORT,US,+41.448,-097.343,+0441.1,20060101,20250825
725566-04957,THE O'NEILL MUNI-JOHN L BAKER FIELD AIRPORT,US,+42.470,-098.688,+0619.1,20060101,20250825
725570-14943,SIOUX GATEWAY/COL BUD DAY FIELD AP,US,+42.392,-096.379,+0332.8,19421001,20250827
725610-24030,SIDNEY MUNICIPAL AIRPORT,US,+41.099,-102.986,+1306.8,19770827,20250827
725620-24023,NORTH PLATTE RGNL AP LEE BIRD FD AP,US,+41.122,-100.669,+0841.9,19730101,20250827
725621-94063,SEARLE FIELD AIRPORT,US,+41.119,-101.768,+0990.6,20060101,20250826
725624-14994,JIM KELLY FIELD AIRPORT,US,+40.789,-099.771,+0733.0,20050101,20250826
725625-94040,MC COOK MUNICIPAL AIRPORT,US,+40.204,-100.590,+0779.4,20060101,20250827
725626-24091,IMPERIAL MUNICIPAL AIRPORT,US,+40.511,-101.624,+0996.5,19730401,20250827
725628-04935,BREWSTER FIELD AIRPORT,US,+40.450,-099.339,+0702.3,20060101,20250826
725635-24044,ALLIANCE MUNICIPAL AIRPORT,US,+42.057,-102.802,+1196.3,20060101,20250827
725636-24017,CHADRON MUNICIPAL AIRPORT,US,+42.837,-103.098,+1003.0,19730101,20250827
725637-99999,GORDON MUNI,US,+42.806,-102.175,+1085.7,19740101,20250824
725640-24018,CHEYENNE AIRPORT,US,+41.158,-104.808,+1864.9,19480101,20250827
725645-24022,LARAMIE REGIONAL AIRPORT,US,+41.317,-105.673,+2216.8,19730101,20250827
725650-03017,DENVER INTERNATIONAL AIRPORT,US,+39.847,-104.656,+1647.2,19940718,20250827
725660-24028,WESTERN NE REGIONAL/HEILIG FIELD AP,US,+41.875,-103.601,+1206.0,19430113,20250826
725665-94073,KMBAL MUNI/R E ARRAJ FD AP,US,+41.189,-103.671,+1491.7,20060101,20250826
725670-24032,MILLER FIELD AIRPORT,US,+42.859,-100.551,+0791.0,19480101,20250827
725686-94057,CONVERSE COUNTY AIRPORT,US,+42.796,-105.380,+1503.0,20060101,20250827
725690-24089,NATRONA COUNTY INTERNATIONAL AP,US,+42.898,-106.474,+1621.1,19400101,20250827
725700-24046,CRAIG-MOFFAT AIRPORT,US,+40.493,-107.524,+1884.9,20060101,20250827
725705-94030,VERNAL AIRPORT,US,+40.443,-109.513,+1604.9,20060101,20250827
725710-94025,YAMPA VALLEY AIRPORT,US,+40.481,-107.218,+2011.7,20050101,20250825
725717-03016,GARFIELD CO REGIONAL ARPT,US,+39.528,-107.720,+1684.0,20060101,20250827
725720-24127,SALT LAKE CITY INTERNATIONAL AIRPORT,US,+40.771,-111.965,+1288.4,19411101,20250825
725724-24174,PROVO MUNICIPAL AIRPORT,US,+40.219,-111.723,+1370.7,20060101,20250826
725744-24027,RCK SRINGS-SWETWTER CO APT,US,+41.595,-109.053,+2060.0,19900301,20250827
725750-24126,OGDEN-HINCKLEY AIRPORT,US,+41.194,-112.017,+1356.1,19730101,20250827
725753-99999,EAGLE RANGE,US,+41.050,-113.070,+1292.0,19910711,20250824
725755-24101,HILL AFB AIRPORT,US,+41.117,-111.967,+1459.7,19411001,20250825
725760-24021,HUNT FIELD AIRPORT,US,+42.815,-108.726,+1698.5,19730101,20250827
725763-94053,TORRINGTON MUNICIPAL ARPT,US,+42.061,-104.158,+1278.4,20060101,20250827
725775-04111,EVAN-UINTA CO BURNS FLD AP,US,+41.273,-111.031,+2175.9,19730101,20250827
725776-24166,JACKSON HOLE AIRPORT,US,+43.600,-110.733,+1956.5,20060101,20250825
725780-24156,POCATELLO REGIONAL AIRPORT,US,+42.920,-112.572,+1356.6,19430101,20250827
725784-04109,ELK CITY,US,+46.144,-115.596,+0451.1,20060101,20250827
725785-24145,IDAHO FALLS REGIONAL ARPT,US,+43.520,-112.068,+1442.7,19730101,20250827
725786-24151,MALAD CITY AIRPORT,US,+42.189,-112.249,+1384.7,19730101,20250812
725805-24172,DERBY FIELD AIRPORT,US,+40.068,-118.570,+1189.5,19770101,20250827
725810-24193,WENDOVER AIRPORT,US,+40.721,-114.036,+1291.4,19420801,20250826
725825-24121,ELKO REGIONAL AIRPORT,US,+40.824,-115.786,+1540.5,19770101,20250827
725830-24128,WINNEMUCCA MUNICIPAL AIRPORT,US,+40.902,-117.808,+1310.6,19730101,20250827
725835-24119,BATTLE MOUNTAIN AIRPORT,US,+40.612,-116.892,+1373.1,19730101,20250825
725837-99999,SUSANVILLE MUNI,US,+40.376,-120.573,+1264.6,19770301,20250824
725845-23225,BLUE CANYON - NYACK ARPT,US,+39.276,-120.709,+1611.2,19730101,20250827
725846-93201,TRUCKEE-TAHOE AIRPORT,US,+39.320,-120.139,+1798.3,20060101,20250826
725847-93230,LAKE TAHOE AIRPORT,US,+38.898,-119.996,+1907.0,20000101,20250827
725850-93228,HAYWARD EXECUTIVE AIRPORT,US,+37.654,-122.115,+0013.1,20100801,20250827
725864-94182,MCCALL MUNICIPAL AIRPORT,US,+44.894,-116.100,+1531.1,20050101,20250827
725865-94161,FRIEDMAN MEMORIAL AIRPORT,US,+43.500,-114.300,+1617.3,20060101,20250825
725866-94178,JSIN FLD-MAGIC VLY RGN APT,US,+42.478,-114.477,+1269.8,20060101,20250826
725867-24133,BURLEY MUNICIPAL AIRPORT,US,+42.545,-113.769,+1262.9,19730101,20250827
725875-99999,OWYHEE,US,+41.953,-116.188,+1638.0,19770301,20250822
725895-94236,KLAMATH FALLS AIRPORT,US,+42.147,-121.726,+1244.5,19590901,20250827
725905-23275,UKIAH MUNICIPAL AIRPORT,US,+39.128,-123.200,+0183.7,19730101,20250827
725910-24216,RED BLUFF MUNICIPAL ARPT,US,+40.152,-122.255,+0108.1,19730101,20250827
725920-24257,REDDING MUNICIPAL AIRPORT,US,+40.515,-122.298,+0152.6,19910331,20250827
725930-23233,SALINAS MUNICIPAL AIRPORT,US,+36.664,-121.609,+0022.3,20050101,20250827
725940-24213,WOODLEY ISLAND (NEW 10/94),US,+40.810,-124.160,+0006.1,20060101,20250825
725945-24283,ARCATA AIRPORT,US,+40.978,-124.105,+0064.5,19730101,20250827
725946-24286,JACK MCNAMARA FIELD ARPT,US,+41.784,-124.238,+0017.0,19730101,20250827
725955-24259,SISKIYOU COUNTY AIRPORT,US,+41.774,-122.468,+0806.1,19500101,20250827
725957-24215,MOUNT SHASTA,US,+41.315,-122.317,+1083.0,19770101,20250827
725958-94299,ALTURAS MUNICIPAL AIRPORT,US,+41.484,-120.562,+1335.9,20060101,20250826
725970-24225,ROGUE VALLEY INTL-MEDFORD AIRPORT,US,+42.375,-122.877,+0400.3,19730101,20250827
725975-24235,SEXTON SUMMIT,US,+42.600,-123.367,+1170.7,19730101,20250827
725976-94285,LAKE COUNTY AIRPORT,US,+42.167,-120.400,+1441.1,20060101,20250825
725985-24267,BROOKINGS,US,+42.074,-124.290,+0139.9,19770225,20250826
726050-14745,CONCORD MUNICIPAL AIRPORT,US,+43.205,-071.503,+0103.2,19730101,20250827
726055-04743,PEASE INTERNATIONAL TRADEPORT AIRPORT,US,+43.083,-070.817,+0030.5,20060101,20250826
726056-54791,SKYHAVEN AIRPORT,US,+43.279,-070.924,+0100.2,20060101,20250827
726060-14764,PORTLAND INTERNATIONAL JETPORT AP,US,+43.642,-070.304,+0013.5,19730101,20250826
726064-64709,SANFORD REGIONAL AIRPORT,US,+43.394,-070.708,+0074.4,20060101,20250826
726070-14606,BANGOR INTERNATIONAL ARPT,US,+44.798,-068.819,+0044.9,20100801,20250827
726073-14615,WATERVILLE ROBERT LAFLEUR ARPT,US,+44.533,-069.667,+0094.5,20060101,20250826
726077-14616,HANCOCK CO-BAR HARBOR ARPT,US,+44.450,-068.367,+0026.8,20060101,20250826
726079-94601,KNOX COUNTY REGIONAL ARPT,US,+44.067,-069.100,+0014.3,20060101,20250826
726083-04836,NRN AROOSTOOK REGIONAL APT,US,+47.285,-068.307,+0300.2,20060101,20250827
726114-54771,MORRISVILLE-STOWE ST ARPT,US,+44.533,-072.615,+0224.3,20060101,20250827
726115-54740,HARTNESS ST (SPNGFLD) ARPT,US,+43.342,-072.521,+0173.2,20060101,20250827
726116-94765,LEBANON MUNICIPAL AIRPORT,US,+43.627,-072.305,+0168.9,19930101,20250827
726130-14755,MT. WASHINGTON OBSERVATORY,US,+44.270,-071.303,+1911.7,20060101,20250824
726140-54742,ST. JOHNSBURY(AMOS),US,+44.420,-072.019,+0212.4,19730101,20250827
726145-94705,EDWARD F KNAPP STATE ARPT,US,+44.205,-072.565,+0336.7,19730101,20250827
726155-54736,LACONIA MUNICIPAL AIRPORT,US,+43.567,-071.433,+0166.1,20060101,20250825
726160-94700,BERLIN MUNICIPAL AIRPORT,US,+44.576,-071.178,+0342.3,20060101,20250827
726163-54770,JAFFREY MINI-SLVR RNCH APT,US,+42.807,-072.001,+0308.4,20060101,20250827
726164-54728,MT WASHINGTON RGNL AIRPORT,US,+44.366,-071.552,+0319.3,20050101,20250827
726165-94721,DILLANT-HOPKINS AIRPORT,US,+42.900,-072.267,+0146.6,20060101,20250825
726166-54781,W. H. MORSE STATE AIRPORT,US,+42.891,-073.247,+0251.8,20060101,20250827
726170-14742,BURLINGTON INTERNATIONAL AIRPORT,US,+44.468,-073.150,+0101.1,19480101,20250827
726183-54772,EASTERN SLOPES RGNL ARPT,US,+43.990,-070.950,+0137.9,20060101,20250827
726184-94709,AUBURN/LEWISTON MUNI ARPT,US,+44.050,-070.283,+0087.8,20060101,20250825
726185-14605,AUGUSTA STATE AIRPORT,US,+44.316,-069.797,+0106.4,19730101,20250827
726190-94626,MAINE FOREST SERVICE,US,+45.463,-069.555,+0424.3,20060101,20250827
726196-14610,MILLINOCKET MUNICIPAL ARPT,US,+45.648,-068.692,+0122.2,19430301,20250827
726223-94725,MASSENA INTL/RCHARDS FD AP,US,+44.933,-074.848,+0060.9,19900301,20250826
726225-64776,PLATTSBURGH INTERNATIONAL AIRPORT,US,+44.639,-073.463,+0050.4,20070618,20250827
726227-94790,WATERTOWN INTL AIRPORT,US,+43.989,-076.026,+0094.7,19490501,20250827
726228-94740,ADIRONDACK REGIONAL ARPT,US,+44.393,-074.203,+0505.6,20060101,20250827
726284-94836,SAWYER INTERNATIONAL APT,US,+46.350,-087.400,+0372.2,20060101,20250826
726350-94860,GERALD R FORD INTERNATIONAL AIRPORT,US,+42.882,-085.523,+0240.3,19730101,20250826
726355-94871,SW MICHIGAN REGIONAL ARPT,US,+42.129,-086.415,+0195.4,20060101,20250827
726357-94815,KLMAZO/BTL CREEK INTL ARPT,US,+42.228,-085.546,+0263.3,20060101,20250827
726358-00384,MICHIGAN CITY MUNICIPAL AIRPORT PHILLIPS FIELD,US,+41.703,-086.821,+0200.3,20120110,20250825
726360-14840,MUSKEGON COUNTY AIRPORT,US,+43.171,-086.237,+0190.3,19730101,20250827
726364-04883,MASON COUNTY AIRPORT,US,+43.963,-086.408,+0195.1,20050101,20250825
726370-14826,BISHOP INTERNATIONAL AIRPORT,US,+42.967,-083.750,+0234.9,19730101,20250827
726375-94817,OAKLAND CO. INTNL AIRPORT,US,+42.663,-083.410,+0295.4,20060101,20250827
726379-14845,MBS INTERNATIONAL AIRPORT,US,+43.528,-084.081,+0201.7,19730101,20250827
726380-94814,ROSCOMMON COUNTY AIRPORT,US,+44.359,-084.674,+0350.6,19730101,20250825
726384-14817,WEXFORD COUNTY AIRPORT,US,+44.283,-085.417,+0397.8,19900724,20250825
726385-94894,MANISTEE CO-BLACKER ARPT,US,+44.267,-086.250,+0189.3,20060101,20250826
726387-14850,CHERRY CAPITAL AIRPORT,US,+44.739,-085.568,+0185.2,19730101,20250827
726390-94849,ALPENA COUNTY REGIONAL AIRPORT,US,+45.072,-083.565,+0208.3,19730101,20250827
726391-00385,BALD MOUNTAIN COTTONWOOD PASS,US,+38.783,-106.217,+2995.3,20050611,20250826
726392-00424,SUNLIGHT,US,+39.433,-107.383,+3232.1,20050611,20250826
726394-04874,LUCE COUNTY AIRPORT,US,+46.311,-085.457,+0281.3,20060101,20250826
726395-14808,OSCODA-WURTSMITH AIRPORT,US,+44.450,-083.400,+0192.9,19430701,20250825
726396-00422,WILKERSON PASS,US,+39.050,-105.516,+3438.1,20050611,20250825
726400-14839,GENERAL MITCHELL INTERNATIONAL AP,US,+42.955,-087.905,+0203.3,19480101,20250827
726404-04865,LKLND/NOBL F LEE MEM FD AP,US,+45.928,-089.731,+0496.8,20060101,20250825
726405-94869,LAWRENCE J TIMMERMAN AIRPORT,US,+43.109,-088.031,+0223.7,19730101,20250825
726409-04897,WAUKESHA COUNTY AIRPORT,US,+43.041,-088.237,+0277.7,20060101,20250825
726410-14837,DANE CO REGIONAL-TRUAX FIELD AIRPORT,US,+43.141,-089.345,+0261.7,19480101,20250825
726413-04875,WEST BEND MUNICIPAL ARPT,US,+43.417,-088.133,+0269.4,20060101,20250825
726414-04873,MONROE MUNICIPAL AIRPORT,US,+42.615,-089.591,+0330.7,20060101,20250825
726415-94854,ROCK COUNTY AIRPORT,US,+42.617,-089.033,+0246.3,20060101,20250825
726416-14921,TRI-COUNTY REGIONAL ARPT,US,+43.211,-090.187,+0218.0,19730101,20250827
726417-54911,TAYLOR COUNTY AIRPORT,US,+45.101,-090.303,+0448.1,20060101,20250825
726418-54912,L.O. SIMENSTAD MUNICIPAL AIRPORT,US,+45.308,-092.690,+0275.2,20060101,20250825
726419-94929,JOHN F KENNEDY MEMO ARPT,US,+46.547,-090.918,+0250.2,20060101,20250827
726424-94818,JOHN H BATTEN AIRPORT,US,+42.759,-087.818,+0203.6,20060101,20250827
726425-04841,SHEBOYGAN CO MEMO AIRPORT,US,+43.775,-087.849,+0228.9,20060101,20250827
726426-04895,STEVENS POINT MUNI ARPT,US,+44.550,-089.533,+0338.3,20060101,20250817
726427-54908,RICHARD I BONG AIRPORT,US,+46.689,-092.094,+0205.4,20060101,20250825
726430-14920,LA CROSSE MUNICIPAL AIRPORT,US,+43.879,-091.253,+0198.2,19480101,20250827
726435-14991,CHIPPEWA VALLEY RGNL ARPT,US,+44.867,-091.488,+0269.4,19730101,20250827
726436-94930,VOLK FIELD AIRPORT,US,+43.933,-090.267,+0278.0,19611001,20250825
726437-94940,SPARTA/FORT MC COY AIRPORT,US,+43.967,-090.733,+0252.7,20060101,20250825
726438-94994,BOSCOBEL AIRPORT,US,+43.156,-090.678,+0203.1,20060101,20250827
726440-14925,ROCHESTER INTERNATIONAL AIRPORT,US,+43.904,-092.492,+0397.9,19730101,20250827
726444-04963,PRAIRIE DU CHIEN MUNI ARPT,US,+43.019,-091.124,+0201.5,20060101,20250825
726449-04891,MERRILL MUNICIPAL AIRPORT,US,+45.199,-089.711,+0401.4,20060101,20250825
726450-14898,AUSTIN STRAUBEL INTERNATIONAL AP,US,+44.480,-088.137,+0208.6,19500101,20250827
726452-04826,ALEXANDER FD S WOOD CO APT,US,+44.359,-089.837,+0309.4,20060101,20250827
726455-94897,MANITOWOC COUNTY AIRPORT,US,+44.133,-087.667,+0198.4,20060101,20250825
726456-94855,WHITTMAN REGIONAL AIRPORT,US,+43.987,-088.556,+0239.3,20060101,20250827
726457-04825,OUTAGAMIE CO RGNL AIRPORT,US,+44.267,-088.517,+0279.5,20060101,20250825
726458-04824,DOOR CO CHERRYLAND AIRPORT,US,+44.850,-087.417,+0220.7,20060101,20250825
726463-14897,WAUSAU DOWNTOWN AIRPORT,US,+44.927,-089.625,+0366.0,19900314,20250827
726464-54834,WATERTOWN MUNICIPAL AIRPORT,US,+43.167,-088.717,+0249.9,20060101,20250724
726465-94890,CENTRAL WISCONSIN AIRPORT,US,+44.783,-089.667,+0389.2,20060101,20250825
726466-54917,APPLETON MUNICIPAL AIRPORT,US,+45.228,-096.007,+0310.9,20060101,20250825
726467-54909,RICE LAKE REGIONAL-CARL'S FIELD AIRPORT,US,+45.419,-091.773,+0336.8,20060101,20250825
726468-54913,PRICE COUNTY AIRPORT,US,+45.709,-090.402,+0456.3,20060101,20250825
726480-94853,DELTA COUNTY AIRPORT,US,+45.733,-087.083,+0181.1,20060101,20250825
726487-94896,MEONE-MARINETTE TWIN CO AP,US,+45.117,-087.633,+0190.5,20050101,20250825
726498-04925,FAIRFIELD MUNICIPAL ARPT,US,+41.053,-091.979,+0243.5,20060101,20250825
726499-94971,ESTHERVILLE MUNI AIRPORT,US,+43.401,-094.748,+0400.6,20060101,20250827
726500-14972,SPENCER MUNICIPAL AIRPORT,US,+43.168,-095.210,+0407.5,20060101,20250827
726502-54832,CLINTONVILLE MUNICIPAL AIRPORT,US,+44.614,-088.731,+0250.6,20060101,20250825
726503-54833,BARABOO WISCONSIN DELLS AIRPORT,US,+43.522,-089.774,+0297.5,20060101,20250825
726504-54838,EAGLE RIVER UNION AIRPORT,US,+45.932,-089.269,+0500.5,20060101,20250825
726505-04845,KENOSHA REGIONAL AIRPORT,US,+42.595,-087.938,+0223.5,20060101,20250825
726506-04840,FOND DU LAC COUNTY AIRPORT,US,+43.770,-088.491,+0242.5,19990101,20250827
726507-54907,IOWA COUNTY AIRPORT,US,+42.887,-090.236,+0356.9,20060101,20250825
726508-94973,SAWYER COUNTY AIRPORT,US,+46.030,-091.443,+0368.9,20060101,20250827
726509-04898,DODGE COUNTY AIRPORT,US,+43.426,-088.703,+0285.3,20060101,20250825
726510-14944,JOE FOSS FIELD AIRPORT,US,+43.578,-096.754,+0432.4,19421001,20250827
726514-94032,CUSTER COUNTY AIRPORT,US,+43.733,-103.615,+1695.8,20050101,20250827
726515-94902,BROOKINGS MUNICIPAL ARPT,US,+44.300,-096.800,+0502.3,20060101,20250826
726516-24024,PHILIP AIRPORT,US,+44.051,-101.601,+0672.7,19980702,20250827
726517-94039,PINE RIDGE AIRPORT,US,+43.026,-102.520,+1002.0,20060101,20250827
726518-94990,WINNER REGIONAL AIRPORT,US,+43.389,-099.843,+0615.0,20060101,20250827
726519-94993,SISSETON MUNICIPAL AIRPORT,US,+45.669,-096.992,+0353.0,20060101,20250827
726525-94911,CHAN GURNEY MUNICIPAL ARPT,US,+42.879,-097.364,+0357.2,20060101,20250825
726530-94943,CHAMBERLAIN MUNI AIRPORT,US,+43.767,-099.318,+0519.1,20060101,20250825
726539-94056,FAITH MUNICIPAL AIRPORT,US,+45.033,-102.020,+0784.0,20060101,20250827
726540-14936,HURON REGIONAL AIRPORT,US,+44.379,-098.223,+0390.7,19730101,20250827
726544-04958,ORR REGIONAL AIRPORT,US,+48.016,-092.856,+0399.6,20060101,20250825
726545-94950,MITCHELL MUNICIPAL AIRPORT,US,+43.774,-098.038,+0396.4,20060101,20250827
726546-14946,WATERTOWN MUNICIPAL ARPT,US,+44.905,-097.150,+0530.6,19480101,20250827
726547-04931,GLENWOOD MUNICIPAL AIRPORT,US,+45.644,-095.320,+0424.6,20060101,20250825
726548-04971,WARROAD INTL-SWEDE CARLSON FLD ARPT,US,+48.941,-095.348,+0327.4,20060101,20250825
726549-54905,COOK MUNICIPAL AIRPORT,US,+47.822,-092.689,+0404.5,20060101,20250826
726550-14926,ST CLOUD REGIONAL AIRPORT,US,+45.544,-094.052,+0310.2,19730101,20250825
726553-04951,MONTIVIDEO-CHIPPEWA CO APT,US,+44.969,-095.710,+0315.2,20060101,20250825
726554-54906,ST JAMES MUNICIPAL AIRPORT,US,+43.986,-094.558,+0325.2,20060101,20250825
726555-94938,BRAINERD LAKES RGNL ARPT,US,+46.402,-094.127,+0372.5,20060101,20250827
726556-14992,REDWOOD FALLS MUNI AIRPORT,US,+44.548,-095.080,+0312.7,20000101,20250827
726557-14910,CHANDLER FIELD AIRPORT,US,+45.868,-095.394,+0432.8,19730101,20250827
726558-04914,CLOQUET CARLTON CO AIRPORT,US,+46.703,-092.504,+0389.8,20060101,20250825
726559-94976,SW MN RGNL MRSHL/RYAN FIELD AIRPORT,US,+44.450,-095.817,+0359.4,20060101,20250825
726560-24025,PIERRE REGIONAL AIRPORT,US,+44.382,-100.286,+0523.9,20100801,20250827
726561-94997,WADENA MUNICIPAL AIRPORT,US,+46.447,-095.212,+0417.6,20060101,20250825
726562-04943,AIRLAKE AIRPORT,US,+44.628,-093.228,+0292.6,20060101,20250825
726563-94969,FARIBAULT MUNICIPAL ARPT,US,+44.333,-093.317,+0323.1,20060101,20250825
726564-04967,RED WING REGIONAL AIRPORT,US,+44.589,-092.485,+0237.7,20060101,20250825
726565-04948,MORRIS MUNICIPAL AIRPORT,US,+45.566,-095.968,+0344.4,20060101,20250825
726567-04980,NEW ULM MUNICIPAL AIRPORT,US,+44.319,-094.502,+0308.2,20060101,20250825
726568-04961,OWATONNA DEGNER RGNL ARPT,US,+44.123,-093.261,+0349.3,20060101,20250825
726569-04933,HTCHSON MUNI-BUTLR FLD APT,US,+44.859,-094.382,+0323.1,20060101,20250825
726572-94966,FERGUS FALLS MUNICIPAL AIRPORT-EINAR MICKELSON FLD,US,+46.283,-096.150,+0360.6,20050101,20250825
726574-94985,MARSHFIELD MUNICIPAL ARPT,US,+44.638,-090.188,+0381.5,20060101,20250827
726575-94960,CRYSTAL AIRPORT,US,+45.062,-093.351,+0263.4,20060101,20250827
726577-94974,ANOKA CO-BLNE AP(JNS FD) AP,US,+45.150,-093.217,+0278.0,20060101,20250825
726578-04944,LITL FALS/MRSON CO-LNBRG FIELD AIRPORT,US,+45.949,-094.347,+0342.0,20060101,20250826
726579-94963,FLYING CLOUD AIRPORT,US,+44.832,-093.471,+0275.7,20060101,20250827
726580-14922,MINNEAPOLIS-ST PAUL INTERNATIONAL AP,US,+44.885,-093.231,+0254.5,19450101,20250825
726583-04941,LITCHFIELD MUNICIPAL ARPT,US,+45.147,-094.507,+0347.5,20060101,20250825
726584-14927,ST PAUL DWTWN HOLMAN FD AP,US,+44.932,-093.056,+0213.3,19831103,20250827
726585-14954,MANKATO MUNICIPAL AIRPORT,US,+44.217,-093.917,+0311.2,20060101,20250825
726586-94948,FAIRMONT MUNICIPAL AIRPORT,US,+43.650,-094.417,+0353.9,20060101,20250825
726587-94927,WORTHINGTON MUNICIPAL ARPT,US,+43.645,-095.580,+0477.9,20060101,20250825
726588-04956,WIOA MUNI-MAX CONRAD FD AP,US,+44.077,-091.708,+0200.0,20060101,20250825
726589-94968,ALBERT LEA MUNICIPAL ARPT,US,+43.683,-093.367,+0383.7,20060101,20250825
726590-14929,ABERDEEN REGIONAL AIRPORT,US,+45.444,-098.414,+0395.6,19730101,20250827
726593-04946,JACKSON MUNICIPAL AIRPORT,US,+43.650,-094.986,+0440.7,20060101,20250825
726596-04978,DODGE CENTER ARPT,US,+44.018,-092.831,+0397.8,20060101,20250823
726603-04974,SOUTH ST PAUL MUNI-RICHARD E FLEMING FLD ARPT,US,+44.857,-093.033,+0249.9,20060101,20250825
726605-00386,BLACK HILLS AIRPORT CLYDE ICE FIELD,US,+44.483,-103.783,+1198.2,20050624,20250825
726620-24090,RAPID CITY REGIONAL AIRPORT,US,+44.046,-103.054,+0963.8,19730101,20250827
726625-24006,ELLSWORTH AIR FORCE BASE,US,+44.150,-103.100,+0999.1,19390201,20250825
726626-04864,LANGLADE COUNTY AIRPORT,US,+45.154,-089.111,+0463.9,20060101,20250825
726627-94037,BUFFALO,US,+45.604,-103.547,+0922.0,19990101,20250827
726650-94023,GILLETTE-CAMPBELL CO. ARPT,US,+44.340,-105.542,+1330.3,20060101,20250827
726654-94054,JOHNSON COUNTY AIRPORT,US,+44.381,-106.720,+1503.8,20060101,20250827
726660-24029,SHERIDAN COUNTY AIRPORT,US,+44.760,-106.974,+1210.4,19730101,20250827
726664-94173,YELLOWSTONE,US,+44.545,-110.422,+2372.0,19790322,20250825
726665-24062,WORLAND MUNICIPAL AIRPORT,US,+43.965,-107.950,+1278.5,20000101,20250827
726667-24048,SOUTH BIG HORN COUNTY ARPT,US,+44.517,-108.075,+1190.3,20060101,20250827
726676-24087,DAWSON COMMUNITY AIRPORT,US,+47.133,-104.800,+0748.9,20060101,20250822
726679-04969,RUSH CITY REGIONAL AIRPORT,US,+45.698,-092.953,+0281.3,20060101,20250825
726682-54914,PRINCETON MUNICIPAL AIRPORT,US,+45.560,-093.608,+0298.4,20060101,20250826
726685-94052,MOBRIDGE MUNICIPAL AIRPORT,US,+45.550,-100.409,+0521.0,20060101,20250827
726690-24057,RAWLINS MUNI/HARVEY FIELD ARPT,US,+41.806,-107.195,+2063.2,20100801,20250827
726700-24045,YELLOWSTONE REGIONAL ARPT,US,+44.517,-109.017,+1552.0,20060101,20250825
726710-24164,BIG PINEY-MARBLETON ARPT,US,+42.578,-110.110,+2118.0,19990101,20250827
726720-24061,RIVERTON REGIONAL AIRPORT,US,+43.062,-108.447,+1660.3,20070401,20250827
726764-94163,YELLOWSTONE AIRPORT,US,+44.683,-111.117,+2026.6,20060608,20250825
726770-24033,BILLINGS LOGAN INTERNATIONAL AIRPORT,US,+45.807,-108.546,+1094.3,19350501,20250827
726776-24036,LEWISTOWN MUNICIPAL ARPT,US,+47.054,-109.457,+1257.4,19420401,20250827
726777-94055,BAKER MUNICIPAL AIRPORT,US,+46.352,-104.261,+0902.9,20060101,20250827
726797-24132,GALLATIN FIELD AIRPORT,US,+45.788,-111.162,+1350.7,19730101,20250827
726798-24150,MISSION FIELD AIRPORT,US,+45.698,-110.442,+1415.9,19730101,20250827
726810-24131,BOISE AIR TERMINAL/GOWEN FD AIRPORT,US,+43.567,-116.241,+0860.5,19310101,20250827
726813-94195,CALDWELL INDUSTRIAL ARPT,US,+43.650,-116.633,+0740.4,20060101,20250825
726815-24106,MOUNTAIN HOME AFB AIRPORT,US,+43.050,-115.867,+0913.2,19320101,20250825
726816-04110,JEROME COUNTY AIRPORT,US,+42.727,-114.455,+1226.6,20060101,20250827
726817-24154,MULLAN PASS,US,+47.455,-115.671,+1834.6,19960702,20250827
726818-94194,REXBURG-MADISON COUNTY APT,US,+43.832,-111.808,+1480.8,19990102,20250827
726824-04112,STANLEY RANGER STATION,US,+44.171,-114.927,+1979.7,19990102,20250827
726830-94185,BURNS MUNICIPAL AIRPORT,US,+43.595,-118.958,+1262.8,19730101,20250827
726836-04201,SCAPPOOSE INDUS AIRPK ARPT,US,+45.769,-122.864,+0015.1,20060101,20250827
726837-24162,ONTARIO MUNICIPAL AIRPORT,US,+44.014,-117.008,+0666.8,19730101,20250827
726865-24196,LEMHI COUNTY AIRPORT,US,+45.117,-113.883,+1232.6,20060101,20250825
726873-00452,IDAHO COUNTY AIRPORT,US,+45.943,-116.123,+1010.1,20110325,20250825
726875-94107,ROME STATE AIRPORT,US,+42.590,-117.865,+1236.0,19980302,20250827
726876-00387,GRANT COUNTY REGIONAL AIRPORT OGILVIE FIELD,US,+44.400,-118.967,+1127.2,20050103,20250826
726880-24155,EASTERN OR REGIONAL AT PENDLETON AP,US,+45.698,-118.834,+0452.5,19420101,20250827
726881-94273,MC MINNVILLE MUNICIPAL APT,US,+45.196,-123.134,+0048.2,20060101,20250827
726883-04113,HERMISTON MUNICIPAL ARPT,US,+45.826,-119.261,+0195.1,20060101,20250827
726884-24148,LA GRANDE/UNION COUNTY APT,US,+45.283,-118.000,+0826.9,19880506,20250825
726885-24152,MEACHAM,US,+45.512,-118.425,+1137.0,19730101,20250823
726886-24130,BAKER CITY MUNICIPAL ARPT,US,+44.843,-117.810,+1025.0,19730101,20250827
726887-99999,SUNRIVER,US,+43.876,-121.453,+1269.2,19800514,20250824
726904-24231,ROSEBURG REGIONAL AIRPORT,US,+43.234,-123.358,+0152.9,19800514,20250827
726917-24284,NORTH BEND MUNICIPAL ARPT,US,+43.413,-124.244,+0005.2,19770101,20250826
726920-24230,ROBERTS FIELD AIRPORT,US,+44.256,-121.141,+0929.2,20050101,20250827
726930-24221,MAHLON SWEET FIELD AIRPORT,US,+44.133,-123.216,+0109.0,19730101,20250827
726940-24232,MCNARY FIELD AIRPORT,US,+44.905,-123.001,+0063.4,19730101,20250827
726945-24202,CORVALLIS MUNICIPAL APRT,US,+44.500,-123.283,+0076.2,20060101,20250825
726950-24285,NEWPORT MUNICIPAL AIRPORT,US,+44.583,-124.050,+0037.2,20110301,20250826
726959-94281,AURORA STATE AIRPORT,US,+45.247,-122.771,+0059.7,20060101,20250827
726980-24229,PORTLAND INTERNATIONAL AIRPORT,US,+45.596,-122.609,+0006.7,19360501,20250827
726985-24242,PORTLAND-TROUTDALE AIRPORT,US,+45.551,-122.410,+0007.5,20060101,20250827
726986-94261,PORTLAND-HILLSBORO AIRPORT,US,+45.548,-122.956,+0059.8,20060101,20250827
726988-24219,MUNICIPAL AIRPORT,US,+45.619,-121.166,+0071.2,19730101,20250827
727033-14609,INTERNATIONAL AIRPORT,US,+46.118,-067.793,+0146.4,20000101,20250827
727119-94605,OLCO LANDING AREA SEAPLANE BASE,US,+46.617,-069.533,+0304.8,20060101,20250825
727120-14607,CARIBOU MUNICIPAL AIRPORT,US,+46.870,-068.017,+0188.6,19730101,20250827
727130-14604,NERN MAINE RGNL ARPT AT PRESQUE IS AIRPORT,US,+46.683,-068.050,+0162.8,19411101,20250826
727135-94623,WISCASSET AIRPORT,US,+43.964,-069.711,+0016.2,20060101,20250827
727340-14847,SAULT STE MARIE MUNI/SASN FIELD AP,US,+46.480,-084.358,+0219.8,19730101,20250827
727344-04869,CHIPPEWA COUNTY INTL ARPT,US,+46.250,-084.467,+0243.5,20060101,20250826
727347-14841,PELLSTON REGIONAL ARPT OF EMMET COUNTY ARPT,US,+45.564,-084.793,+0215.3,19730101,20250827
727415-04803,RHINELANDER-ONEIDA CO ARPT,US,+45.631,-089.482,+0502.2,20060101,20250827
727417-54825,PRESQUE ISLE COUNTY AIRPORT,US,+45.407,-083.813,+0204.2,20060101,20250826
727430-94850,MARQUETTE MICHIGAN COUNTY AP (WFO),US,+46.531,-087.549,+0431.3,19730101,20250825
727434-04870,CHARLEVOIX MUNICIPAL ARPT,US,+45.305,-085.275,+0196.9,20060101,20250825
727435-54820,MACKINAC ISLAND AIRPORT,US,+45.865,-084.637,+0225.6,20060101,20250825
727436-04863,ANTRIM COUNTY AIRPORT,US,+44.986,-085.203,+0189.0,20060101,20250826
727437-94893,FORD AIRPORT,US,+45.813,-088.113,+0343.2,20060101,20250827
727440-14858,HOUGHTON COUNTY MEMO ARPT,US,+47.166,-088.481,+0323.9,19730101,20250827
727444-04979,RICHARD B HELGESON AIRPORT,US,+47.049,-091.745,+0329.2,20060101,20250825
727445-94926,GOGEBIC-IRON COUNTY ARPT,US,+46.533,-090.133,+0374.9,20060101,20250825
727449-04954,MOOSE LAKE CARLTON CO ARPT,US,+46.419,-092.804,+0328.0,20060101,20250825
727450-14913,DULUTH INTERNATIONAL AIRPORT,US,+46.844,-092.187,+0433.4,19480101,20250827
727452-04912,CRKSTN MUNI KRKWOD FLD APT,US,+47.842,-096.621,+0274.0,20060101,20250825
727453-94967,PK RPDS MUNI-KONSHOK FD AP,US,+46.900,-095.067,+0439.3,19900111,20250827
727454-04911,GRAND MARAIS/COOK CO ARPT,US,+47.838,-090.383,+0548.0,20060101,20250825
727455-94931,CHISHOLM-HIBBING AIRPORT,US,+47.380,-092.832,+0408.2,19730101,20250827
727456-04919,SKY HARBOR AIRPORT,US,+46.722,-092.043,+0185.9,20060101,20250825
727457-94962,DETRT LKS-WETHING FLD ARPT,US,+46.833,-095.883,+0425.8,20060101,20250825
727458-94919,GRAND RAPIDS/ITASCA CO-G NEWSTROM FIELD ARPT,US,+47.211,-093.510,+0413.0,20060101,20250825
727459-94964,ELY MUNICIPAL AIRPORT,US,+47.817,-091.833,+0443.8,20060101,20250825
727466-04918,MDSON-LAC QUI PARLE CO APT,US,+44.986,-096.043,+0329.8,20060101,20250825
727467-04926,FLAG ISLAND,US,+49.318,-094.903,+0329.2,20060101,20250825
727468-04928,BIGFORK MUNICIPAL AIRPORT,US,+47.783,-093.650,+0411.2,20060101,20250825
727469-94992,GRAND MARAIS,US,+47.745,-090.346,+0185.0,20060101,20250827
727470-14918,FALLS INTERNATIONAL AIRPORT,US,+48.559,-093.396,+0352.6,19730101,20250827
727473-94977,SCOTTS SPB,US,+48.267,-092.483,+0341.1,20060101,20250825
727474-04923,EVELETH-VIRGINIA MUNI ARPT,US,+47.424,-092.498,+0420.3,20060101,20250825
727475-04940,MORA MUNICIPAL AIRPORT,US,+45.886,-093.272,+0308.5,20060101,20250825
727476-94961,BAUDETTE INTERNATIONAL APT,US,+48.726,-094.612,+0329.8,19831104,20250827
727477-04970,ROSEAU MUNI/RUDY BILLBERG FLD ARPT,US,+48.856,-095.697,+0322.8,20060101,20250825
727478-04934,HALLOCK MUNICIPAL AIRPORT,US,+48.753,-096.943,+0249.6,20060101,20250825
727486-04983,WASKISH MUNICIPAL AIRPORT,US,+48.154,-094.517,+0360.0,20060101,20250825
727497-04984,LONGVILLE MUNICIPAL ARPT,US,+46.990,-094.204,+0406.6,20060101,20250826
727503-04909,CAMBRIDGE MUNICIPAL ARPT,US,+45.559,-093.265,+0288.0,20060101,20250825
727504-94999,ATKN MUNI-S KURTZ FLD ARPT,US,+46.548,-093.677,+0367.0,20060101,20250826
727505-04929,FOSSTON MUNICIPAL AIRPORT,US,+47.593,-095.775,+0389.2,20060101,20250825
727506-04952,WINDOM MUNICIPAL AIRPORT,US,+43.913,-095.109,+0429.8,20060101,20250825
727507-54904,BENSON MUNICIPAL AIRPORT,US,+45.332,-095.651,+0316.7,20060101,20250825
727508-54915,PINE RIVER REGIONAL AIRPORT,US,+46.725,-094.382,+0394.7,20060101,20250826
727514-54910,STAPLES MUNICIPAL AIRPORT,US,+46.381,-094.806,+0392.3,20060101,20250825
727515-04982,ORTHONVILLE MUNI-MARTINSON FIELD AIRPORT,US,+45.306,-096.424,+0335.3,20060101,20250825
727517-04932,GLENCOE MUNICIPAL AIRPORT,US,+44.756,-094.081,+0302.4,20060101,20250825
727530-14914,HECTOR INTERNATIONAL AIRPORT,US,+46.924,-096.812,+0272.8,19480101,20250827
727533-04922,WHEATON MUNICIPAL AIRPORT,US,+45.780,-096.545,+0312.4,20060101,20250825
727535-14919,JAMESTOWN REGIONAL AIRPORT,US,+46.926,-098.670,+0455.7,19730101,20250827
727550-14958,BEMIDJI-BELTRAMI CO ARPT,US,+47.500,-094.933,+0424.3,20060101,20250825
727555-94956,THIEF RIVER FALLS RGNL APT,US,+48.067,-096.183,+0339.9,20060101,20250825
727566-04902,AUSTIN MUNICIPAL AIRPORT,US,+43.665,-092.933,+0375.8,20060101,20250825
727570-14916,GRAND FORKS INTERNATIONAL AIRPORT,US,+47.943,-097.183,+0255.6,20100801,20250827
727573-94928,DEVILS LAKE MUNI AIRPORT,US,+48.117,-098.900,+0439.2,20060101,20250825
727575-94925,GRAND FORKS AFB AIRPORT,US,+47.967,-097.400,+0278.3,19590303,20250825
727584-94038,HETTINGER MUNICIPAL ARPT,US,+46.011,-102.652,+0823.2,20060101,20250827
727630-24012,DICKINSON THEODORE ROOSEVELT RGNL ARPT,US,+46.800,-102.797,+0787.4,20050101,20250827
727640-24011,BISMARCK MUNICIPAL AIRPORT,US,+46.782,-100.758,+0503.2,19360701,20250827
727675-94011,MINOT AFB AIRPORT,US,+48.417,-101.350,+0508.1,19591001,20250825
727676-24013,MINOT INTERNATIONAL ARPT,US,+48.252,-101.269,+0505.2,19730101,20250827
727677-94041,GARRISON,US,+47.646,-101.441,+0582.0,20060101,20250827
727680-94008,WOKAL FIELD/GLASGOW INTL AIRPORT,US,+48.214,-106.621,+0697.8,19421210,20250827
727684-94051,JORDAN AIRPORT,US,+47.326,-106.949,+0801.0,20060101,20250827
727686-94017,L M CLAYTON AIRPORT,US,+48.094,-105.578,+0604.7,20060101,20250827
727687-94028,SIDNEY-RICHLAND MUNI ARPT,US,+47.717,-104.183,+0603.5,20060101,20250825
727690-24137,CUT BANK MUNICIPAL AIRPORT,US,+48.604,-112.377,+1171.9,20050101,20250827
727700-24138,DILLON AIRPORT,US,+45.258,-112.555,+1584.7,20050101,20250827
727720-24144,HELENA REGIONAL AIRPORT,US,+46.604,-111.989,+1178.1,19730101,20250827
727730-24153,MISSOULA INTERNATIONAL AIRPORT,US,+46.921,-114.094,+0973.8,19730101,20250827
727740-24135,BERT MOONEY AIRPORT,US,+45.964,-112.501,+1677.8,20050101,20250827
727750-24143,GREAT FALLS INTERNATIONAL AIRPORT,US,+47.473,-111.383,+1117.7,19730101,20250825
727755-24112,MALMSTROM AFHP HELIPORT,US,+47.517,-111.183,+1058.3,19421201,20250825
727760-99999,GREAT FALLS,US,+47.450,-111.383,+1130.5,19940921,20250824
727770-94012,HAVRE CITY-COUNTY AIRPORT,US,+48.543,-109.764,+0788.2,19730101,20250827
727790-24146,GLACIER PARK INTERNATIONAL AIRPORT,US,+48.304,-114.264,+0903.2,19730101,20250825
727810-24243,YAKIMA AIR TERMINAL/MCALSR FIELD AP,US,+46.564,-120.535,+0321.0,19730101,20250827
727815-24237,STAMPASS PASS FLTWO,US,+47.277,-121.337,+1206.7,19730101,20250825
727825-94239,PANGBORN MEMORIAL AIRPORT,US,+47.397,-120.201,+0377.5,20000101,20250827
727827-24110,GRANT COUNTY INTL AIRPORT,US,+47.193,-119.315,+0356.3,19430610,20250827
727830-24149,LEWISTON-NEZ PERCE COUNTY AIRPORT,US,+46.375,-117.015,+0435.8,19730101,20250827
727834-24136,COEUR D'ALENE AIR TERM APT,US,+47.767,-116.817,+0703.2,20060101,20250825
727845-24163,TRI-CITIES AIRPORT,US,+46.270,-119.118,+0122.1,19730101,20250827
727846-24160,WALLA WALLA REGIONAL ARPT,US,+46.095,-118.286,+0356.7,19410901,20250827
727850-24157,SPOKANE INTERNATIONAL AIRPORT,US,+47.622,-117.528,+0717.7,19410811,20250827
727855-24114,FAIRCHILD AIR FORCE BASE,US,+47.633,-117.650,+0750.1,19400401,20250825
727856-94176,FELTS FIELD AIRPORT,US,+47.686,-117.321,+0594.6,20060101,20250827
727857-94129,PULLMAN/MOSCOW RGNL ARPT,US,+46.744,-117.116,+0775.7,20060101,20250827
727870-94119,DEER PARK AIRPORT,US,+47.974,-117.429,+0672.0,20100801,20250827
727873-99999,COLVILLE MUNICIPAL ARPT,US,+48.544,-117.884,+0575.0,19890908,20250824
727883-24220,BOWERS FIELD AIRPORT,US,+47.034,-120.531,+0532.5,19880106,20250827
727884-99999,RICHLAND AIRPORT,US,+46.306,-119.304,+0120.1,19810203,20250824
727885-94266,WILLIAM R FAIRCHILD INT AP,US,+48.122,-123.507,+0083.2,20060101,20250827
727890-94197,OMAK AIRPORT,US,+48.461,-119.521,+0397.4,20060101,20250827
727900-24141,EPHRATA MUNICIPAL AIRPORT,US,+47.308,-119.516,+0382.1,20050101,20250827
727910-94224,ASTORIA REGIONAL AIRPORT,US,+46.157,-123.883,+0003.4,19730101,20250827
727918-94298,PEARSON FIELD AIRPORT,US,+45.621,-122.654,+0006.6,20060101,20250827
727920-24227,OLYMPIA AIRPORT,US,+46.974,-122.905,+0060.9,19730101,20250827
727923-94225,BOWERMAN AIRPORT,US,+46.973,-123.931,+0004.5,19910108,20250827
727924-24223,KELSO-LONGVIEW AIRPORT,US,+46.117,-122.894,+0006.1,19900208,20250825
727925-94227,SANDERSON FIELD AIRPORT,US,+47.238,-123.141,+0084.2,19990101,20250827
727928-94263,BREMERTON NATIONAL AIRPORT,US,+47.483,-122.767,+0135.3,20060101,20250825
727930-24233,SEATTLE-TACOMA INTERNATIONAL AIRPORT,US,+47.445,-122.314,+0112.5,19480101,20250827
727934-94248,RENTON MUNICIPAL AIRPORT,US,+47.495,-122.214,+0005.5,20060101,20250825
727935-24234,BOEING FLD/KING CO INTL AP,US,+47.546,-122.315,+0007.6,19431001,20250827
727937-24222,SNOHOMISH CO (PAINE FD) AP,US,+47.923,-122.283,+0167.1,20060101,20250827
727938-94274,TACOMA NARROWS AIRPORT,US,+47.267,-122.576,+0088.4,20060101,20250827
727945-04205,ARLINGTON MUNICIPAL ARPT,US,+48.161,-122.159,+0041.8,20060101,20250825
727970-94240,QUILLAYUTE AIRPORT,US,+47.937,-124.558,+0056.4,19730101,20250827
727976-24217,BELLINGHAM INTL AIRPORT,US,+48.799,-122.541,+0045.9,19480101,20250827
727985-94276,FRIDAY HARBOR AIRPORT,US,+48.520,-123.026,+0034.2,20060101,20250827
740001-54793,SUSSEX AIRPORT,US,+41.199,-074.626,+0127.5,20060101,20250827
740002-03042,LA VETA PASS AWOS-3 ARPT,US,+37.500,-105.167,+3114.1,20060101,20250815
740030-24103,MICHAEL AAF AIRPORT,US,+40.183,-112.933,+1325.6,20060103,20250822
740035-03145,YUMA MCAS,US,+32.650,-114.617,+0064.9,20050101,20250826
742010-99999,PORT ANGELES CGAS,US,+48.141,-123.414,+0004.0,20060619,20250824
742060-24207,MCCHORD AFB AIRPORT,US,+47.150,-122.483,+0098.2,19400722,20250825
742071-24201,GRAY AFF AIRPORT,US,+47.083,-122.583,+0091.4,20110101,20250825
742077-03763,ROCKINGHAM COUNTY NC SHILOH AIRPORT,US,+36.437,-079.851,+0211.2,20061024,20250826
742078-64773,PLYMOUTH MUNICIPAL AIRPORT,US,+43.779,-071.754,+0153.9,20061012,20250826
742300-24037,FRANK WILEY FIELD AIRPORT,US,+46.426,-105.883,+0800.2,19830531,20250827
742513-53937,EAKER FIELD AIRPORT,US,+33.942,-096.394,+0212.8,20060101,20250826
743312-53925,J.L. HELMS SEVIER CO ARPT,US,+34.048,-094.402,+0106.6,20040101,20250827
743700-14715,WHEELER-SACK AAF AIRPORT,US,+44.050,-075.733,+0209.7,20060101,20250825
743920-14611,NAVAL AIR STATION,US,+43.900,-069.933,+0021.3,19520101,20250824
743945-14710,MANCHESTER AIRPORT,US,+42.930,-071.436,+0069.8,19730101,20250827
743946-54754,BOIRE FIELD AIRPORT,US,+42.783,-071.517,+0061.0,20060101,20250826
744104-14763,PITTSFIELD MUNICIPAL AP,US,+42.427,-073.289,+0351.2,20060101,20250827
744214-94852,MARION MUNICIPAL AP,US,+40.483,-085.683,+0263.0,20100114,20250825
744550-94982,DAVENPORT MUNICIPAL AIRPT,US,+41.613,-090.595,+0227.5,19960702,20250827
744652-53897,HARRISBURG-RALEIGH AIRPORT,US,+37.811,-088.549,+0120.7,20060101,20250825
744653-63814,SPARTA COMMUNITY-HUNTER FIELD AIRPORT,US,+38.149,-089.699,+0164.0,20060101,20250825
744655-04808,AURORA MUNICIPAL AIRPORT,US,+41.771,-088.481,+0213.7,20060101,20250827
744656-53891,FAIRFIELD MUNICIPAL ARPT,US,+38.379,-088.413,+0132.9,20060101,20250825
744657-53887,CENTRALIA MUNICIPAL ARPT,US,+38.515,-089.092,+0162.8,20060101,20250825
744658-53889,FLORA MUNICIPAL AIRPORT,US,+38.665,-088.453,+0143.9,20060101,20250825
744659-53822,OLNEY-NOBLE AIRPORT,US,+38.722,-088.176,+0146.9,20060101,20250825
744660-00388,JASPER COUNTY AIRPORT,US,+40.948,-087.183,+0212.1,20110516,20250825
744662-63817,TAYLORVILLE MINICIPAL ARPT,US,+39.534,-089.328,+0189.6,20060101,20250825
744663-53950,PITTSFIELD-PENSTON MUNI AP,US,+39.639,-090.778,+0216.4,20060101,20250825
744665-04838,PALWAUKEE MUNICIPAL ARPT,US,+42.121,-087.905,+0191.6,20060101,20250827
744666-53944,JACKSONVILLE MUNICIPAL AIRPORT,US,+39.780,-090.238,+0190.2,20060101,20250825
744667-99999,RAY S MILLER AAF / CAMP RIPLEY MINNESOTA USA,US,+46.091,-094.361,+0350.5,20120713,20250824
744672-04862,LOGAN COUNTY AIRPORT,US,+40.158,-089.335,+0182.0,20060101,20250825
744860-94789,JOHN F KENNEDY INTERNATIONAL AIRPORT,US,+40.639,-073.764,+0002.7,19730101,20250827
744864-54787,REPUBLIC AIRPORT,US,+40.734,-073.416,+0022.8,20060101,20250827
744865-14719,FRANCIS S GABRESKI AP,US,+40.851,-072.619,+0013.1,19430718,20250827
744904-94723,LAWRENCE MUNICIPAL AIRPORT,US,+42.712,-071.126,+0041.5,20060101,20250827
744907-14753,EAST MILTON,US,+42.212,-071.114,+0193.5,20000101,20250101
744910-14703,WESTOVER AFB/METROPOLITAN AIRPORT,US,+42.200,-072.533,+0073.5,19410401,20250826
744915-14775,BARNES MUNICIPAL AIRPORT,US,+42.160,-072.712,+0080.6,19730105,20250827
744989-14747,CHAUTAUQUA CO/DUNKIRK ARPT,US,+42.493,-079.276,+0203.9,19970102,20250827
744994-04741,SCHENECTADY COUNTY AIRPORT,US,+42.850,-073.950,+0115.2,19810421,20250825
745046-93242,MADERA MUNICIPAL AIRPORT,US,+36.985,-120.111,+0076.6,20060101,20250827
745048-93210,OROVILLE MUNICIPAL AIRPORT,US,+39.494,-121.622,+0056.9,20060101,20250827
745056-53120,RAMONA AIRPORT,US,+33.038,-116.916,+0422.0,20060101,20250827
745057-53130,WHITMAN AIRPORT,US,+34.259,-118.413,+0305.7,20060101,20250825
745058-23277,WATSONVILLE MUNICIPAL ARPT,US,+36.939,-121.790,+0049.5,20060101,20250827
745090-23244,MOFFETT FEDERAL AIRFIELD,US,+37.406,-122.048,+0011.9,19730101,20250825
745160-23202,TRAVIS AIR FORCE BASE,US,+38.267,-121.933,+0018.9,19430811,20250825
745310-93065,USAF ACADEMY AIRSTRIP AIRPORT,US,+38.967,-104.817,+2003.2,19671127,20250826
745430-93978,PRATT INDUSTRIAL AIRPORT,US,+37.702,-098.747,+0595.0,20060101,20250826
745431-03998,TRI-CITY AIRPORT,US,+37.328,-095.504,+0263.9,20060101,20250827
745700-13840,WRIGHT-PATTERSON AFB AIRPORT,US,+39.833,-084.050,+0250.9,19360501,20250825
745890-99999,CHESAPEAKE  VA.,US,+36.900,-075.717,+0023.0,20240830,20240830
745940-13705,ANDREWS AIR FORCE BASE AIRPORT,US,+38.817,-076.867,+0086.0,19430619,20250826
745944-93784,BALTIMORE DOWNTOWN,US,+39.281,-076.611,+0006.1,19990102,20250827
745946-93786,OCEAN CITY MUNICIPAL ARTP,US,+38.309,-075.123,+0001.8,20060101,20250827
745966-03726,CAPE MAY COUNTY AIRPORT,US,+39.008,-074.908,+0007.0,20060101,20250826
745980-13702,LANGLEY AFB AIRPORT,US,+37.083,-076.360,+0003.1,19361001,20250825
745985-63806,BLUE RIDGE AIRPORT,US,+36.631,-080.018,+0286.8,20060101,20250826
746110-03182,BICYCLE LAKE FORT IRWIN AAF,US,+35.283,-116.633,+0075.6,20050814,20250825
746120-93104,CHINA LAKE,US,+35.686,-117.691,+0680.0,19730101,20250827
746140-23112,NELLIS AFB AIRPORT,US,+36.250,-115.033,+0570.0,20050101,20250825
746141-23141,INDIAN SPRING AUX AIRFIELD,US,+36.583,-115.683,+0954.9,20050103,20250825
746380-99999,MELROSE GUNNERY RANGE,US,+34.295,-103.786,+1326.0,20101213,20250824
746410-13975,GAGE AIRPORT,US,+36.297,-099.769,+0665.9,20100709,20250827
746710-13806,CAMPBELL AAF AIRPORT,US,+36.667,-087.483,+0174.7,19430715,20250825
746716-93808,BOW GRN-WARREN CO. RGNL AP,US,+36.965,-086.424,+0159.3,19730101,20250826
746720-99999,SABRE AHP,US,+36.568,-087.481,+0181.1,20010815,20250824
746925-03741,WARREN FIELD AIRPORT,US,+35.570,-077.050,+0011.6,20060101,20250825
746929-03702,DUPLIN COUNTY AIRPORT,US,+35.000,-077.982,+0041.8,20060101,20250825
746930-93737,SIMMONS AAF AIRPORT,US,+35.133,-078.933,+0074.4,19610701,20250825
746935-03709,ASHEBORO MUNICIPAL AIRPORT,US,+35.654,-079.895,+0205.1,20060101,20250825
746936-03712,HARNETT COUNTY AIRPORT,US,+35.379,-078.734,+0060.4,20060101,20250826
746940-03708,GOLDSBORO-WAYNE MUNI ARPT,US,+35.460,-077.965,+0040.8,20060101,20250825
746941-00389,MONROE COUNTY AIRPORT,US,+33.873,-088.490,+0069.2,20120110,20250826
747020-23110,NAVAL AIR STATION,US,+36.333,-119.950,+0070.7,19610701,20250827
747040-03102,ONTARIO INTERNATIONAL ARPT,US,+34.053,-117.577,+0281.6,20050101,20250827
747043-03165,EL MONTE AIRPORT,US,+34.083,-118.033,+0090.2,20060101,20250825
747185-03144,IMPERIAL COUNTY AIRPORT,US,+32.835,-115.577,-0016.8,20060101,20250827
747187-03104,DESERT RESORTS RGNL ARPT,US,+33.632,-116.164,-0036.0,19430712,20250827
747188-23158,BLYTHE AIRPORT,US,+33.619,-114.715,+0120.4,19420613,20250827
747320-23002,HOLLOMAN AFB AIRPORT,US,+32.850,-106.100,+1267.4,20060103,20250825
747335-03059,SONORA MUNICIPAL AIRPORT,US,+30.586,-100.649,+0652.3,20060101,20250825
747355-53997,COMANCHE COUNTY-CITY AIRPORT,US,+31.917,-098.600,+0423.1,20060101,20250825
747360-93042,MUNICIPAL AIRPORT,US,+36.025,-102.549,+1215.5,20050101,20250827
747390-13961,FT WORTH MEACHAM INTL ARPT,US,+32.825,-097.364,+0213.6,20050101,20250827
747400-13973,KIMBLE COUNTY AIRPORT,US,+30.510,-099.766,+0521.5,19770827,20250827
747460-03904,EASTERWOOD FIELD AIRPORT,US,+30.591,-096.363,+0096.0,20050101,20250827
747540-93915,ALEXANDRIA INTL AIRPORT,US,+31.335,-092.558,+0025.0,20060101,20250825
747560-12816,GAINESVILLE REGIONAL AIRPORT,US,+29.692,-082.276,+0040.7,20050101,20250827
747570-93874,GULFPORT-BILOXI INTL ARPT,US,+30.412,-089.081,+0004.9,20050101,20250827
747580-13978,GREENWOOD-LEFLORE AIRPORT,US,+33.496,-090.089,+0042.7,20050101,20250827
747590-13833,BOBBY L CHAIN MUNI AIRPORT,US,+31.270,-089.256,+0044.7,20050101,20250827
747680-13939,MID DELTA REGIONAL AIRPORT,US,+33.494,-090.981,+0037.8,20050101,20250827
747686-13820,KEESLER AIR FORCE BASE,US,+30.417,-088.917,+0010.1,19420509,20250825
747688-53858,TRENT LOTT INTL AIRPORT,US,+30.463,-088.532,+0002.8,20040101,20250827
747750-13846,TYNDALL AFB AIRPORT,US,+30.067,-085.583,+0005.2,19420319,20250825
747760-03818,MARIANNA MUNICIPAL AIRPORT,US,+30.837,-085.184,+0032.8,19970602,20250827
747770-03852,HURLBURT FIELD AIRPORT,US,+30.417,-086.683,+0011.6,19550705,20250825
747804-13824,HUNTER ARMY AIRFIELD,US,+32.017,-081.133,+0012.5,20060101,20250825
747805-63818,STATESBORO-BULLOCK CO ARPT,US,+32.483,-081.737,+0057.0,20060101,20250825
747806-63809,THOMASTON-UPSON CO AIRPORT,US,+32.955,-084.264,+0242.6,20060101,20250825
747807-03821,LAGRANGE-CALLAWAY AIRPORT,US,+33.017,-085.067,+0207.9,20060101,20250825
747808-63803,GWINNETT CO-BRISCOE FD APT,US,+33.980,-083.963,+0323.4,20060101,20250825
747809-03832,WINDER-BORROW AIRPORT,US,+33.983,-083.668,+0287.4,20060101,20250825
747810-13857,MOODY AFB AIRPORT,US,+30.967,-083.200,+0071.0,20060103,20250825
747812-63813,COBB CO-MC COLLUM FLD ARPT,US,+34.013,-084.599,+0317.0,20060101,20250825
747820-53860,CRAIG MUNICIPAL AIRPORT,US,+30.337,-081.513,+0011.9,20050101,20250827
747830-12849,FT LAUD/HOLLYWOOD INTL APT,US,+26.079,-080.162,+0001.0,20050101,20250827
747870-12834,DAYTONA BEACH INTERNATIONAL AIRPORT,US,+29.174,-081.072,+0007.9,20050101,20250827
747880-12810,MAC DILL AFB AIRPORT,US,+27.850,-082.517,+0004.3,19410501,20250825
747900-13849,SHAW AIR FORCE BASE,US,+33.967,-080.467,+0073.5,19411222,20250825
747910-13717,MYRTLE BEACH INTL AIRPORT,US,+33.683,-078.933,+0007.6,19421101,20250825
747915-93718,GRAND STRAND AIRPORT,US,+33.816,-078.720,+0008.8,19730101,20250827
747917-00390,MT PLEASANT REGIONAL AIRPORT FASION FIELD,US,+32.900,-079.783,+0004.3,20090101,20250825
747918-00391,GEORGETOWN COUNTY AIRPORT,US,+33.317,-079.317,+0012.2,20090510,20250825
747930-12843,VERO BEACH MUNICIPAL AIRPORT,US,+27.655,-080.414,+0005.7,20100801,20250827
747931-12876,WINTER HAVEN'S GILBERT APT,US,+28.061,-081.757,+0043.5,20050101,20250827
747940-12868,COCOA BEACH CAPE KENNEDY AFS,US,+28.483,-080.567,+0003.1,19500801,20250825
747946-12886,KENNEDY SPACE CENTER,US,+28.617,-080.683,+0003.1,20060101,20250825
747950-12867,PATRICK AFB AIRPORT,US,+28.233,-080.600,+0002.4,19450301,20250825
747960-99999,AVON PARK GUNNERY RANGE,US,+27.650,-081.330,+0020.0,20180515,20250824
749005-99999,TIBENHAM AIRFIELD,UK,+52.457,+001.162,+0052.0,19440701,20250824
749045-99999,SEBRING RGNL,US,+27.456,-081.342,+0019.2,19420401,20250824
749048-00415,KEYSTONE AIRPARK,US,+29.845,-082.048,+0060.1,20110312,20250826
749077-99999,STURGIS MUNI,US,+37.541,-087.952,+0113.4,19440306,20250824
749167-99999,PINAL AIRPARK,US,+32.511,-111.328,+0576.7,19420912,20250824
749171-00479,TEHACHAPI MUNICIPAL AIRPORT,US,+35.135,-118.439,+1219.5,20091209,20250825
749173-99999,COOLIDGE MUNI,US,+32.936,-111.427,+0479.8,19440711,20250824
749179-00392,HOLLISTER MUNICIPAL AIRPORT,US,+36.900,-121.417,+0072.2,20090201,20250825
749230-00393,TELLER AIRPORT,US,+65.233,-166.350,+0089.0,20090201,20250825
749483-00394,JACKSON COUNTY AIRPORT,US,+34.147,-083.561,+0290.2,20110927,20250825
749484-00395,SOUTH COUNTY AIRPORT OF SANTA CLARA COUNTY,US,+37.082,-121.597,+0086.3,20111001,20250825
749485-00396,ROHNERVILLE AIRPORT,US,+40.554,-124.133,+0119.2,20110921,20250825
749486-00397,NEVADA COUNTY AIR PARK,US,+39.224,-121.003,+0961.0,20110921,20250825
760013-99999,GENERAL ABELARDO L RODRIGUEZ INTL / TIJUANA INTL,MX,+32.541,-116.970,+0149.0,19900314,20250824
760053-99999,GENERAL RODOLFO SANCHEZ TABOADA INTL / MEXICALI INTL,MX,+32.631,-115.242,+0022.6,19900314,20250824
760400-99999,EJIDO NUEVO LEON BC.,MX,+32.400,-115.183,+0011.0,19911114,20250824
760550-99999,SAN FELIPE  BCN,MX,+31.033,-114.850,+0015.0,19810601,20250824
760610-99999,PUERTO PENASCO  SON.,MX,+31.300,-113.550,+0062.0,19490201,20250824
760753-99999,ABRAHAM GONZALEZ INTL / CIUDAD JUAREZ INTL,MX,+31.636,-106.429,+1189.9,19900314,20250824
761130-99999,ALTAR  SON.,MX,+30.717,-111.833,+0398.0,19490201,20250823
761180-99999,PILARES DE NACOZARI   SON.,MX,+30.367,-109.683,+1041.0,19490201,20250824
761220-99999,NUEVA CASAS GRANDES   CHIH.,MX,+30.367,-107.950,+1487.0,19490301,20250824
761600-99999,GENERAL IGNACIO P GARCIA INTL / HERMOSILLO INTL,MX,+29.096,-111.048,+0191.1,19490402,20250824
762200-99999,TEMOSACHIC  CHIH.,MX,+28.950,-107.817,+1932.0,19490101,20250824
762250-99999,CHIHUAHUA  CHIH.,MX,+28.633,-106.083,+1433.0,19520301,20240702
762253-99999,GENERAL R FIERRO VILLALOBOS INTL / CHIHUAHUA INTL,MX,+28.703,-105.965,+1360.0,19900111,20250824
762430-99999,PIEDRAS NEGRAS INTL,MX,+28.627,-100.535,+0274.6,19730103,20250824
762530-99999,SANTA ROSALIA  BCS,MX,+27.283,-112.250,+0082.0,19790701,20250824
762555-99999,GENERAL JOSE MARIA YANEZ INTL / GUAYMAS INTL,MX,+27.969,-110.925,+0018.0,19750617,20250824
762560-99999,EMPALME  SON.,MX,+27.950,-110.767,+0012.0,19770101,20250824
762580-99999,CIUDAD OBREGON  SON,MX,+27.483,-109.917,+0038.0,19730101,20250731
762863-99999,QUETZALCOATL INTL / NUEVO LAREDO,MX,+27.444,-099.570,+0147.5,19900314,20250824
763050-99999,LORETO INTL,MX,+25.989,-111.348,+0010.4,19801018,20250824
763110-99999,CHOIX  SIN.,MX,+26.733,-108.283,+0238.0,19760317,20250824
763230-99999,HIDALGO DEL PARRAL   CHIH.,MX,+26.933,-105.667,+1661.0,19780301,20250824
763420-99999,MONCLOVA INTL,MX,+26.956,-101.470,+0568.1,19490108,20250824
763503-99999,GENERAL LUCIO BLANCO INTL / REYNOSA INTL,MX,+26.009,-098.229,+0042.4,19900314,20250824
763615-99999,VALLE DEL FUERTE INTL / LOS MOCHIS INTL,MX,+25.685,-109.081,+0004.9,19750701,20250824
763730-99999,TEPEHUANES  DGO.,MX,+25.350,-105.750,+1967.0,19821001,20250822
763820-99999,TORREON INTL,MX,+25.568,-103.411,+1124.1,19490101,20250824
763900-99999,PLAN DE GUADALUPE INTL / SALTILLO INTL,MX,+25.549,-100.929,+1456.3,19730101,20250824
763930-99999,MONTERREY  N.L.,MX,+25.733,-100.300,+0515.0,19730101,20250824
763940-99999,DEL NORTE INTL,MX,+25.866,-100.237,+0449.9,19730101,20250824
763943-99999,GENERAL MARIANO ESCOBEDO INTL / MONTERREY INTL,MX,+25.778,-100.107,+0389.5,19900601,20250824
763993-99999,GENERAL SERVANDO CANALES INTL / MATAMOROS INTL,MX,+25.770,-097.525,+0007.6,19900314,20250824
764020-99999,CIUDAD CONSTITUCION  BCS,MX,+25.000,-111.633,+0048.0,19801011,20250824
764050-99999,LA PAZ  BCS,MX,+24.167,-110.300,+0018.0,19520807,20250824
764055-99999,GENERAL MANUEL MARQUEZ DE LEON INTL / LA PAZ INTL,MX,+24.073,-110.362,+0021.0,19750618,20250824
764056-99999,LOS CABOS INTL / SAN JOSE DEL CABO INTL,MX,+23.152,-109.721,+0114.0,19910321,20250824
764120-99999,CULIACAN INTL,MX,+24.765,-107.475,+0032.9,19730101,20250824
764230-99999,DURANGO  DGO.,MX,+24.050,-104.600,+1872.0,19730101,20250824
764235-99999,DURANGO INTL,MX,+24.124,-104.528,+1860.5,19750618,20250824
764580-99999,COLONIA JUAN CARRASCO MAZATLAN  SIN.,MX,+23.200,-106.417,+0004.0,19730102,20250824
764593-99999,GENERAL RAFAEL BUELNA INTL / MAZATLAN INTL,MX,+23.161,-106.266,+0011.6,19900501,20250824
764710-99999,SOMBRERETE  ZAC.,MX,+23.633,-103.650,+2351.0,19780401,20250824
764900-99999,ISLA PEREZ,MX,+22.383,-089.683,+0001.5,19730919,20250221
764910-99999,CIUDAD VICTORIA   TAMPS.,MX,+23.742,-099.170,+0336.0,19490101,20250824
764915-99999,GENERAL PEDRO JOSE MENDEZ INTL / CIUDAD VICTORIA INTL,MX,+23.704,-098.957,+0232.0,19750618,20250824
764990-99999,SOTO LA MARINA   TAMPS.,MX,+23.767,-098.200,+0021.0,19491101,20250824
765190-99999,COLOTLAN  JAL.,MX,+22.100,-103.267,+1673.0,19760401,20250824
765250-99999,ZACATECAS  ZAC. (LA BUFA  ZAC.),MX,+22.783,-102.567,+2612.0,19730109,20250824
765255-99999,GENERAL LEOBARDO C RUIZ INTL / ZACATECAS INTL,MX,+22.897,-102.687,+2176.6,19840908,20250824
765260-99999,ZACATECAS ZAC.,MX,+22.750,-102.500,-0999.9,20051211,20250808
765390-99999,PONCIANO ARRIAGA INTL / SAN LUIS POTOSI INTL,MX,+22.254,-100.931,+1839.5,19730101,20250824
765480-99999,TAMPICO  TAMPS,MX,+22.200,-097.850,+0025.0,19730101,20250824
765493-99999,GENERAL FRANCISCO JAVIER MINA INTL / TAMPICO INTL,MX,+22.296,-097.866,+0024.4,19900503,20250824
765560-99999,TEPIC,MX,+21.419,-104.843,+0920.5,19730112,20250824
765710-99999,JESUS TERAN INTL / AGUASCALIENTES INTL,MX,+21.705,-102.318,+1862.9,19730101,20250824
765730-99999,LAGOS DE MORENO  JAL.,MX,+21.350,-101.917,+1942.0,19730109,20250824
765770-99999,GUANAJUATO  GTO.,MX,+21.000,-101.283,+1999.0,19730101,20250824
765773-99999,GUANAJUATO INTL / LEON INTL,MX,+20.983,-101.483,+1815.4,19900724,20250824
765801-99999,CAYO ARENAS,MX,+22.133,-091.400,+0003.0,20171116,20240823
765810-99999,RIO VERDE  S.L.P.,MX,+21.933,-099.983,+0983.0,19730101,20250824
765850-99999,MATLAPA  S.L.P.,MX,+21.317,-098.817,+0132.0,19790701,20250823
765930-99999,PROGRESO  YUC.,MX,+21.300,-089.650,+0002.0,19730103,20250824
765950-99999,CANCUN INTL,MX,+21.037,-086.877,+0006.1,19990315,20250824
766013-99999,LICENCIADO GUSTAVO DIAZ ORDAZ INTL / PUERTO VALLARTA INTL,MX,+20.680,-105.254,+0007.0,19900501,20250824
766120-99999,GUADALAJARA  JAL.,MX,+20.667,-103.383,+1551.0,19730101,20250824
766127-99999,TAJIN / POZA RICA,MX,+20.603,-097.461,+0151.5,19990114,20250824
766133-99999,DON MIGUEL HIDALGO Y COSTILLA INTL / GUADALAJARA INTL,MX,+20.522,-103.311,+1528.9,19900501,20250824
766250-99999,QUERETARO INTERCONTINENTAL,MX,+20.617,-100.186,+1919.0,19730101,20250824
766320-99999,PACHUCA  HGO.,MX,+20.133,-098.750,+2435.0,19730101,20250824
766340-99999,TULANCINGO  HGO.,MX,+20.083,-098.367,+2181.0,19730106,20250824
766400-99999,TUXPAN.VER.,MX,+20.950,-097.400,+0028.0,19730101,20250824
766440-99999,LICENCIADO MANUEL CRESCENCIO REJON INT / MERIDA INTL,MX,+20.937,-089.658,+0011.6,19730101,20250824
766470-99999,VALLADOLID  YUC.,MX,+20.683,-088.200,+0027.0,19730103,20250824
766480-99999,COZUMEL INTL,MX,+20.522,-086.926,+0009.1,19730103,20250824
766534-99999,PLAYA DE ORO INTL / MANZANILLO INTL,MX,+19.145,-104.559,+0009.1,19780420,20250824
766540-99999,MANZANILLO  COL.,MX,+19.050,-104.317,+0003.0,19730102,20250824
766546-99999,LICENCIADO Y GEN IGNACIO LOPEZ RAYON / URUAPAN,MX,+19.397,-102.039,+1602.6,19730101,20250824
766560-99999,CIUDAD GUZMAN  JAL.,MX,+19.717,-103.467,+1515.0,19730804,20250824
766580-99999,COLIMA,MX,+19.277,-103.577,+0751.9,19730101,20250824
766620-99999,ZAMORA  MICH.,MX,+19.983,-102.317,+1562.0,19740808,20250824
766650-99999,MORELIA  MICH.,MX,+19.700,-101.183,+1913.0,19730103,20250824
766655-99999,GENERAL FRANCISCO J MUJICA INTL / MORELIA INTL,MX,+19.850,-101.026,+1838.9,19730101,20250824
766750-99999,TOLUCA  MEX.,MX,+19.283,-099.683,+2720.0,19730101,20250824
766753-99999,LICENCIADO ADOLFO LOPEZ MATEOS INTL / TOLUCA INTL,MX,+19.337,-099.566,+2580.4,19870320,20250824
766793-99999,LICENCIADO BENITO JUAREZ INTL / MEXICO CITY INTL,MX,+19.436,-099.072,+2229.9,19850719,20250824
766800-99999,MEXICO (CENTRAL)   D.F.,MX,+19.400,-099.183,+2303.0,19730101,20250824
766830-99999,TLAXCALA  TLAX.,MX,+19.317,-098.250,+2248.0,19730130,20250824
766850-99999,HERMANOS SERDAN INTL / PUEBLA INTL,MX,+19.158,-098.371,+2243.6,19730102,20250824
766870-99999,JALAPA  VER.,MX,+19.550,-096.917,+1389.0,19730101,20250824
766913-99999,GENERAL HERIBERTO JARA INTL / VERACRUZ INTL,MX,+19.146,-096.187,+0027.4,19900501,20250824
766920-99999,HACIENDA YLANG YLANG VERACRUZ  VER.,MX,+19.150,-096.117,+0016.0,19730101,20250824
766950-99999,INGENIERO ALBERTO ACUNA ONGAY INTL / CAMPECHE INTL,MX,+19.817,-090.500,+0010.4,19730101,20250824
766980-99999,FELIPE CARRILLO PUERTO  Q ROO,MX,+19.567,-088.050,+0010.0,19810101,20250824
767260-99999,GENERAL MARIANO MATAMOROS / CUERNAVACA INTL,MX,+18.835,-099.262,+1303.6,19801001,20250824
767270-99999,ZACATEPEC MOR,MX,+18.700,-099.167,+0995.8,19730104,20250221
767370-99999,ORIZABA  VER.,MX,+18.850,-097.100,+1259.0,19730103,20250824
767383-99999,MINATITLAN,MX,+18.103,-094.581,+0011.0,19940314,20250824
767410-99999,COATZACOALCOS  VER,MX,+18.183,-094.500,+0016.0,19730103,20250824
767430-99999,VILLAHERMOSA  TAB.,MX,+17.983,-092.933,+0016.0,19750814,20250824
767433-99999,C P A CARLOS ROVIROSA INTL / VILLAHERMOSA INTL,MX,+17.983,-092.817,+0014.0,19900314,20250824
767493-99999,CIUDAD DEL CARMEN INTL,MX,+18.654,-091.799,+0003.0,19880303,20250824
767500-99999,CHETUMAL INTL,MX,+18.505,-088.327,+0011.9,19730101,20250824
767501-99999,CHICHEN ITZA INTL,MX,+20.641,-088.446,+0031.1,20040510,20250824
767503-99999,CABO SAN LUCAS,MX,+22.948,-109.939,+0210.0,19940628,20250824
767510-99999,CHETUMAL Q ROO (FAM),MX,+19.000,-086.317,+0013.0,19901120,20240823
767584-99999,IXTAPA ZIHUATANEJO INTL,MX,+17.602,-101.461,+0007.9,19800611,20250824
767620-99999,CHILPANCINGO  RO.,MX,+17.550,-099.500,+1265.0,19730101,20250824
767730-99999,HUAJUAPAN DE LEON OAX,MX,+17.789,-097.772,+1606.0,19790501,20250824
767750-99999,OAXACA  OAX.,MX,+17.050,-096.717,+1518.0,19500401,20250824
767755-99999,XOXOCOTLAN INTL / OAXACA INTL,MX,+17.000,-096.733,+1520.6,19750618,20250824
768050-99999,ACAPULCO  GRO,MX,+16.750,-099.750,+0003.0,19730101,20250824
768056-99999,GENERAL JUAN N ALVAREZ INTL / ACAPULCO INTL,MX,+16.757,-099.754,+0004.0,19750618,20250824
768330-99999,SALINA CRUZ  OAX.,MX,+16.167,-095.183,+0011.0,19730102,20250824
768400-99999,ARRIAGA  CHIS.,MX,+16.233,-093.900,+0048.0,19730404,20250824
768430-99999,FRANCISCO SARABIA / TUXTLA GUTIERREZ INTL,MX,+16.562,-093.026,+0460.0,19730101,20250824
768450-99999,SN. CRISTOBAL LAS CASAS  CHIS.,MX,+16.750,-092.633,+2116.0,19730102,20250824
768480-99999,COMITAN  CHIS.,MX,+16.250,-092.133,+1646.0,19730102,20250824
768485-99999,BAHIAS DE HUATULCO INTL,MX,+15.775,-096.263,+0141.4,19880725,20250824
768550-99999,PUERTO ANGEL  OAX.,MX,+15.683,-096.483,+0046.0,19500516,20250824
768556-99999,PUERTO ESCONDIDO INTL,MX,+15.877,-097.089,+0089.6,19880810,20250824
769030-99999,TAPACHULA  CHIS,MX,+14.917,-092.250,+0118.0,19730101,20250824
769043-99999,TAPACHULA INTL,MX,+14.794,-092.370,+0029.6,19880105,20250824
780160-13601,NAVAL ATLANTIC METEROLOGY & OCEANOGRAPHY FACILITY,BD,+32.367,-064.683,+0005.5,19411201,20250824
780620-99999,GRAND BAHAMA INTL,BF,+26.559,-078.696,+0002.1,19730101,20250824
780730-99999,NASSAU INTL / LYNDEN PINDLING INTL,BS,+25.039,-077.466,+0004.9,19730101,20250824
780880-12716,COCKBURN/SAN SALVAD,BF,+24.050,-074.533,+0007.0,19730101,20250824
781140-99999,PROVIDENCIALES,TK,+21.767,-072.267,+0004.0,20230414,20250822
781180-99999,TURKS ISLAND,TK,+21.450,-071.150,+0010.0,20070724,20250824
781210-99999,MATTHEW TOWN,BF,+20.975,-073.667,+0002.4,19730101,20240512
782210-99999,RAFAEL CABRERA,CU,+21.835,-082.784,+0024.1,19730101,20250802
782215-99999,PLAYA BARACOA,CU,+23.033,-082.579,+0031.1,20070722,20250823
782240-99999,JOSE MARTI INTL,CU,+22.989,-082.409,+0064.0,19390101,20250824
782290-99999,JUAN GUALBERTO GOMEZ INTL,CU,+23.034,-081.435,+0064.0,19730101,20250824
782300-99999,JOVELLANOS,CU,+22.800,-081.183,+0025.0,20080721,20250824
782390-99999,CAYO COCO,CU,+22.533,-078.367,+0010.0,20080721,20250824
782440-99999,JAIME GONZALEZ,CU,+22.150,-080.414,+0031.1,19390101,20250824
782550-99999,IGNACIO AGRAMONTE INTL,CU,+21.420,-077.848,+0125.9,19500101,20250824
782560-99999,MANZANILLO  ORIENTE,CU,+20.333,-077.117,+0060.0,19791207,20250508
782561-99999,JARDINES DEL REY,CU,+22.461,-078.328,+0004.0,20040713,20250824
782593-99999,CARLOS MANUEL DE CESPEDES,CU,+20.396,-076.621,+0061.9,19300501,20250515
782623-99999,FRANK PAIS INTL,CU,+20.786,-076.315,+0110.0,19920408,20250824
782640-99999,ANTONIO MACEO INTL,CU,+19.970,-075.835,+0075.9,19390101,20250824
782650-99999,CABO LURECIA,CU,+21.067,-075.617,+0004.0,20080721,20250824
782670-99999,MARIANA GRAJALES,CU,+20.085,-075.158,+0017.1,19730101,20241102
782680-99999,GUSTAVO RIZO,CU,+20.365,-074.506,+0007.9,19390101,20250818
782684-99999,ORESTES ACOSTA,CU,+20.654,-074.922,+0004.9,19800427,20250616
783280-99999,SAN ANTONIO DE LOS BANOS,CU,+22.872,-082.509,+0050.0,20040705,20250817
783320-99999,COLON  MATANZAS,CU,+22.683,-080.933,+0035.0,19730101,20240831
783334-99999,VILO ACUNA INTL,CU,+21.616,-081.546,+0003.0,19830520,20250824
783390-99999,CAYO COCO   CIEGO DE AVILA,CU,+22.517,-078.450,+0002.0,19730101,20240824
783410-99999,VITICO,CU,+21.658,-079.339,+0005.0,20041007,20241109
783460-99999,MAXIMO GOMEZ,CU,+22.027,-078.790,+0102.1,19730101,20241012
783465-99999,ABEL SANTAMARIA,CU,+22.492,-079.944,+0103.0,20050723,20250824
783490-99999,SANCTI SPIRITUS   SANCTI SPIRITUS,CU,+21.933,-079.450,+0097.0,19730107,20241013
783510-99999,SANTA CRUZ DEL SUR   CAMAGUEY,CU,+20.717,-078.000,+0002.0,19730101,20241017
783670-11706,GUANTANAMO BAY NAVAL AIR STATION,CU,+19.900,-075.150,+0039.9,19450401,20250825
783840-11813,OWEN ROBERTS AIRPORT,CJ,+19.300,-081.367,+0003.1,19730101,20250824
783841-99999,GERRARD SMITH INTL / CHARLES KIRKCONNELL INTL,KY,+19.687,-079.883,+0002.4,20040930,20250824
783842-99999,MARCOS A GELABERT I,PM,+08.967,-079.550,+0010.0,20050208,20250824
783870-99999,NEGRIL POINT,JM,+18.250,-078.367,+0010.0,20010902,20241017
783880-99999,SANGSTER INTL,JM,+18.504,-077.913,+0001.2,19730101,20250824
783970-99999,NORMAN MANLEY INTL,JM,+17.936,-076.788,+0003.0,19411222,20250824
784090-99999,CAP HAITIEN INTL,HA,+19.733,-072.195,+0003.0,19430801,20241115
784390-99999,TOUSSAINT LOUVERTURE INTL / PORT AU PRINCE INTL,HT,+18.580,-072.293,+0037.2,19370101,20250824
784510-99999,MONTE CRISTI,DR,+19.883,-071.650,+0002.0,20070724,20250712
784570-99999,GREGORIO LUPERON INTL,DR,+19.758,-070.570,+0004.6,19440101,20250824
784575-99999,SAMANA / EL CATEY INTL,DO,+19.267,-069.750,+0004.0,20070807,20250824
784580-99999,PUERTO PLATA,DR,+19.750,-070.550,+0005.0,19921001,20250824
784600-99999,CIBAO INTL,DR,+19.406,-070.605,+0172.2,19730102,20250824
784640-99999,CABRERA,DR,+19.633,-069.883,+0014.0,19760710,20250113
784660-99999,ARROYO BARRIL,DR,+19.200,-069.450,+0042.0,20021105,20250724
784670-99999,SABANA DE LA MAR,DR,+19.050,-069.383,+0010.0,19570901,20250824
784730-99999,BAYAGUANA,DR,+18.750,-069.633,+0076.0,20031102,20250713
784785-99999,CASA DE CAMPO INTL,DR,+18.451,-068.912,+0073.2,19991024,20250824
784790-99999,PUNTA CANA INTL,DR,+18.567,-068.363,+0014.3,19921001,20250824
784800-99999,JIMANI,DR,+18.333,-071.850,+0056.0,20010819,20250717
784820-99999,MARIA MONTEZ INTL,DR,+18.251,-071.120,+0003.0,19730103,20250824
784840-99999,HERRERA INTL,DR,+18.470,-069.969,+0060.4,19440412,20250822
784850-99999,DE LAS AMERICAS INTL,DO,+18.430,-069.669,+0018.0,19730102,20250824
784860-99999,SANTO DOMINGO,DR,+18.433,-069.883,+0014.0,19431101,20250824
784865-99999,DR JOAQUIN BALAGUER INTL,DR,+18.573,-069.986,+0029.9,20061010,20250824
784880-99999,DE LA ROMANA INTNAL,DR,+18.450,-068.920,+0094.0,20060201,20250824
785140-11603,RAFAEL HERNANDEZ AIRPORT,US,+18.495,-067.129,+0072.2,20060101,20250825
785203-00398,MERCEDITA AIRPORT,RQ,+18.000,-066.550,+0009.1,20050101,20250825
785260-11641,LUIS MUNOZ MARIN INTERNATIONAL AP,US,+18.433,-066.011,+0003.0,20050101,20250827
785265-00494,FERNANDO LUIS RIBAS DOMINICCI AIRPORT,US,+18.457,-066.098,+0003.1,20110223,20250826
785350-11630,NAVAL STATION ROOSEVELT ROADS CEIBA,US,+18.255,-065.641,+0010.1,19730101,20250827
785430-11640,CYRIL E KING AIRPORT,US,+18.336,-064.980,+0000.0,19730101,20250827
785500-99999,TERRANCE B LETTSOME INTL,VI,+18.445,-064.543,+0004.6,19810801,20250824
785510-11624,HENRY E ROHLSEN AIRPORT,US,+17.700,-064.812,+0014.0,20110101,20250825
785830-99999,PHILIP S W GOLDSON INTL,BH,+17.539,-088.308,+0004.6,19590503,20250824
785840-99999,BELIZE/LANDIVAR,BH,+17.517,-088.200,+0001.0,19510102,20240304
786150-99999,FLORES/SANTA ELENA,GT,+16.917,-089.883,+0115.0,19730101,20250725
786250-99999,POPTUN,GT,+16.317,-089.417,+0500.0,19730102,20240719
786270-99999,HUEHUETENANGO,GT,+15.317,-091.467,+1901.0,19730102,20250824
786290-99999,QUETZALTENANGO,GT,+14.817,-091.500,+0950.0,19871002,20250725
786310-99999,COBAN,GT,+15.469,-090.407,+1322.5,19831105,20250824
786370-99999,PUERTO BARRIOS,GT,+15.731,-088.584,+0010.1,19430711,20250824
786372-99999,ESQUIPULAS,GT,+14.570,-089.350,+0965.0,20051113,20250824
786374-99999,CHAMPERICO,GT,+14.300,-091.900,+0011.0,20090512,20250304
786376-99999,MUNDO MAYA INTL ARPT,GT,+16.900,-089.867,+0117.7,20110922,20250824
786390-99999,RETALHULEU,GT,+14.521,-091.697,+0199.9,19730101,20250824
786410-99999,LA AURORA,GT,+14.583,-090.527,+1509.4,19420205,20250824
786445-99999,ZACAPA,GT,+14.967,-089.533,+0190.8,19840921,20250824
786470-99999,SAN JOSE,GT,+13.936,-090.836,+0008.8,19420813,20250824
786475-99999,QUETZALTENANGO,GT,+14.866,-091.502,+2431.0,19841012,20250824
786490-99999,LA FRAGUA/ZACAPA,GT,+14.950,-089.533,+0470.0,19850307,20240603
786500-99999,ACAJUTLA/SONSONATE,ES,+13.567,-089.833,+0015.0,19620401,20250824
786550-99999,SANTA ANA/EL PALMAR,ES,+13.970,-089.530,+0660.0,19770304,20250824
786630-99999,ILOPANGO INTL,ES,+13.699,-089.120,+0616.0,19510101,20250824
786660-99999,EL SALVADOR INTL / SAN OSCAR A ROMERO AND GALDAMEZ INTL,SV,+13.441,-089.056,+0030.8,19870116,20250824
786700-99999,SAN MIGUEL/PAPALON,ES,+13.430,-088.120,+0080.0,19840109,20250824
786720-99999,LA UNION/CPI,ES,+13.317,-087.783,+0028.0,20021118,20250822
787014-99999,MAPULACA AIRPORT,HO,+14.033,-088.633,+0051.8,20110626,20250727
787030-99999,JUAN MANUEL GALVEZ INTL,HO,+16.317,-086.523,+0005.5,19900105,20250824
787040-99999,TRUJILLO HONDURAS,HO,+15.930,-085.930,+0003.0,20050101,20250824
787050-99999,GOLOSON INTL,HO,+15.742,-086.853,+0014.9,19730214,20250824
787060-99999,TELA,HO,+15.776,-087.476,+0002.1,19510101,20250824
787070-99999,YORO,HO,+15.167,-087.117,+0670.0,19830812,20250822
787080-99999,LA MESA INTL / RAMON VILLEDA MORALES INTL,HN,+15.453,-087.924,+0027.7,19570701,20250824
787110-99999,PUERTO LEMPIRA,HO,+15.261,-083.781,+0008.0,19610316,20250824
787140-99999,CATACAMAS,HO,+14.900,-085.933,+0442.0,19570701,20250824
787170-99999,SANTA ROSA DE COPAN,HO,+14.783,-088.783,+1079.0,19570701,20250822
787180-99999,NUEVA OCOTEPEQUE,HO,+14.433,-089.200,+0626.0,19890401,20250824
787190-99999,LA ESPERANZA,HO,+14.333,-088.167,+1100.0,19890601,20250824
787200-99999,TONCONTIN INTL,HO,+14.061,-087.217,+1004.0,19510101,20250824
787210-99999,PALMEROLA INTL,HO,+14.383,-087.621,+0628.0,20050101,20250824
787240-99999,CHOLUTECA,HO,+13.300,-087.183,+0048.0,19630703,20250824
787300-99999,PUERTO CABEZAS,NU,+14.047,-083.387,+0015.8,19500614,20250824
787310-99999,NANDAIME,NU,+11.717,-086.050,+0095.0,20041008,20250618
787330-99999,RIVAS,NU,+11.417,-085.833,+0053.0,19750618,20250824
787340-99999,JINOTEGA,NU,+13.083,-085.983,+0985.0,19820801,20250824
787350-99999,JUIGALPA,NU,+12.100,-085.367,+0090.0,19730702,20250824
787390-99999,CHINANDEGA,NU,+12.633,-087.133,+0053.0,19750618,20250824
787410-99999,MANAGUA INTL / AUGUSTO CESAR SANDINO INTL,NI,+12.141,-086.168,+0059.1,19421001,20250824
787421-99999,PROVIDENCIALES,TK,+21.774,-072.266,+0004.6,20040713,20250824
787450-99999,BLUEFIELDS,NU,+11.991,-083.774,+0006.1,19490301,20250824
787620-99999,JUAN SANTAMARIA INTL,CS,+09.994,-084.209,+0920.8,19550704,20250824
787640-99999,TOBIAS BOLANOS INTL,CS,+09.957,-084.140,+0994.0,20050101,20250824
787670-99999,LIMON INTL,CS,+09.958,-083.022,+0002.1,19490101,20250824
787740-99999,DANIEL ODUBER QUIROS INTL,CS,+10.593,-085.544,+0082.3,19780111,20250824
787830-99999,ENRIQUE ADOLFO JIMENEZ,PM,+09.357,-079.867,+0007.6,19510101,20240127
787920-99999,TOCUMEN INTL,PM,+09.071,-079.383,+0041.1,19730101,20250824
787930-99999,ENRIQUE MALEK INTL,PM,+08.391,-082.435,+0027.1,19350101,20250824
787935-99999,BOCAS DEL TORO INTL / JOSE EZEQUIEL HALL,PA,+09.341,-082.251,+0003.0,19730102,20250824
787945-99999,CAP MANUEL NINO INTL,PM,+09.459,-082.517,+0005.8,20050331,20240821
787950-99999,RUBEN CANTU,PM,+08.086,-080.945,+0082.9,19740101,20250824
787955-99999,PANAMA PACIFICO,PM,+08.917,-079.600,+0013.0,20061010,20250824
787957-99999,COCLE/CAP SCARLETT MARTINEZ ARPT/RIO HATO,PM,+08.383,-080.133,+0858.9,20051002,20250824
788460-99999,ANGUILLA,AV,+18.200,-063.050,+0029.0,19870302,20250824
788461-99999,WALLBLAKE / CLAYTON J LLOYD,AI,+18.205,-063.055,+0038.7,20040713,20250824
788550-99999,ROSEAU,DO,+15.300,-061.400,+0072.0,20050316,20250403
788580-99999,ROBERT L BRADSHAW,SC,+17.311,-062.719,+0051.8,19730101,20250824
788590-99999,VANCE WINKWORTH AMORY INTL,SC,+17.206,-062.590,+0004.3,19811101,20250824
788620-99999,V C BIRD INTL,AC,+17.137,-061.793,+0018.9,19730101,20250824
788625-99999,JOHN A OSBORNE AIRPORT,MH,+16.783,-062.193,+0168.0,20091009,20250824
788660-00399,PRINCESS JULIANA INTERNATIONAL AIRPORT,NN,+18.046,-063.115,+0004.3,20050101,20250825
788730-00400,F D ROOSEVELT AIRPORT,NL,+17.498,-062.980,+0040.2,20050222,20250825
788940-99999,GUSTAVIA/ST.BARTHEL,GP,+17.900,-062.850,+0052.0,19510101,20250824
788970-00401,POINTE A PITRE INTERNATIONAL AIRPORT,GP,+16.267,-061.600,+0008.2,20050101,20250825
789050-00402,MELVILLE HALL AIRPORT,DO,+15.533,-061.300,+0014.0,20050101,20250826
789060-00403,CANEFIELD AIRPORT,DO,+15.333,-061.383,+0005.2,20050101,20250825
789220-99999,TRINITE CARAVELLE,MB,+14.767,-060.883,+0034.0,19730901,20250725
789250-00404,MARTINIQUE CESAIRE INTERNATIONAL AIRPORT,MB,+14.600,-061.000,+0007.0,20050101,20250825
789460-99999,CASTRIES,ST,+14.033,-061.017,+0055.0,19490101,20250528
789470-00405,GEORGE F L CHARLES AIRPORT,ST,+14.017,-061.000,+0002.1,20050101,20250825
789480-00406,HEWANORRA INTERNATIONAL AIRPORT,ST,+13.750,-060.950,+0010.1,20050101,20250825
789510-00407,E T JOSHUA AIRPORT,VC,+13.133,-061.200,+0013.1,20050101,20240823
789540-00408,GRANTLEY ADAMS INTERNATIONAL AIRPORT,BB,+13.067,-059.483,+0052.1,20050101,20250825
789580-00409,MAURICE BISHOP INTERNATIONAL AIRPORT,GJ,+12.000,-061.783,+0007.0,20050103,20250825
789613-00410,ARTHUR NAPOLEON RAYMOND ROBINSON INTERNATIONAL AIRPORT,TD,+11.150,-060.833,+0012.2,20050101,20250825
789700-11634,PIARCO INTL AP,TD,+10.583,-061.350,+0012.2,20050101,20250825
789820-00411,QUEEN BEATRIX INTERNATIONAL AIRPORT,AA,+12.500,-070.017,+0018.3,20050101,20250825
789880-00412,HATO INTERNATIONAL AIRPORT,UC,+12.200,-068.967,+0009.1,20050101,20250825
789900-00413,FLAMINGO INTERNATIONAL AIRPORT,NL,+12.150,-068.283,+0007.0,20050101,20250825
800010-99999,GUSTAVO ROJAS PINILLA,CO,+12.584,-081.711,+0005.8,19650101,20250824
800020-99999,EL EMBRUJO,CO,+13.357,-081.358,+0003.0,19781226,20250824
800080-99999,SANTA MARTA(?),CO,+00.000,+000.000,-0999.0,19830701,20250817
800090-99999,SIMON BOLIVAR,CO,+11.120,-074.231,+0006.7,19520606,20250824
800220-99999,RAFAEL NUNEZ,CO,+10.442,-075.513,+0001.2,19490324,20250824
800280-99999,ERNESTO CORTISSOZ,CO,+10.890,-074.781,+0029.9,19410501,20250824
800350-99999,ALMIRANTE PADILLA,CO,+11.526,-072.926,+0013.1,19730101,20250824
800360-99999,ALFONSO LOPEZ PUMAREJO,CO,+10.435,-073.250,+0147.2,19681004,20250824
800440-99999,COROZAL/LAS BRUJAS,CO,+09.333,-075.283,+0081.0,19500101,20241019
800480-99999,BARACOA,CO,+09.285,-074.846,+0054.3,19651120,20250410
800630-99999,LOS GARZONES,CO,+08.824,-075.826,+0011.0,19500101,20250824
800740-99999,EL BANCO/LAS FLORES,CO,+09.067,-073.983,+0034.0,19670508,20241015
800840-99999,ANTONIO ROLDAN BETANCOURT,CO,+07.812,-076.716,+0014.0,19800327,20250824
800890-99999,OTU REMEDIOS,CO,+07.010,-074.715,+0609.6,19500101,20240926
800910-99999,YARIGUIES,CO,+07.024,-073.807,+0125.6,19500101,20250824
800940-99999,PALONEGRO,CO,+07.127,-073.185,+1187.8,19750401,20250824
800970-99999,CAMILO DAZA,CO,+07.928,-072.512,+0334.1,19500101,20250824
800990-99999,SANTIAGO PEREZ,CO,+07.069,-070.737,+0128.0,19500101,20250824
801100-99999,OLAYA HERRERA,CO,+06.220,-075.591,+1505.7,19490105,20250824
801120-99999,JOSE MARIA CORDOVA,CO,+06.165,-075.423,+2142.1,19851201,20250824
801390-99999,PUERTO CARRENO / GERMAN OLANO,CO,+06.185,-067.493,+0053.9,19790409,20250824
801430-99999,CONDOTO/MANDINGA,CO,+05.083,-076.700,+0072.0,20020526,20250722
801440-99999,EL CARANO,CO,+05.691,-076.641,+0062.2,19490103,20250824
801490-99999,LA NUBIA,CO,+05.030,-075.465,+2094.3,19680104,20250824
801540-99999,MARIQUITA,CO,+05.217,-074.883,+0467.0,20100619,20250824
802100-99999,MATECANA,CO,+04.813,-075.740,+1346.0,19500101,20250824
802110-99999,EL EDEN,CO,+04.453,-075.766,+1216.2,19500101,20250824
802140-99999,PERALES,CO,+04.422,-075.133,+0949.1,19730101,20250824
802220-99999,EL DORADO INTL,CO,+04.702,-074.147,+2548.4,19410301,20250824
802221-99999,TRES ESQUINAS AB,CO,+00.746,-075.234,+0178.3,20240620,20250817
802222-99999,JOSE CELESTINO MUTIS,CO,+06.203,-077.395,+0024.4,20080504,20250824
802223-99999,GUAYMARAL / FLAMINIO SUAREZ CAMACHO,CO,+04.812,-074.065,+2557.3,20080504,20250824
802225-99999,LOS COLONIZADORES,CO,+06.950,-071.850,+0213.0,20080504,20250824
802226-99999,EL YOPAL / EL ALCARAVAN,CO,+05.319,-072.384,+0313.3,20080504,20250824
802227-99999,SANTA ANA,CO,+04.758,-075.956,+0908.0,20100619,20250824
802340-99999,VANGUARDIA,CO,+04.168,-073.614,+0424.9,19500101,20250824
802520-99999,GERARDO TOBAR LOPEZ,CO,+03.820,-076.990,+0014.6,19330103,20250824
802590-99999,ALFONSO BONILLA ARAGON INTL,CO,+03.543,-076.382,+0963.8,19490103,20250824
803080-99999,GUILLERMO LEON VALENCIA,CO,+02.454,-076.609,+1733.4,19490513,20250824
803150-99999,BENITO SALAS,CO,+02.950,-075.294,+0446.2,19640909,20250824
803220-99999,JORGE E GONZALEZ TORRES,CO,+02.580,-072.639,+0184.4,19800803,20250824
803360-99999,TUMACO/LA FLORIDA,CO,+01.817,-078.750,+0003.0,19360916,20250816
803420-99999,ANTONIO NARINO,CO,+01.393,-077.291,+1813.9,19610102,20250824
803540-99999,FLORENCIA/CAPITOLIO,CO,+01.600,-075.533,+0244.0,19661201,20250824
803610-99999,FABIO ALBERTO LEON BENTLEY,CO,+01.254,-070.234,+0207.3,19500104,20250824
803700-99999,SAN LUIS,CO,+00.862,-077.672,+2976.4,19490103,20250824
803720-99999,TRES DE MAYO,CO,+00.505,-076.501,+0248.4,19730101,20250824
803980-99999,ALFREDO VASQUEZ COBO,CO,-04.193,-069.943,+0084.4,19670601,20250824
804030-99999,JOSE LEONARDO CHIRINOS,VE,+11.415,-069.681,+0015.8,19500106,20240601
804043-99999,JOSEFA CAMEJO,VE,+11.781,-070.151,+0022.9,19900424,20250822
804070-99999,LA CHINITA INTL,VE,+10.558,-071.728,+0071.6,19500101,20250811
804100-99999,BARQUISIMETO INTL,VE,+10.043,-069.359,+0622.4,19500106,20250824
804130-99999,MARISCAL SUCRE,VE,+10.250,-067.649,+0407.8,19500101,20250702
804143-99999,OSCAR MACHADO ZULOAGA,VE,+10.287,-066.816,+0653.8,19900424,20240312
804150-99999,SIMON BOLIVAR INTL,VE,+10.603,-066.991,+0071.6,19730101,20250824
804190-99999,GENERAL JOSE ANTONIO ANZOATEGUI INTL,VE,+10.107,-064.689,+0007.9,19730207,20250824
804210-99999,PORLAMAR (AEROPUERTO INT DEL CARIBE),VE,+10.917,-063.967,+0024.0,19750807,20241128
804214-99999,DEL CARIBE INTL GEN SANTIAGO MARINO,VE,+10.913,-063.967,+0022.6,19800514,20250813
804220-99999,CARUPANO SUCRE,VE,+10.667,-063.250,+0010.0,20250425,20250702
804223-99999,GENERAL JOSE FRANCISCO BERMUDEZ,VE,+10.660,-063.262,+0010.1,19900424,20250702
804250-99999,MENE GRANDE,VE,+09.817,-070.933,+0028.0,19730206,20240827
804260-99999,DR ANTONIO NICOLAS BRICENO,VE,+09.340,-070.584,+0627.9,19821001,20250222
804280-99999,GUANARE,VE,+09.027,-069.755,+0184.7,19730319,20250626
804310-99999,SAN JUAN DE LOS MORROS,VE,+09.907,-067.380,+0427.9,19861201,20250702
804350-99999,MATURIN / JOSE TADEO MONAGAS INTL,VE,+09.749,-063.153,+0068.3,19730206,20250702
804380-99999,ALBERTO CARNEVALLI,VE,+08.582,-071.161,+1526.1,19730206,20240201
804400-99999,BARINAS,VE,+08.620,-070.221,+0203.0,19881101,20250626
804403-99999,JUAN PABLO PEREZ ALFONSO,VE,+08.624,-071.673,+0069.2,19900424,20240215
804440-99999,CIUDAD BOLIVAR,VE,+08.122,-063.537,+0060.0,19730212,20240729
804463-99999,GENERAL MANUEL CARLOS PIAR,VE,+08.289,-062.760,+0143.9,19900424,20240913
804470-99999,SAN ANTONIO DEL TACHIRA / GENERAL CIPRIANO CASTRO INTL,VE,+07.841,-072.440,+0399.9,19730212,20250702
804480-99999,GUASDUALITO,VE,+07.211,-070.756,+0129.8,19740301,20241204
804570-99999,CACIQUE ARAMARE,VE,+05.620,-067.606,+0074.7,19730212,20250801
804620-99999,SANTA ELENA DE UAIREN,VE,+04.555,-061.145,+0895.8,19730226,20241002
804720-99999,ARTURO MICHELENA INTL,VE,+10.150,-067.928,+0430.1,19900913,20250824
804773-99999,SANTA BARBARA DEL ZULIA / DR MIGUEL A URDANETA,VE,+08.974,-071.943,+0009.8,19900424,20240610
810010-99999,GEORGETOWN,GY,+06.800,-058.150,+0002.0,19410818,20250824
810020-10502,GEORGETOWN,GY,+06.499,-058.254,+0029.0,19730101,20250824
810030-99999,EUGENE F CORREIA INTL,GY,+06.817,-058.117,+0000.6,20050101,20250824
810060-99999,LETHEM,GY,+03.367,-059.800,+0082.0,19730101,20250824
810580-99999,NEW AMSTERDAM,GY,+06.250,-057.300,+0001.0,19860803,20250824
811000-99999,MABARUMA,GY,+08.200,-059.783,+0050.0,19730101,20250824
812000-99999,ZORG EN HOOP,NS,+05.811,-055.191,+0010.0,19730410,20250824
812020-99999,NICKERIE,NS,+05.950,-057.030,+0002.0,19730416,20250824
812250-99999,JOHAN A PENGEL INTL,NS,+05.453,-055.188,+0018.0,19420901,20250824
814010-99999,ST LAURENT DU MARON,FG,+05.500,-054.033,+0009.0,19730101,20250521
814050-99999,ROCHAMBEAU / CAYENNE FELIX EBOUE,GF,+04.820,-052.360,+0007.9,19430601,20250824
814080-99999,SAINT GEORGES,FG,+03.883,-051.800,+0007.0,19730102,20250812
814150-99999,MARIPASOULA,FG,+03.633,-054.033,+0106.0,19730103,20250602
816090-99999,OIAPOQUE,BR,+03.814,-051.863,+0020.5,20160704,20250824
816150-99999,BOA VISTA,BR,+02.805,-060.647,+0095.5,20160704,20250824
816480-99999,BARCELOS,BR,-00.983,-062.917,+0018.5,20161104,20250824
816580-99999,SOURE,BR,-00.817,-048.517,+0012.5,20160704,20250824
816600-99999,SALINOPOLIS,BR,-00.617,-047.350,+0022.5,20160704,20250824
816800-99999,BELEM,BR,-01.417,-048.433,+0025.5,20160704,20250824
816820-99999,CASTANHAL,BR,-01.300,-047.950,+0066.5,20160704,20250824
816850-99999,BRAGANCA,BR,-01.050,-046.783,+0034.5,20160704,20250824
816870-99999,TURIACU,BR,-01.667,-045.367,+0042.5,20160704,20250824
817000-99999,RIO URUBU,BR,-02.433,-059.567,+0060.5,20160704,20250123
817020-99999,URUCARA,BR,-02.533,-057.750,+0018.5,20160704,20250519
817030-99999,PARINTINS,BR,-02.639,-056.756,+0036.5,20160704,20250824
817100-99999,CAMETA,BR,-02.250,-049.500,+0023.5,20160704,20240702
817110-99999,TOME-ACU,BR,-02.600,-048.367,+0039.5,20160704,20250824
817150-99999,SAO LUIS,BR,-02.533,-044.217,+0057.5,20160704,20250824
817170-99999,PREGUICAS,BR,-02.593,-042.707,+0001.6,20140410,20250212
817290-99999,PREGUICAS,BR,-03.300,-060.633,+0020.5,20160704,20250824
817300-99999,MANAUS,BR,-03.133,-059.950,+0068.5,20160704,20250824
817320-99999,AUTAZES,BR,-03.583,-059.129,+0029.5,20160704,20240801
817330-99999,ITACOATIARA,BR,-03.133,-058.483,+0038.5,20160704,20250824
817340-99999,MAUES,BR,-03.400,-057.667,+0036.5,20160704,20240327
817370-99999,PLACAS,BR,-03.867,-054.217,+0097.5,20160704,20250307
817390-99999,MEDICILANDIA,BR,-03.517,-052.967,+0252.5,20160704,20240801
817430-99999,TUCURUI,BR,-03.817,-049.683,+0149.5,20160712,20250207
817450-99999,PARAGOMINAS,BR,-03.017,-047.350,+0102.5,20160704,20250824
817490-99999,CHAPADINHA,BR,-03.750,-043.350,+0092.5,20160704,20250824
817520-99999,PARNAIBA,BR,-03.067,-041.783,+0058.5,20160704,20250103
817540-99999,SOBRAL,BR,-03.750,-040.350,+0065.5,20160704,20240603
817550-99999,ACARAU,BR,-03.117,-040.083,+0077.5,20160704,20240902
817560-99999,ITAPIPOCA,BR,-03.483,-039.583,+0103.5,20160704,20240424
817580-99999,FORTALEZA,BR,-03.800,-038.533,+0042.5,20160704,20240603
817700-99999,COARI,BR,-04.100,-063.150,+0044.5,20160704,20250616
817740-99999,SAO GONCALO,BR,-06.836,-038.311,+0235.5,20160704,20250824
817780-99999,ITAITUBA,BR,-04.283,-056.000,+0014.5,20160704,20250824
817840-99999,NOVO REPARTIMENTO,BR,-04.250,-049.933,+0114.5,20160712,20250824
817860-99999,RONDON DO PARA,BR,-04.783,-048.067,+0222.5,20160704,20250606
817880-99999,BURITICUPU,BR,-04.317,-046.450,+0176.5,20160704,20250824
817900-99999,BACABAL,BR,-04.250,-044.800,+0029.5,20160704,20250824
817920-99999,CAXIAS,BR,-04.817,-043.350,+0077.5,20160705,20250824
817940-99999,PIRIPIRI,BR,-04.283,-041.800,+0162.5,20160918,20250824
817980-99999,JUAGUARUANA,BR,-04.783,-037.783,+0013.5,20160704,20250704
818220-99999,IMPERATRIZ,BR,-05.550,-047.467,+0127.5,20160704,20250824
818230-99999,GRAJAU,BR,-05.817,-046.167,+0231.5,20160704,20250123
818250-99999,BARRA DO CORDA,BR,-05.500,-045.233,+0154.5,20160704,20241001
818270-99999,TERESINA,BR,-05.033,-042.800,+0075.9,20160704,20241001
818290-99999,CASTELO DO PIAUI,BR,-05.350,-041.517,+0287.5,20160704,20250824
818300-99999,CRATEUS,BR,-05.186,-040.672,+0292.5,20160705,20250824
818310-99999,QUIXERAMOBIM,BR,-05.167,-039.283,+0219.5,20160704,20240522
818320-99999,MORADA NOVA,BR,-05.133,-038.350,+0045.1,20130405,20250824
818330-99999,JAGUARIBE,BR,-05.905,-038.628,+0185.5,20160704,20250228
818340-99999,MOSSORO,BR,-05.083,-037.367,+0037.5,20160730,20250824
818350-99999,APODI,BR,-05.627,-037.832,+0151.5,20160731,20240620
818360-99999,APODI,BR,-05.117,-036.717,+0005.5,20160704,20250824
818380-99999,CALCANHAR,BR,-05.167,-035.483,+0018.5,20160704,20250824
818390-99999,NATAL,BR,-05.833,-035.200,+0066.5,20160704,20250824
818470-99999,CANTO DO BURITI,BR,-08.117,-042.983,+0309.5,20160704,20250616
818480-99999,SAO JOAO DO PIAUI,BR,-08.365,-042.251,+0236.5,20110926,20250801
818630-99999,ESTREITO,BR,-06.650,-047.417,+0181.5,20160704,20250824
818660-99999,COLINAS,BR,-06.033,-044.233,+0180.5,20160704,20250725
818680-99999,FLORIANO,BR,-06.767,-043.017,+0124.8,20160704,20240502
818690-99999,OEIRAS,BR,-06.967,-042.150,+0157.5,20160704,20250824
818700-99999,VALENCA DO PIAUI,BR,-06.400,-041.733,+0302.5,20160704,20250824
818730-99999,IGUATU,BR,-06.400,-039.267,+0234.5,20160704,20250824
818750-99999,CAICO,BR,-06.467,-037.083,+0171.5,20160704,20250824
818760-99999,SANTA CRUZ,BR,-06.233,-036.033,+0238.5,20160704,20250523
818770-99999,AREIA,BR,-06.967,-035.683,+0576.1,20160704,20250328
818780-99999,CAMARATUBA,BR,-06.617,-035.133,+0137.5,20160704,20250824
818880-99999,LABREA,BR,-07.267,-064.783,+0065.5,20160704,20241009
818900-99999,HUMAITA,BR,-07.550,-063.067,+0073.5,20160916,20250824
818930-99999,APUI,BR,-07.200,-059.883,+0169.5,20160704,20241202
819010-99999,CAROLINA,BR,-07.333,-047.467,+0193.5,20160704,20250824
819030-99999,BALSAS,BR,-07.450,-046.033,+0225.5,20160704,20250417
819050-99999,URUCUI,BR,-07.467,-044.350,+0394.5,20160704,20250824
819080-99999,PICOS,BR,-07.071,-041.404,+0234.5,20160704,20250824
819090-99999,CAMPOS SALES,BR,-07.083,-040.367,+0573.5,20140410,20240603
819100-99999,OURICURI,BR,-07.533,-040.033,+0465.5,20160704,20250824
819110-99999,BARBALHA,BR,-07.300,-039.267,+0410.5,20160704,20240301
819120-99999,SERRA TALHADA,BR,-07.950,-038.300,+0462.5,20160704,20250616
819130-99999,PATOS,BR,-07.083,-037.267,+0282.0,20160704,20250824
819140-99999,MONTEIRO,BR,-07.900,-037.117,+0606.5,20160704,20250606
819150-99999,CABACEIRAS,BR,-07.483,-036.283,+0437.5,20160704,20241104
819160-99999,CAMPNA GRANDE,BR,-07.233,-035.900,+0549.5,20160704,20250824
819170-99999,SURUBIM,BR,-07.850,-035.783,+0419.5,20160704,20250103
819180-99999,JOAO PESSOA,BR,-07.150,-034.850,+0045.5,20160704,20250417
819240-99999,FEIJO,BR,-08.142,-070.343,+0164.5,20160924,20250824
819270-99999,BOCA DO ACRE,BR,-08.777,-067.332,+0112.5,20160707,20250824
819320-99999,PORTO VELHO,BR,-08.800,-063.850,+0099.5,20160704,20250123
819500-99999,PAULISTANA,BR,-08.133,-041.150,+0375.5,20120111,20250824
819510-99999,CABROBO,BR,-08.500,-039.317,+0343.5,20160704,20250824
819530-99999,ARCO VERDE,BR,-08.433,-037.083,+0682.0,20160704,20250824
819540-99999,IBIMIRIM,BR,-08.517,-037.717,+0449.5,20160704,20250824
819560-99999,CARUARU,BR,-08.233,-035.983,+0551.5,20160704,20250824
819570-99999,PALMARES,BR,-08.667,-035.567,+0181.5,20160704,20250824
819650-99999,RIO BRANCO,BR,-09.950,-068.167,+0221.5,20160925,20250824
819700-99999,ARIQUEMES,BR,-09.950,-062.967,+0141.5,20160704,20240701
819750-99999,COTRIGUACU,BR,-09.900,-058.567,+0262.5,20160704,20250824
819760-99999,APIACAS,BR,-09.567,-057.400,+0221.5,20160704,20240415
819770-99999,ALTA FLORESTA,BR,-10.067,-056.750,+0295.5,20160704,20250103
819780-99999,CARLINDA,BR,-09.967,-055.833,+0301.5,20160704,20241001
819790-99999,GUARANTA DO NORTE,BR,-09.950,-054.883,+0321.5,20160704,20250131
819820-99999,SANTANA DO ARAGUAIA,BR,-09.333,-050.350,+0169.5,20161008,20250123
819850-99999,ALTO PARNAIBA,BR,-09.100,-045.933,+0282.5,20160704,20250506
819860-99999,GILBUES,BR,-09.867,-045.350,+0426.5,20160704,20250207
819870-99999,BOM JESUS DO PIAUI,BR,-09.083,-044.333,+0298.5,20160704,20250131
819880-99999,CARACOL,BR,-09.283,-043.317,+0524.5,20160704,20240216
819890-99999,SAO RAIMUNDO NONATO,BR,-09.033,-042.700,+0403.5,20160704,20240621
819900-99999,REMANSO,BR,-09.617,-042.083,+0402.5,20160704,20250131
819910-99999,PETROLINA,BR,-09.383,-040.800,+0370.5,20160705,20240620
819920-99999,UAUA,BR,-09.833,-039.500,+0454.5,20160704,20250509
819940-99999,PAO DE ACUCAR,BR,-09.767,-037.450,+0020.5,20160704,20250824
819950-99999,PALMEIRA DOS INDIOS,BR,-09.417,-036.617,+0276.5,20160704,20250808
819960-99999,ARAPIRACA,BR,-09.800,-036.617,+0242.5,20150830,20250131
819970-99999,SAO LUIS DO QU,BR,-09.283,-035.567,+0020.5,20160704,20240902
819980-99999,MACEIO,BR,-09.550,-035.767,+0066.0,20160704,20250824
820170-99999,OIAPOQUE,BR,+03.855,-051.797,+0019.2,19380603,20250824
820220-99999,BOA VISTA / ATLAS BRASIL CANTANHEDE,BR,+02.846,-060.690,+0084.1,19730101,20250824
820240-99999,BOA VISTA,BR,+02.817,-060.650,+0090.0,19740610,20240702
820305-99999,MARILIA / FRANK MILOYE MILENKOVICH,BR,-22.197,-049.926,+0646.8,20071016,20250824
820306-99999,SANTO ANGELO,BR,-28.282,-054.169,+0321.9,20071016,20250824
820420-99999,CARACARAI,BR,+01.833,-061.133,+0095.0,19890208,20250822
820980-99999,MACAPA / ALBERTO ALCOLUMBRE,BR,+00.051,-051.072,+0017.1,19730101,20250824
820990-99999,MACAPA-AEROPORTO,BR,+00.050,-051.067,+0016.0,19430901,20240702
821070-99999,SAO GABRIEL DA CACHOEIRA AERO,BR,-00.117,-066.967,+0079.0,20050101,20250824
821080-99999,HOTEL TRANSAMERICA / COMANDATUBA,BR,-15.355,-038.999,+0006.1,19730101,20250824
821110-99999,EDUARDO GOMES INTL,BR,-03.039,-060.050,+0080.5,19770501,20250824
821430-99999,SALINOPOLIS,BR,-00.617,-047.383,+0014.0,19810201,20250824
821450-99999,TRACUATEUA (BRAGANCA),BR,-01.083,-046.933,+0036.0,19900112,20250815
821810-99999,MONTE ALEGRE,BR,-02.000,-054.083,+0146.0,19891114,20240705
821840-99999,PORTO DE MOZ,BR,-01.733,-052.233,+0016.0,19730101,20250817
821880-99999,BREVES,BR,-01.667,-050.483,+0015.0,19891201,20240702
821910-99999,BELEM,BR,-01.450,-048.467,+0010.0,19310104,20240702
821930-99999,VAL DE CANS JULIO CEZAR RIBEIRO INTL,BR,-01.379,-048.476,+0016.5,19421001,20250824
821980-99999,TURIACU,BR,-01.717,-045.400,+0044.0,19761101,20250817
822120-99999,FONTE BOA,BR,-02.533,-066.167,+0056.0,19740610,20250822
822440-99999,SANTAREM / MAESTRO WILSON FONSECA,BR,-02.422,-054.793,+0060.4,19730101,20250824
822460-99999,BELTERRA,BR,-02.633,-054.950,+0176.0,19740610,20250817
822630-99999,CAMETA,BR,-02.250,-049.500,+0024.0,19891114,20240614
822800-99999,SAO LUIZ,BR,-02.533,-044.300,+0051.0,19310202,20240702
822810-99999,MARECHAL CUNHA MACHADO INTL,BR,-02.585,-044.234,+0054.3,19430501,20250824
822880-99999,PARNAIBA PREFEITO DR JOAO SILVA FILHO,BR,-02.894,-041.732,+0004.9,19430512,20250824
823170-99999,TEFE / PREFEITO ORLANDO MARINHO,BR,-03.383,-064.724,+0056.1,19730101,20250824
823260-99999,CODAJAS,BR,-03.833,-062.083,+0049.0,19891117,20240429
823310-99999,MANAUS,BR,-03.133,-060.017,+0072.0,19330806,20240701
823320-99999,CAMPO PONTA PELADA,BR,-03.146,-059.986,+0081.4,19730101,20250824
823330-99999,EDUARDO GOMES AERO,BR,-03.033,-060.050,+0082.0,20201204,20240702
823360-99999,ITACOATIARA,BR,-03.127,-058.481,+0043.3,19730101,20250702
823366-99999,TOCANTINS / BRIGADEIRO LYSIAS RODRIGUES,BR,-10.292,-048.357,+0235.9,20050903,20250824
823530-99999,ALTAMIRA,BR,-03.254,-052.254,+0112.2,19730101,20250824
823610-99999,TUCURUI,BR,-03.786,-049.720,+0253.0,19861004,20250702
823760-99999,ZE DOCA,BR,-03.717,-045.533,+0046.0,19900330,20240702
823820-99999,CHAPADINHA,BR,-03.733,-043.350,+0104.0,20020311,20240702
823970-99999,FORTALEZA,BR,-03.767,-038.600,+0026.0,19310104,20240702
823980-99999,PINTO MARTINS INTL,BR,-03.776,-038.533,+0025.0,19360824,20250824
824000-99999,FERNANDO DE NORONHA,BR,-03.855,-032.423,+0058.8,19310101,20250824
824100-99999,BENJAMIN CONSTANT,BR,-04.383,-070.033,+0065.0,19730101,20241130
824110-99999,TABATINGA,BR,-04.256,-069.936,+0085.0,19790606,20250824
824440-99999,ITAITUBA,BR,-04.242,-056.001,+0033.5,19921001,20250824
824450-99999,ITAITUBA,BR,-04.267,-055.983,+0045.0,19881103,20250817
824600-99999,BACABAL,BR,-04.250,-044.783,+0025.0,19890801,20250703
825620-99999,MARABA / JOAO CORREA DA ROCHA,BR,-05.369,-049.138,+0108.8,19730101,20250824
825640-99999,PREFEITO RENATO MOREIRA,BR,-05.531,-047.460,+0131.4,19770601,20250824
825650-99999,IMPERATRIZ,BR,-05.533,-047.450,+0131.0,19910927,20240627
825670-99999,CARAJAS,BR,-06.118,-050.003,+0621.2,20050101,20250824
825710-99999,BARRA DO CORDA,BR,-05.500,-045.267,+0153.0,19310303,20241129
825780-99999,TERESINA,BR,-05.083,-042.817,+0074.0,19770201,20240702
825790-99999,SENADOR PETRONIO PORTELLA,BR,-05.060,-042.823,+0066.8,19310104,20250824
825860-99999,QUIXERAMOBIM,BR,-05.200,-039.300,+0212.0,19310104,20250821
825880-99999,MORADA NOVA,BR,-05.083,-038.383,+0044.0,19900107,20240630
825900-99999,APODI,BR,-05.650,-037.800,+0065.0,19900105,20240702
825910-99999,DIX SEPT ROSADO,BR,-05.202,-037.364,+0023.5,19730101,20250824
825950-99999,CALCANHAR,BR,-05.167,-035.483,+0014.0,19810205,20250704
825960-99999,CEARA-MIRIM,BR,-05.650,-035.417,+0061.0,19760404,20240619
825980-99999,NATAL,BR,-05.767,-035.200,+0045.0,19310104,20240701
825990-99999,CAMPO AUGUSTO SEVERO,BR,-05.911,-035.248,+0051.5,19430801,20250824
825991-99999,MINISTRO VICTOR KONDER INTL,BR,-26.880,-048.651,+0005.5,20050502,20250824
826100-99999,EIRUNEPE,BR,-06.667,-069.867,+0104.0,19730101,20250822
826590-99999,ARAGUAINA,BR,-07.200,-048.200,+0228.0,19891201,20240702
826760-99999,COLINAS,BR,-06.033,-044.233,+0180.0,20201204,20240607
826780-99999,FLORIANO,BR,-06.767,-043.017,+0127.0,19730101,20250821
826890-99999,SAO GONCALO,BR,-06.750,-038.217,+0233.0,19891117,20240702
826900-99999,SERIDO / CAICO,BR,-06.467,-037.083,+0170.0,19380913,20240531
826960-99999,AREIA,BR,-06.967,-035.683,+0575.0,20211201,20240702
827040-99999,CRUZEIRO DO SUL,BR,-07.600,-072.769,+0194.2,19740201,20250824
827230-99999,LABREA,BR,-07.250,-064.833,+0060.0,19730101,20250822
827530-99999,OURICURI,BR,-07.900,-040.050,+0459.0,19910823,20240702
827650-99999,CAROLINA,BR,-07.333,-047.467,+0193.0,19730101,20250702
827680-99999,BALSAS / MARANHAO,BR,-07.517,-046.050,+0283.0,20010916,20250815
827910-99999,PATOS,BR,-07.017,-037.267,+0249.0,19860701,20250821
827920-99999,MONTEIRO,BR,-07.883,-037.067,+0599.0,19950201,20240702
827950-99999,PRESIDENTE JOAO SUASSUNA,BR,-07.270,-035.896,+0501.7,19310108,20250824
827970-99999,SURUBIM,BR,-07.833,-035.717,+0418.0,19380503,20240617
827980-99999,JOAO PESSOA,BR,-07.100,-034.867,+0007.0,19310104,20250824
827981-99999,LAURO CARNEIRO DE LOYOLA,BR,-26.224,-048.797,+0004.6,20060625,20250824
828240-99999,GOVERNADOR JORGE TEIXEIRA DE OLIVEIRA,BR,-08.709,-063.902,+0089.6,19821101,20250824
828250-99999,PORTO VELHO,BR,-08.767,-063.917,+0095.0,19730101,20250109
828610-99999,CONCEICAO DO ARAGUAIA,BR,-08.348,-049.302,+0199.0,19730101,20250817
828630-99999,PEDRO AFONSO,BR,-08.967,-048.183,+0187.0,19890901,20250822
828790-99999,S.JOAO DO PIAUI,BR,-08.350,-042.250,+0235.0,19950401,20250703
828820-99999,PAULISTANA,BR,-08.133,-041.133,+0375.0,19910726,20240702
828860-99999,CABROBO,BR,-08.517,-039.333,+0341.0,19900105,20240702
828900-99999,ARCOVERDE,BR,-08.417,-037.083,+0682.0,20201204,20240702
828990-99999,GUARARAPES GILBERTO FREYRE INTL,BR,-08.126,-034.924,+0010.1,19310104,20250824
829170-99999,PRESIDENTE MEDICI / PLACIDO DE CASTRO INTL,BR,-09.869,-067.894,+0193.2,19830702,20250824
829300-99999,CACHIMBO / CAMPO DE PROVAS BRIGADEIRO VELOSO,BR,-09.334,-054.965,+0537.1,19610101,20250824
829650-99999,ALTA FLORESTA / PILOTO OSVALDO MARQUES DIAS,BR,-09.866,-056.106,+0288.6,19880601,20250824
829830-99999,PETROLINA,BR,-09.383,-040.483,+0370.0,19730101,20250821
829840-99999,SENADOR NILO COELHO,BR,-09.362,-040.569,+0385.0,19430401,20250824
829860-99999,PAULO AFONSO,BR,-09.401,-038.251,+0269.1,19730501,20250819
829900-99999,PAO DE ACUCAR,BR,-09.750,-037.433,+0020.0,19310104,20240619
829920-99999,PALMEIRO DOS INDIOS,BR,-09.450,-036.700,+0275.0,19940401,20240702
829930-99999,ZUMBI DOS PALMARES,BR,-09.511,-035.792,+0118.0,19730101,20250824
829960-99999,PORTO DE PEDRAS,BR,-09.183,-035.433,+0051.0,20130522,20240702
830110-99999,BACACHERI AERO,BR,-25.400,-049.233,+0927.0,20201204,20240702
830330-99999,PALMAS,BR,-10.183,-048.300,+0281.0,19940401,20240702
830640-99999,PORTO NACIONAL,BR,-10.717,-048.583,+0239.0,19380205,20250824
830650-99999,PALMAS AERO,BR,-10.283,-048.350,+0236.0,20050628,20240702
830750-99999,GUARULHOS GOV ANDRE FRANCO MONTORO,BR,-23.432,-046.470,+0749.5,20050101,20250824
830880-99999,SENAR DO BOMFMI,BR,-10.467,-040.183,+0558.0,19891117,20240817
830950-99999,SANTA MARIA,BR,-10.984,-037.070,+0007.0,19830401,20250824
830970-99999,PROPRIA,BR,-10.200,-036.867,+0019.0,19310104,20240702
831110-99999,RIO/JACAREPAGUA,BR,-22.983,-043.367,+0003.0,19770601,20250824
831150-99999,SANTA CRUZ AERO,BR,-22.933,-043.717,+0003.0,20201204,20240702
831170-99999,ILHA RASA,BR,-23.067,-043.150,+0075.0,20151014,20250824
831790-99999,BARRA,BR,-11.083,-043.167,+0402.0,19900425,20250822
831840-99999,MORRO DO CHAPEU,BR,-11.217,-041.217,+1005.0,19891117,20240702
831900-99999,SERRINHA,BR,-11.633,-038.967,+0359.0,20000330,20240527
831920-99999,CIPO *,BR,-11.083,-038.517,+0464.0,19891117,20250822
832080-99999,VILHENA,BR,-12.694,-060.098,+0615.1,19730101,20250824
832220-99999,CRUZ DAS ALMAS,BR,-12.667,-039.083,+0227.0,20020311,20240616
832280-99999,PEIXE,BR,-12.050,-048.533,+0250.0,19890901,20250824
832290-99999,SALVADOR,BR,-13.017,-038.517,+0051.0,19310101,20240520
832315-99999,CHAPADA DIAMANTINA / HORACIO DE MATTOS,BR,-12.482,-041.277,+0510.8,20101108,20250824
832350-99999,TAGUATINGA,BR,-12.400,-046.433,+0604.0,19890901,20250824
832360-99999,BARREIRAS,BR,-12.150,-045.000,+0439.0,19730102,20250822
832420-99999,LENCOIS,BR,-12.567,-041.383,+0439.0,19730809,20250822
832480-99999,DEPUTADO LUIS EDUARDO MAGALHAES,BR,-12.911,-038.331,+0019.5,19430809,20250824
832700-99999,CANARANA,BR,-13.500,-052.500,+0430.0,19891117,20250822
832880-99999,BOM JESUS DA LAPA,BR,-13.262,-043.408,+0443.2,19730101,20240709
833090-99999,DIAMANTINO,BR,-14.400,-056.450,+0286.0,19730101,20250824
833190-99999,NOVA XAVANTINA,BR,-14.700,-052.350,+0315.0,19730101,20250824
833320-99999,POSSE,BR,-14.100,-046.367,+0826.0,19890901,20250824
833340-99999,FORMOSO,BR,-14.933,-046.250,+0840.0,19900103,20240702
833440-99999,VITORIA DA CONQUISTA,BR,-14.863,-040.863,+0913.8,19740623,20250822
833490-99999,ILHEUS / JORGE AMADO,BR,-14.816,-039.033,+0004.6,19830401,20250824
833590-99999,BARRA DO GARCAS,BR,-15.861,-052.389,+0349.6,19861101,20250824
833610-99999,CUIABA,BR,-15.550,-056.117,+0151.0,19310101,20240701
833620-99999,MARECHAL RONDON,BR,-15.653,-056.117,+0188.1,19730101,20250824
833630-99999,SAO VICENTE,BR,-15.817,-055.417,+0800.0,20201204,20240228
833640-99999,PADRE RICARDO REMETTER,BR,-15.783,-056.067,+0141.0,19891117,20240702
833680-99999,ARAGARCAS,BR,-15.900,-052.233,+0345.0,19730101,20250703
833760-99999,PIRENOPOLIS,BR,-15.850,-048.967,+0730.0,19360824,20240630
833770-99999,BRASILIA,BR,-15.783,-047.933,+1159.0,19730101,20240702
833780-99999,PRESIDENTE JUSCELINO KUBITSCHEK,BR,-15.863,-047.913,+1060.4,19610101,20250824
833840-99999,ARINOS,BR,-15.900,-046.050,+0519.0,19891117,20250822
833860-99999,JANUARIA,BR,-15.433,-044.367,+0474.0,19310101,20250824
833930-99999,PEDRA AZUL,BR,-16.000,-041.283,+0649.0,19740720,20250824
834190-99999,BASE AEREA / CAMPO MARECHAL MARCIO DE SOUZA E MELLO,BR,-16.229,-048.964,+1136.3,19770204,20250824
834230-99999,GOIANIA,BR,-16.667,-049.250,+0741.0,19380510,20250824
834240-99999,SANTA GENOVEVA,BR,-16.632,-049.221,+0746.8,19730101,20250824
834280-99999,UNAI,BR,-16.367,-046.550,+0460.0,19891201,20240626
834370-99999,MARIO RIBEIRO,BR,-16.707,-043.819,+0667.8,19360824,20250824
834410-99999,SALINAS,BR,-16.183,-042.283,+0472.0,19891117,20240627
834420-99999,ARACUAI,BR,-16.867,-042.067,+0284.0,19891117,20250824
834460-99999,GUARATINGUETA,BR,-16.733,-039.550,+0195.0,20020203,20240629
834600-99999,PORTO SEGURO,BR,-16.439,-039.081,+0051.2,20070717,20250824
834640-99999,JATAI *,BR,-17.883,-051.717,-0999.9,20010916,20240702
834700-99999,RIO VERDE,BR,-17.917,-050.917,+0727.0,19740720,20250627
834880-99999,ITAMARANDIBA,BR,-17.850,-042.850,+1097.0,19891117,20240616
834980-99999,CARAVELAS,BR,-17.733,-039.250,+0003.0,19320501,20250702
834990-99999,ABROLHOS,BR,-17.967,-038.700,+0038.0,19790112,20240702
835220-99999,IPAMERI,BR,-17.717,-048.167,+0752.0,19890901,20240306
835250-99999,UBERLANDIA AERO,BR,-18.883,-048.220,+0943.0,20050502,20250824
835260-99999,CATALAO,BR,-18.183,-047.950,+0840.0,19310101,20250824
835520-99999,CORUMBA INTL,BR,-19.012,-057.673,+0140.5,19310101,20250824
835540-99999,CORUMBA (AEROPORTO),BR,-19.000,-057.667,+0141.0,19770601,20240702
835650-99999,PARANAIBA,BR,-19.700,-051.183,+0331.0,19891117,20250702
835660-99999,CONFINS (AERO),BR,-19.617,-043.967,+0827.0,20000828,20250824
835760-99999,UBERABA / MARIO DE ALMEIDA FRANCO,BR,-19.765,-047.965,+0809.2,19730101,20250824
835790-99999,ARAXA,BR,-19.567,-046.933,+1004.0,19380913,20250824
835830-99999,PAMPULHA CARLOS DRUMMOND DE ANDRADE,BR,-19.851,-043.951,+0789.1,19510101,20250824
835870-99999,TANCREDO NEVES INTL,BR,-19.634,-043.969,+0827.5,19310101,20250824
835880-99999,LAGOA SANTA AIRPORT,BR,-19.650,-043.883,+0852.0,19730101,20250824
835890-99999,CONCEICAO DO MATO DENTRO,BR,-19.033,-043.433,+0675.0,19891118,20240608
835920-99999,CARATINGA,BR,-19.800,-042.150,+0609.0,19360830,20241130
836120-99999,CAMPO GRANDE,BR,-20.469,-054.673,+0558.7,19360824,20250824
836160-99999,PRESIDENTE PRUDENTE AERO,BR,-22.167,-051.417,+0449.0,20201204,20240327
836300-99999,FRANCA,BR,-20.550,-047.433,+1026.0,19730104,20250824
836390-99999,CAPARAO,BR,-20.517,-041.867,+0843.0,19900714,20240701
836480-99999,VITORIA,BR,-20.317,-040.333,+0036.0,19310101,20240628
836490-99999,GOIABEIRAS / EURICO DE AGUIAR SALLES INTL,BR,-20.258,-040.286,+0003.4,19730101,20250824
836500-99999,TRINDADE (ILHA),BR,-20.500,-029.317,+0005.0,19430401,20250824
836520-99999,LEITE LOPES,BR,-21.134,-047.774,+0549.2,20050306,20250824
836690-99999,SAO SIMAO,BR,-21.483,-047.550,+0617.0,19880513,20240702
836710-99999,CAMPO FONTENELLE,BR,-21.985,-047.335,+0599.8,19730101,20250824
836726-99999,CASCAVEL / AEROPORTO REGIONAL DO OESTE,BR,-25.000,-053.501,+0753.8,20070717,20250824
836728-99999,GUAJARA MIRIM,BR,-10.786,-065.285,+0145.7,20070717,20250824
836870-99999,LAVRAS,BR,-21.233,-045.000,+0919.0,19360824,20250824
836890-99999,MAJOR BRIGADEIRO DOORGAL BORGES,BR,-21.267,-043.761,+1114.7,19730101,20250824
836920-99999,FRANCISCO DE ASSIS,BR,-21.792,-043.387,+0911.0,19310101,20250824
836950-99999,ITAPERUNA,BR,-21.200,-041.883,+0123.0,19891110,20250822
836980-99999,BARTOLOMEU LISANDRO,BR,-21.698,-041.302,+0017.4,19310101,20250824
837000-99999,SAO TOME,BR,-22.050,-041.050,+0004.0,19790112,20240702
837030-99999,PONTA PORA,BR,-22.550,-055.703,+0657.1,19730101,20250824
837080-99999,GUARATINGUETA / CAMPO EDU CHAVES,BR,-22.792,-045.205,+0536.8,19770504,20250824
837160-99999,PRESIDENTE PRUDENTE,BR,-22.175,-051.425,+0450.2,19730101,20250824
837180-99999,CORDEIRO,BR,-22.033,-042.367,+0485.0,19890209,20250822
837210-99999,VIRACOPOS,BR,-23.007,-047.135,+0661.4,19510120,20250824
837220-99999,BAURU,BR,-22.345,-049.054,+0617.2,19730101,20250824
837260-99999,SAO CARLOS,BR,-22.017,-047.883,+0856.0,19310101,20240630
837360-99999,SAO LOURENCO,BR,-22.100,-045.017,+0900.0,19310101,20240702
837380-99999,RESENDE,BR,-22.483,-044.467,+0440.0,19310101,20250702
837410-99999,SANTA CRUZ / CAMPO NERO MOURA,BR,-22.932,-043.719,+0003.0,19730101,20250824
837460-99999,GALEAO ANTONIO CARLOS JOBIM,BR,-22.809,-043.244,+0008.5,19310101,20250824
837480-99999,CAMPO DELIO JARDIM DE MATTOS,BR,-22.875,-043.385,+0033.5,19510101,20250824
837490-99999,MACAE AERO,BR,-22.333,-041.750,+0002.0,19360112,20240628
837550-99999,SANTOS DUMONT,BR,-22.910,-043.163,+0003.4,19380913,20250824
837590-99999,SAO PEDRO DA ALDEIA / TENENTE JORGE HENRIQUE MOLLER,BR,-22.813,-042.093,+0018.6,19730101,20250824
837660-99999,LONDRINA,BR,-23.383,-051.183,+0566.0,19730101,20250822
837670-99999,REGIONAL DE MARINGA SILVIO NAME JUNIOR,BR,-23.476,-052.016,+0545.0,19891117,20250824
837680-99999,LONDRINA / GOVERNADOR JOSE RICHA,BR,-23.334,-051.130,+0569.1,19730101,20250824
837780-99999,CABO FRIO,BR,-22.922,-042.074,+0004.3,19730101,20250824
837790-99999,CAMPO DE MARTE,BR,-23.509,-046.638,+0721.8,19730101,20250824
837800-99999,CONGONHAS DEPUTADO FREITAS NOBRE,BR,-23.627,-046.655,+0801.9,19310101,20250824
837810-99999,SAO PAULO,BR,-23.500,-046.617,+0792.0,19730101,20240702
837840-99999,TAUBATE,BR,-23.017,-045.567,+0577.0,19360824,20250824
838093-99999,PROFESSOR URBANO ERNESTO STUMPF,BR,-23.229,-045.862,+0646.2,19900207,20250824
838180-99999,BASE AEREA DE SANTOS,BR,-23.925,-046.288,+0003.0,19730101,20250824
838250-99999,ILHA DO MEL,BR,-25.483,-048.317,+0004.0,20101228,20240702
838270-99999,CATARATAS INTL,BR,-25.596,-054.487,+0239.9,19530301,20250824
838290-99999,SAO JOSE DOS CAMPOS AERO,BR,-23.217,-045.867,+0646.0,19770501,20240702
838360-99999,IRATI,BR,-25.467,-050.633,+0837.0,19771216,20250822
838400-99999,AFONSO PENA,BR,-25.528,-049.176,+0910.7,19610101,20250824
838420-99999,BACACHERI,BR,-25.405,-049.232,+0931.8,19310101,20250824
838440-99999,PARANAGUA,BR,-25.517,-048.517,+0005.0,19310101,20250818
838510-99999,SOROCABA,BR,-23.483,-047.433,+0645.0,19891118,20240517
838810-99999,IRAI,BR,-27.183,-053.233,+0247.0,19730101,20240709
838830-99999,CHAPECO,BR,-27.117,-052.617,+0679.0,19891117,20250824
838990-99999,HERCILIO LUZ,BR,-27.670,-048.547,+0006.1,19730101,20250824
839050-99999,JOINVILLE,BR,-26.217,-048.783,+0004.0,20201204,20240701
839070-99999,SAO LUIZ GONZAGA,BR,-28.400,-055.017,+0245.0,19310101,20250813
839120-99999,CRUZ ALTA,BR,-28.633,-053.600,+0464.0,19891117,20240514
839140-99999,LAURO KURTZ,BR,-28.244,-052.327,+0724.2,19360824,20250824
839160-99999,LAGOA VERMELHA,BR,-28.417,-051.583,+0806.0,19880917,20240606
839190-99999,BOM JESUS,BR,-28.667,-050.433,+1048.0,19820701,20250702
839250-99999,SANTA MARTA,BR,-28.600,-048.817,+0045.0,19400309,20250824
839260-99999,NAVEGANTES AERO,BR,-26.867,-048.633,+0005.0,19360904,20240702
839280-99999,RUBEM BERTA,BR,-29.782,-057.038,+0078.0,19310102,20250812
839360-99999,SANTA MARIA,BR,-29.700,-053.700,+0095.0,19740730,20250813
839370-99999,SANTA MARIA,BR,-29.711,-053.688,+0087.5,19360829,20250824
839420-99999,CAXIAS DO SUL,BR,-29.167,-051.200,+0759.0,19891117,20250824
839520-99999,CANOAS,BR,-29.933,-051.133,+0008.0,19840601,20240925
839670-99999,CANOAS / CAMPO NOSSA SENHORA DE FATIMA,BR,-29.946,-051.144,+0007.9,19310101,20250824
839700-99999,MOSTARDAS,BR,-31.250,-050.900,+0005.0,19790112,20250824
839710-99999,SALGADO FILHO,BR,-29.994,-051.171,+0003.4,19730101,20250824
839800-99999,BAGE,BR,-31.333,-054.100,+0242.0,19360824,20250813
839810-99999,COMANDANTE GUSTAVO KRAEMER,BR,-31.391,-054.112,+0182.9,19610101,20250824
839850-99999,PELOTAS / JOAO SIMOES LOPES NETO,BR,-31.718,-052.328,+0018.0,19730101,20250824
839970-99999,ST.VITORIA DO PALMAR,BR,-33.517,-053.350,+0024.0,19310101,20250702
839980-99999,CHUI,BR,-33.750,-053.367,+0013.0,19790112,20240702
840010-99999,SEYMOUR,EC,-00.454,-090.266,+0063.1,19420801,20250824
840060-99999,RIO AMAZONAS,EC,-01.500,-078.067,+1043.0,20050917,20250824
840070-99999,SAN CRISTOBAL,EC,-00.433,-090.267,+0016.0,19741127,20250709
840080-99999,SAN CRISTOBAL,EC,-00.917,-089.617,+0018.9,19730616,20250824
840100-99999,SAN CRISTOBAL AEROPUERTO,EC,-00.900,-089.617,+0018.0,20100901,20250824
840250-99999,LAGO AGRIO,EC,-00.083,-076.867,+0299.0,20050226,20250824
840260-99999,GENERAL RIVADENEIRA,EC,-00.983,-079.633,+0010.0,20040902,20250824
840270-99999,TENIENTE CORONEL LUIS A MANTILLA,EC,+00.810,-077.708,+2941.0,19380902,20250822
840360-99999,SAN GABRIEL,EC,+00.600,-077.817,+2860.0,20030404,20250815
840450-99999,INGUINCHO,EC,+00.250,-078.733,+3185.0,19380603,20250822
840500-99999,LA CONCORDIA,EC,+00.017,-079.367,+0360.0,20030404,20250823
840560-99999,TOMALON,EC,+00.033,-078.233,+2790.0,20020924,20250823
840710-99999,MARISCAL SUCRE INTL,EC,-00.141,-078.488,+2812.7,19770701,20250730
840720-99999,INAQUITO,EC,-00.167,-078.483,+2812.0,20030404,20250821
840725-99999,MARISCAL SUCRE INTERNATIONAL AIRPORT,EC,-00.117,-078.367,+2400.0,20130219,20250824
840750-99999,LIMONCOCHA,EC,-00.400,-076.600,+0221.0,20130222,20250824
840760-99999,LA TOLA,EC,-00.217,-078.367,+2480.0,20031001,20250821
840880-99999,IZOBAMBA,EC,-00.350,-078.550,+3058.0,20010921,20250824
841000-99999,FRANCISCO DE ORELLANA,EC,-00.463,-076.987,+0254.2,20050917,20250824
841050-99999,PUERTO ILA,EC,-00.467,-079.333,+0260.0,20100901,20250823
841170-99999,ELOY ALFARO INTL,EC,-00.950,-080.683,+0014.6,19770701,20250824
841230-99999,ALTERNATIVO COTOPAXI INTL,EC,-00.907,-078.616,+2805.7,19800420,20250824
841320-99999,NUEVO ROCAFUERTE,EC,-00.917,-075.417,+0265.0,20010921,20250823
841350-99999,PORTOVIEJO,EC,-01.033,-080.450,+0060.0,20010921,20250822
841400-99999,PICHILINGUE,EC,-01.100,-079.483,+0120.0,20010921,20240106
841430-99999,RUMIPAMBA,EC,-01.017,-078.583,+2628.0,20050917,20250823
841470-99999,CHACHOAN,EC,-01.212,-078.575,+2591.4,19800401,20250822
841600-99999,QUEROCHACA,EC,-01.350,-078.600,+2940.0,20010921,20250823
841760-99999,CHIMBORAZO,EC,-01.653,-078.656,+2789.2,19800401,20250822
841790-99999,PUYO,EC,-01.500,-077.900,+0960.0,20080503,20250823
842000-99999,GENERAL ULPIANO PAEZ,EC,-02.205,-080.989,+0005.5,19770701,20250824
842030-99999,SIMON BOLIVAR INTL / JOSE JOAQUIN DE OLMEDO INTL,EC,-02.157,-079.884,+0005.8,19770701,20250824
842170-99999,CORONEL EDMUNDO CARVAJAL,EC,-02.299,-078.121,+1052.2,20030527,20250824
842260-99999,CANAR,EC,-02.550,-078.933,+3083.0,19730101,20250823
842290-99999,LAS PALMAS,EC,-02.717,-078.617,+2400.0,20080721,20250123
842390-99999,MARISCAL LAMAR,EC,-02.889,-078.984,+2531.7,19770701,20250824
842530-99999,GUALAQUIZA,EC,-03.423,-078.567,+0804.7,20020216,20250822
842650-99999,CAMILO PONCE ENRIQUEZ ARPT / CIUDAD DE CATAMAYO,EC,-04.000,-079.367,+1236.9,19770701,20250824
842700-99999,LOJA/LA ARGELIA,EC,-04.033,-079.200,+2160.0,20010921,20250823
842790-99999,JOSE MARIA VELASCO IBARRA,EC,-04.378,-079.941,+0459.6,19771001,20250114
843700-99999,CAP FAP PEDRO CANGA RODRIGUEZ,PE,-03.553,-080.381,+0035.1,19740315,20250824
843770-99999,CORONEL FRANCISCO SECADA VIGNETTA INTL,PE,-03.785,-073.309,+0093.3,19730101,20250824
843900-99999,CAPITAN FAP VICTOR MONTES INTL,PE,-04.577,-081.254,+0086.0,19330209,20250824
844010-99999,CAPITAN FAP GUILLERMO CONCHA IBERICO,PE,-05.206,-080.616,+0035.4,19570701,20250824
844100-99999,JAEN,PE,-05.583,-078.767,+0755.0,20110211,20250823
844250-99999,MOISES BENZAQUEN RENGIFO / YURIMAGUAS,PE,-05.894,-076.118,+0178.9,19490114,20250824
844400-99999,JUAN SIMONS VELA / RIOJA,PE,-06.068,-077.160,+0825.1,19940401,20250730
844440-99999,CHACHAPOYAS,PE,-06.202,-077.856,+2539.9,19600101,20250824
844520-99999,CAP FAP JOSE A QUINONES GONZALES INTL,PE,-06.787,-079.828,+0029.6,19330102,20250824
844550-99999,CADETE GUILLERMO DEL CASTILLO PAREDES,PE,-06.509,-076.373,+0274.3,19500104,20250824
844720-99999,GEN FAP ARMANDO REVOREDO IGLESIAS,PE,-07.139,-078.489,+2676.4,19570701,20250824
844740-99999,JUANJUI,PE,-07.169,-076.729,+0349.9,19501028,20250823
845010-99999,CAPITAN FAP CARLOS MARTINEZ DE PINILLOS,PE,-08.081,-079.109,+0032.3,19490102,20250824
845150-99999,CAP FAP DAVID ABENSUR RENGIFO INTL,PE,-08.378,-074.574,+0156.4,19490102,20250824
845310-99999,TENIENTE JAIME A DE MONTREUIL MORALES,PE,-09.150,-078.524,+0021.0,19600702,20250823
845340-99999,TINGO MARIA,PE,-09.133,-075.950,+0665.0,19490222,20250824
845420-99999,COMANDANTE FAP GERMAN ARIAS GRAZIANI,PE,-09.347,-077.598,+2749.9,19730101,20250824
845640-99999,ALFEREZ FAP D F FERNANDINI,PE,-09.879,-076.205,+1850.1,19600307,20250824
845800-99999,MAZAMARI,PE,-11.333,-074.550,+0685.0,20090922,20250628
845930-99999,ATALAYA,PE,-10.729,-073.767,+0228.9,19570701,20250517
846000-99999,MATUCANA,PE,-11.839,-076.378,+2417.0,20190610,20250817
846231-99999,FRANCISCO CARLE,PE,-11.783,-075.473,+3363.2,20010925,20250824
846280-99999,JORGE CHAVEZ INTL,PE,-12.022,-077.114,+0034.4,19601106,20250824
846580-99999,PADRE ALDAMIZ,PE,-12.614,-069.229,+0200.9,19471108,20250824
846730-99999,CORONEL FAP ALFREDO MENDIVIL DUARTE,PE,-13.155,-074.204,+2717.9,19660104,20250824
846860-99999,TENIENTE ALEJANDRO VELASCO ASTETE INTL,PE,-13.536,-071.939,+3310.1,19490303,20250824
846880-99999,ANDAHUAYLAS,PE,-13.706,-073.350,+3444.2,19940401,20250824
846910-99999,PISCO INTL,PE,-13.745,-076.220,+0011.9,19350415,20250824
847200-99999,MARIA REICHE NEUMAN,PE,-14.854,-074.962,+0566.9,20010915,20250824
847350-99999,JULIACA / INCA MANCO CAPAC INTL,PE,-15.467,-070.158,+3825.8,19610308,20250824
847461-99999,SESQUICENTENARIO,PE,-15.826,-070.012,+3812.0,20190610,20250824
847520-99999,RODRIGUEZ BALLON,PE,-16.341,-071.583,+2561.8,19420101,20250824
847730-99999,ILO / GEN JORGE FERNANDEZ MALDONADO SOLARI,PE,-17.695,-071.344,+0021.9,20010915,20250823
847820-99999,CORONEL CARLOS CIRIANI SANTA ROSA INTL,PE,-18.053,-070.276,+0468.8,19570701,20250824
850335-99999,GUAYARAMERIN INTERNATIONAL,BO,-10.889,-065.381,+0140.0,20110327,20250822
850410-99999,HEROES DEL ACRE / CAP AV CIV ANIBAL ARAB FADUL INTL,BO,-11.040,-068.783,+0271.9,19430201,20250824
850430-99999,RIBERALTA / CAP AV SELIN ZEITUN LOPEZ,BO,-11.017,-066.117,+0135.0,19430301,20250824
851040-99999,SAN JOAQUIN,BL,-13.067,-064.667,+0140.0,19421102,20250822
851090-99999,SAN RAMON,BL,-13.300,-064.700,+0140.0,19830401,20250823
851140-99999,MAGDALENA,BL,-13.333,-064.150,+0141.0,19730103,20250822
851230-99999,SANTA ANA DEL YACUMA,BL,-13.762,-065.435,+0143.9,19870102,20250824
851390-99999,SANTA ROSA,BL,-14.067,-066.783,+0224.9,20100112,20250823
851400-99999,REYES,BL,-14.300,-067.367,+0280.0,19730103,20250822
851410-99999,RURRENABAQUE,BO,-14.428,-067.498,+0203.0,19451010,20250824
851510-99999,APOLO,BL,-14.733,-068.417,+1415.0,19421001,20250824
851520-99999,SAN BORJA/CAPT GERM,BL,-14.867,-066.750,+0194.0,19730101,20250823
851530-99999,SAN IGNACIO DE MOXO,BL,-14.967,-065.633,+0241.0,19730103,20250822
851540-99999,TTE AV JORGE HENRICH ARAUZ,BL,-14.819,-064.918,+0155.1,19430101,20250824
851750-99999,ASCENCION GUARAYOS,BL,-15.717,-063.100,+0247.0,19460902,20250822
851950-99999,SAN JAVIER,BL,-16.267,-062.467,+0520.0,19750620,20250822
851960-99999,CONCEPCION,BO,-38.082,-070.644,+1106.0,19420801,20250822
852010-99999,EL ALTO INTL,BL,-16.513,-068.192,+4061.5,19360401,20250824
852070-99999,SAN IGNACIO DE VELASCO AIRPORT,BL,-16.401,-061.045,+0450.0,19430101,20250824
852100-99999,SAN MATIAS,BL,-16.333,-058.383,+0124.0,19860802,20250822
852230-99999,JORGE WILSTERMANN INTL,BO,-17.421,-066.177,+2548.1,19420201,20250824
852420-99999,JUAN MENDOZA,BL,-17.963,-067.076,+3702.1,19380301,20250824
852440-99999,VIRU VIRU INTL,BL,-17.645,-063.135,+0373.4,19840701,20250824
852450-99999,EL TROMPILLO,BL,-17.812,-063.171,+0417.9,19421001,20250824
852470-99999,SAN JOSE,BL,-17.833,-060.750,+0284.0,19420801,20250822
852640-99999,VALLEGRANDE,BL,-18.467,-064.100,+1998.0,19420701,20250822
852680-99999,ROBORE (CIV/MIL),BL,-18.317,-059.750,+0284.0,19430101,20250824
852830-99999,JUANA AZURDUY DE PADILLA,BL,-19.007,-065.289,+2903.8,19440301,20241128
852890-99999,TTE DE AV SALVADOR OGAYA G,BL,-18.975,-057.821,+0133.8,19420601,20250822
852930-99999,CAPITAN NICOLAS ROJAS,BL,-19.543,-065.724,+3935.9,19471101,20250822
853120-99999,MONTEAGUDO,BL,-19.783,-063.917,+0992.0,19901005,20250508
853150-99999,CAMIRI,BL,-20.050,-063.567,+0792.0,19460117,20250824
853450-99999,TCNL RAFAEL PABON,BL,-21.255,-063.406,+0398.1,19800501,20250822
853640-99999,CAPITAN AV ORIEL LEA PLAZA INTL,BO,-21.556,-064.701,+1854.4,19440401,20250824
853650-99999,YACUIBA,BL,-21.961,-063.652,+0645.0,19440601,20250822
853940-99999,BERMEJO,BL,-22.767,-064.317,+0381.0,19860304,20250822
854050-99999,CHINCHORRO,CI,-18.467,-070.317,+0029.0,19491201,20250824
854060-99999,CHACALLUTA,CI,-18.349,-070.339,+0050.9,19350414,20250824
854100-99999,CHORRILLOS,CI,-26.467,-069.433,+3200.0,19350501,20250824
854180-99999,DIEGO ARACENA INTL,CI,-20.535,-070.181,+0047.2,19730101,20250824
854320-99999,CALAMA,CI,-22.500,-068.900,+2320.0,19370324,20250824
854420-99999,CERRO MORENO INTL / ANDRES SABELLA INTL,CL,-23.444,-070.445,+0138.7,19350101,20250824
854670-99999,DESIERTO DE ATACMA,CI,-27.250,-070.770,+0204.0,20050724,20250824
854690-99999,MATAVERI INTL,CI,-27.165,-109.422,+0069.2,19570630,20250824
854700-99999,CHAMONATE,CL,-27.296,-070.414,+0298.0,19350104,20250822
854880-99999,LA FLORIDA,CI,-29.916,-071.200,+0146.6,19350102,20250824
855081-99999,OVALLE ESCUELA AGRICOLA,CL,-30.580,-071.187,+0310.0,20210729,20250824
855430-99999,QUINTERO,CI,-32.790,-071.522,+0003.7,19350101,20250824
855450-99999,CARACOLES,CI,-32.800,-070.083,+3851.0,19491201,20250824
855610-99999,VINA DEL MAR,CI,-33.050,-071.583,+0342.0,19730219,20250421
855740-99999,ARTURO MERINO BENITEZ INTL,CI,-33.393,-070.786,+0474.0,19730101,20250824
855770-99999,QUINTA NORMAL,CI,-33.433,-070.683,+0520.0,19350101,20250824
855850-99999,JUAN FERNANDEZ,CI,-33.633,-078.833,+0029.0,19350101,20250824
855860-99999,SANTO DOMINGO,CI,-33.650,-071.617,+0075.0,19730102,20250824
856200-99999,TALCA,CI,-35.417,-071.650,+0097.0,19350311,20250824
856290-99999,CURICO/GEN FREIRE,CI,-34.967,-071.217,+0242.0,19350101,20250824
856310-99999,ROBLEDAL NORTHWEST,CI,-35.017,-070.500,+2156.0,19400501,20250824
856720-99999,GENERAL BERNARDO O HIGGINS,CI,-36.582,-072.031,+0150.9,19380602,20250824
856820-99999,CARRIEL SUR INTL,CI,-36.773,-073.063,+0007.9,19730101,20250824
857030-99999,MARIA DOLORES,CI,-37.402,-072.425,+0114.0,19350813,20250824
857430-99999,MAQUEHUE,CI,-38.767,-072.637,+0092.7,19350102,20250824
857571-99999,PUCON,CI,-39.293,-071.916,+0260.0,20091221,20250318
857660-99999,PICHOY,CI,-39.650,-073.086,+0018.0,19730101,20250824
857820-99999,OSORNO,CI,-40.600,-073.050,+0058.0,19730101,20250824
857825-99999,MOCOPULLI ARPT,CI,-42.333,-073.717,+0160.0,20130202,20250202
857990-99999,EL TEPUAL INTL,CL,-41.439,-073.094,+0089.6,19350102,20250824
858320-99999,FUTALEUFU,CI,-43.200,-071.817,+0350.0,19730101,20250824
858325-99999,GUARDIAMARINA ZANARTU,CI,-54.933,-067.633,+0026.8,20090420,20240606
858326-99999,QUELLON,CI,-43.117,-073.633,+0004.0,20091031,20250824
858620-99999,PUERTO AYSAN / CABO JUAN ROMAN,CL,-45.400,-072.700,+0010.0,19350101,20250822
858640-99999,TENIENTE VIDAL,CI,-45.594,-072.106,+0310.9,19630101,20250824
858740-99999,BALMACEDA,CI,-45.916,-071.689,+0524.9,19730101,20250824
858860-99999,CHILE CHICO,CI,-46.583,-071.687,+0326.1,19630101,20250824
858920-99999,COCHRANE,CI,-47.244,-072.588,+0196.0,19630101,20250823
859210-99999,TENIENTE JULIO GALLARDO,CI,-51.671,-072.528,+0066.1,19840115,20250824
859211-99999,EL LOA,CI,-22.498,-068.904,+2299.1,20040706,20250824
859212-99999,VINA DEL MAR,CI,-32.950,-071.479,+0140.5,20091031,20250824
859340-99999,CARLOS IBANEZ DEL CAMPO INTL,CI,-53.003,-070.855,+0042.4,19350101,20250824
859680-99999,PUERTO WILLIAMS,CI,-54.933,-067.617,+0026.8,19491201,20250824
859871-99999,GABRIEL DE CASTILLA,AY,-62.983,-060.683,+0012.0,20180202,20250724
860330-99999,BAHIA NEGRA,PA,-20.229,-058.169,+0096.0,19570701,20250816
860335-99999,CARLOS MIGUEL JIMENEZ,PY,-26.881,-058.318,+0075.9,20090511,20250824
860336-99999,DR AUGUSTO ROBERTO FUSTER INTL,PA,-22.642,-055.830,+0570.9,20090511,20250824
860680-99999,DR LUIS MARIA ARGANA INTL,PA,-22.045,-060.622,+0168.6,19490315,20250824
860860-99999,PUERTO CASADO,PA,-22.283,-057.933,+0087.0,19490401,20250824
861280-99999,POZO COLORADO,PA,-23.500,-058.783,+0099.0,20010901,20250824
861340-99999,TENIENTE COL CARMELO PERALTA,PA,-23.442,-057.427,+0077.1,19590215,20250824
861700-99999,GRAL. BRUGUEZ,PA,-24.742,-058.836,+0086.0,20010915,20250824
861850-99999,SAN PEDRO,PA,-24.029,-057.023,+0080.0,20010915,20250824
861920-99999,SAN ESTANISLAO,PA,-24.665,-056.457,+0192.0,19750401,20241130
862100-99999,SALTOS DEL GUAIRA,PA,-24.033,-054.350,+0265.0,19790404,20250824
862180-99999,SILVIO PETTIROSSI INTL,PA,-25.240,-057.519,+0089.0,19490101,20250824
862183-99999,GUARANI INTL,PA,-25.450,-054.833,+0264.0,19960403,20250824
862210-99999,PARAGUARI,PA,-25.633,-057.133,+0116.0,20080721,20250824
862330-99999,VILLARRICA,PA,-25.754,-056.438,+0161.0,19590101,20250104
862340-99999,CORONEL OVIEDO,PA,-25.467,-056.400,+0163.0,20000330,20250824
862510-99999,QUYQUYHAT,PA,-26.217,-056.983,+0101.2,20120101,20250824
862550-99999,PILAR,PA,-26.850,-058.317,+0056.0,19590211,20250824
862600-99999,SAN JUAN BAUTISTA,PA,-26.667,-057.150,+0126.0,19570701,20250824
862680-99999,CAAZAPA,PA,-26.183,-056.367,+0140.0,20000331,20250824
862850-99999,CAPITAN MEZA,PA,-26.833,-055.333,+0263.0,20000330,20240327
862970-99999,ENCARNACION,PY,-27.227,-055.837,+0199.0,19490401,20250824
863300-99999,ARTIGAS INTL,UY,-30.401,-056.508,+0128.0,19490102,20250824
863500-99999,PRESIDENTE GENERAL DON OSCAR D GESTIDO,UY,-30.975,-055.476,+0223.0,19490101,20250824
863600-99999,NUEVA HESPERIDES INTL,UY,-31.433,-057.983,+0057.0,19490101,20250824
863700-99999,TACUAREMBO,UY,-31.749,-055.926,+0138.0,19790601,20250824
864300-99999,TYDEO LARRE BORGES INTL,UY,-32.365,-058.061,+0055.0,19730101,20250824
864400-99999,CERRO LARGO,UY,-32.338,-054.217,+0114.0,19490101,20250824
864600-99999,PASO DE LOS TOROS,UY,-32.800,-056.517,+0075.0,19501010,20250824
864900-99999,MERCEDES/RICARDO DE,UY,-33.250,-058.067,+0022.0,19490101,20250824
865000-99999,TREINTA Y TRES,UY,-33.217,-054.383,+0046.0,19490101,20250824
865300-99999,SANTA BERNARDINA INTL,UY,-33.359,-056.499,+0093.0,19490101,20250824
865450-99999,FLORIDA,UY,-34.083,-056.233,+0068.0,19950401,20250824
865501-99999,AEROCLUB MARAGATO,UY,-34.352,-056.750,+0072.0,20190610,20250824
865600-99999,LAGUNA DE LOS PATOS INTL,UY,-34.456,-057.771,+0021.0,19490101,20250824
865650-99999,ROCHA,UY,-34.483,-054.300,+0018.0,19490101,20250824
865750-99999,ANGEL S ADAMI,UY,-34.789,-056.265,+0053.0,19750401,20250824
865800-99999,CARRASCO INTL,UY,-34.838,-056.031,+0032.0,19490101,20250824
865823-99999,CAPITAN CORBETA C A CURBELO INTL,UY,-34.855,-055.094,+0029.0,19901018,20250824
865850-99999,PRADO,UY,-34.850,-056.200,+0016.0,19310102,20250824
865950-99999,PUNTA DEL ESTE,UY,-34.967,-054.950,+0024.1,19490101,20250824
866070-99999,PALMAS,BR,-10.183,-048.300,+0281.5,20160704,20250824
866090-99999,BURITIRAMA,BR,-10.717,-043.650,+0503.5,20160704,20240701
866100-99999,DELFINO,BR,-10.450,-041.200,+0638.5,20160704,20250824
866110-99999,SENHOR DO BONFIM,BR,-10.450,-040.150,+0549.5,20160721,20250824
866120-99999,QUEIMADAS,BR,-10.983,-039.617,+0316.5,20160704,20240201
866130-99999,EUCLIDES DA CUNHA,BR,-10.533,-039.000,+0433.5,20160709,20250824
866140-99999,POCO VERDE,BR,-10.733,-038.100,+0363.5,20160704,20240105
866160-99999,ARACAJU,BR,-10.950,-037.050,+0006.2,20160704,20250824
866180-99999,BREJO GRANDE,BR,-10.467,-036.483,+0011.5,20160706,20250824
866190-99999,CORURIPE,BR,-10.133,-036.283,+0075.5,20160704,20250824
866200-99999,EPITACIOLANDIA,BR,-11.017,-068.733,+0218.5,20160704,20250824
866220-99999,CACOAL,BR,-11.450,-061.433,+0211.5,20160704,20250824
866240-99999,JUINA,BR,-11.383,-058.783,+0375.5,20160704,20250509
866250-99999,JUARA,BR,-11.283,-057.533,+0261.5,20160704,20240105
866260-99999,SINOP,BR,-11.983,-055.567,+0372.5,20160704,20250824
866290-99999,FORMOSO DO ARAGUAIA,BR,-11.883,-049.600,+0221.5,20160704,20250824
866300-99999,GURUPI,BR,-11.750,-049.050,+0288.5,20160704,20250824
866320-99999,DIANOPOLIS,BR,-11.600,-046.850,+0733.5,20160704,20241202
866330-99999,SANTA RITA DE CASSIA,BR,-11.017,-044.533,+0451.5,20160704,20240701
866340-99999,BARRA,BR,-11.083,-043.133,+0404.5,20160704,20250824
866350-99999,IRECE,BR,-11.333,-041.867,+0756.5,20160704,20250824
866360-99999,JACOBINA,BR,-11.200,-040.467,+0454.5,20160704,20240603
866370-99999,SERRINHA,BR,-11.667,-039.017,+0340.5,20160704,20240801
866380-99999,ITABAIANINHA,BR,-11.267,-037.800,+0209.5,20160704,20250824
866390-99999,CONDE,BR,-11.817,-037.617,+0015.5,20160704,20250725
866420-99999,VILHENA,BR,-12.733,-060.150,+0591.5,20160704,20250824
866430-99999,NOVO MUNDO,BR,-12.517,-058.233,+0432.5,20160704,20250610
866450-99999,SORRISO,BR,-12.550,-055.717,+0381.5,20160704,20250824
866470-99999,QUERENCIA,BR,-12.633,-052.217,+0383.5,20160704,20250321
866490-99999,PEIXE,BR,-12.017,-048.550,+0243.5,20160704,20250530
866500-99999,PARANA,BR,-12.617,-047.983,+0276.5,20160704,20250824
866520-99999,BARREIRAS,BR,-12.150,-045.000,+0471.9,20160704,20250824
866530-99999,IBOTIRAMA,BR,-12.200,-043.217,+0431.5,20160704,20250824
866540-99999,LENCOIS,BR,-12.567,-041.383,+0440.5,20160704,20250103
866550-99999,MACAJUBA,BR,-12.117,-040.350,+0381.5,20160704,20240301
866560-99999,ITABERABA,BR,-12.517,-040.283,+0251.4,20160704,20250824
866570-99999,CRUZ DAS ALMAS,BR,-12.667,-039.150,+0227.4,20160704,20250824
866580-99999,FEIRA DE SANTANA,BR,-12.200,-038.967,+0232.5,20160704,20241202
866610-99999,COMODORO,BR,-13.717,-059.767,+0592.5,20160704,20241001
866620-99999,CAMPO NOVO DOS PARECIS,BR,-13.783,-057.833,+0571.5,20160704,20240701
866630-99999,NOVA MARINGA,BR,-13.033,-057.100,+0354.5,20160704,20250824
866640-99999,SAO JOSE DO RIO CLARO,BR,-13.450,-056.667,+0351.5,20110213,20250824
866660-99999,GAUCHA DO NORTE,BR,-13.183,-053.250,+0380.5,20160704,20240801
866710-99999,CORRENTINA,BR,-13.333,-044.617,+0550.5,20160911,20250824
866720-99999,BOM JESUS DA LAPA,BR,-13.267,-043.417,+0441.5,20160704,20240502
866740-99999,ITIRUCU,BR,-13.533,-040.117,+0757.1,20160704,20250824
866750-99999,AMARGOSA,BR,-13.017,-039.617,+0408.5,20160704,20250824
866770-99999,MARAU,BR,-13.907,-038.972,+0011.5,20160704,20240801
866780-99999,SALVADOR,BR,-13.000,-038.500,+0052.9,20160704,20250824
866820-99999,TANGARA DA SERRA,BR,-14.650,-057.433,+0323.0,20160704,20250824
866840-99999,PARANATINGA,BR,-14.417,-054.033,+0475.5,20160704,20250824
866850-99999,SANTO ANTONIO DO LESTE,BR,-14.933,-053.883,+0649.5,20160704,20250807
866860-99999,AGUA BOA,BR,-14.017,-052.217,+0433.5,20160704,20250824
866890-99999,ITAPACI,BR,-14.983,-049.533,+0523.5,20160704,20250824
866910-99999,ALTO PARAISO DE GOIAS,BR,-14.133,-047.517,+1261.5,20160704,20250824
866920-99999,POSSE,BR,-14.083,-046.367,+0835.5,20160704,20250824
866930-99999,MONTALVANIA,BR,-14.400,-044.400,+0513.5,20160704,20250824
866940-99999,GUANAMBI,BR,-14.200,-042.750,+0552.5,20160704,20250824
866950-99999,ESPINOSA,BR,-14.917,-042.800,+0571.5,20160704,20250824
866960-99999,BRUMADO,BR,-14.183,-041.667,+0471.5,20160704,20250824
866970-99999,VITORIA DA CONQUISTA,BR,-14.883,-040.800,+0874.0,20160704,20250824
866980-99999,IPIAU,BR,-14.167,-039.700,+0126.5,20160704,20250623
866990-99999,ILHEUS,BR,-14.650,-039.167,+0079.5,20160704,20250824
867010-99999,VILA BELA DA S TRINDADE,BR,-15.067,-059.867,+0223.5,20160704,20250504
867020-99999,PONTES E LACERDA,BR,-15.250,-059.350,+0257.5,20160704,20241001
867030-99999,SALTO DO CEU,BR,-15.125,-058.128,+0304.5,20160704,20250824
867040-99999,PORTO ESTRELA,BR,-15.325,-057.226,+0146.5,20160704,20240801
867050-99999,CUIABA,BR,-15.617,-056.100,+0152.8,20160704,20250824
867070-99999,CAMPO VERDE,BR,-15.533,-055.133,+0750.5,20160829,20250824
867090-99999,ARAGARCAS,BR,-15.900,-052.250,+0348.5,20160704,20250824
867120-99999,GOIAS,BR,-15.933,-050.133,+0513.5,20160704,20250824
867130-99999,GOIANESIA,BR,-15.217,-048.983,+0668.5,20160704,20250824
867150-99999,BRASILIA,BR,-15.783,-047.933,+1161.0,20160704,20250824
867160-99999,AGUAS EMENDADAS,BR,-15.600,-047.633,+1201.5,20160704,20250824
867180-99999,BURITIS,BR,-15.517,-046.433,+0895.5,20160704,20250824
867190-99999,CHAPADA GAUCHA,BR,-15.300,-045.617,+0881.5,20160704,20241001
867200-99999,MOCAMBINHO,BR,-15.083,-044.017,+0461.5,20160704,20250824
867210-99999,RIO PARDO DE MINAS,BR,-15.717,-042.433,+0854.5,20160704,20250824
867220-99999,AGUAS VERMELHAS,BR,-15.750,-041.450,+0751.5,20160704,20250824
867230-99999,ITAPETINGA,BR,-15.250,-040.233,+0270.5,20160704,20241202
867280-99999,RONDONOPOLIS,BR,-16.450,-054.567,+0285.5,20160704,20250824
867290-99999,GUIRATINGA,BR,-16.350,-053.767,+0527.5,20160704,20250824
867300-99999,CAIPONIA,BR,-16.967,-051.817,+0738.5,20160704,20250824
867320-99999,PARAUNA,BR,-16.963,-050.425,+0679.5,20160704,20250824
867340-99999,GOIANIA,BR,-16.650,-049.217,+0771.5,20160704,20250824
867350-99999,SILVANIA,BR,-16.683,-048.617,+0950.5,20160704,20250824
867360-99999,LUZIANIA,BR,-16.267,-047.967,+0959.5,20160704,20250824
867370-99999,CRISTALINA,BR,-16.783,-047.617,+1203.5,20160704,20250824
867380-99999,UNAI,BR,-16.550,-046.883,+0632.5,20160704,20250824
867390-99999,SAO ROMAO,BR,-16.367,-045.117,+0461.5,20160704,20250425
867400-99999,MONTES CLAROS,BR,-16.717,-043.867,+0647.8,20160704,20250824
867410-99999,SALINAS,BR,-16.167,-042.317,+0496.5,20160704,20250824
867420-99999,ITAOBIM,BR,-16.583,-041.483,+0267.5,20160704,20250530
867430-99999,ALMENARA,BR,-16.167,-040.683,+0209.5,20160704,20250824
867440-99999,BELMONTE,BR,-16.083,-039.217,+0089.5,20160704,20250824
867450-99999,PORTO SEGURO,BR,-16.383,-039.183,+0086.5,20160704,20240105
867480-99999,ITIQUIRA,BR,-17.183,-054.500,+0586.5,20160704,20250808
867500-99999,ALTO TAQUARI,BR,-17.817,-053.283,+0876.5,20160704,20250824
867510-99999,MINEIROS,BR,-17.567,-052.600,+0707.5,20160704,20241104
867520-99999,JATAI,BR,-17.917,-051.717,+0583.5,20160728,20250824
867530-99999,RIO VERDE,BR,-17.783,-050.967,+0783.5,20160704,20250824
867550-99999,MORRINHOS,BR,-17.717,-049.100,+0772.9,20160704,20250824
867560-99999,PIRES DO RIO,BR,-17.300,-048.283,+0753.5,20160704,20250824
867570-99999,GUARDA-MOR,BR,-17.567,-047.200,+1001.5,20160704,20250725
867580-99999,JOAO PINHEIRO,BR,-17.783,-046.117,+0871.5,20160704,20250824
867590-99999,PIRAPORA,BR,-17.250,-044.833,+0504.5,20160704,20250824
867610-99999,CAPELINHA,BR,-17.700,-042.383,+0933.5,20160912,20250824
867620-99999,TEOFILO OTONI,BR,-17.900,-041.517,+0476.5,20160704,20250530
867630-99999,SERRA DOS AIMORES,BR,-17.800,-040.250,+0209.5,20160704,20250824
867640-99999,CARAVELAS,BR,-17.733,-039.250,+0004.4,20160704,20250824
867670-99999,CORUMBA,BR,-19.000,-057.633,+0127.5,20160704,20250824
867680-99999,NHUMIRIM,BR,-18.983,-056.617,+0105.5,20160704,20250824
867700-99999,COXIM,BR,-18.517,-054.733,+0253.5,20171111,20250824
867720-99999,CHAPADAO DO SUL,BR,-18.800,-052.600,+0819.5,20160826,20250824
867730-99999,SAO SIMAO,BR,-18.967,-050.633,+0490.0,20160704,20250824
867740-99999,ITUMBIARA,BR,-18.417,-049.200,+0489.5,20160704,20250824
867750-99999,ITUIUTABA,BR,-18.950,-049.533,+0561.5,20160704,20250824
867760-99999,UBERLANDIA,BR,-18.917,-048.250,+0870.5,20160704,20250824
867770-99999,CATALAO,BR,-18.150,-047.933,+0891.5,20160707,20250824
867780-99999,PATROCINIO,BR,-19.000,-046.983,+0964.5,20160704,20250824
867790-99999,TRES MARIAS,BR,-18.200,-045.467,+0922.5,20160911,20250824
867800-99999,CURVELO,BR,-18.750,-044.450,+0671.5,20160704,20250824
867810-99999,DIAMANTINA,BR,-18.233,-043.650,+1357.5,20160704,20250824
867820-99999,GUANHAES,BR,-18.783,-042.950,+0861.5,20160704,20250711
867830-99999,GOVERNADOR VALADARES,BR,-18.783,-041.983,+0264.5,20160704,20250824
867840-99999,MANTENA,BR,-18.783,-040.983,+0271.5,20160704,20250824
867860-99999,SAO MATEUS,BR,-18.717,-039.850,+0040.5,20160704,20250824
867890-99999,SAO GABRIEL DO OESTE,BR,-19.417,-054.550,+0648.5,20160704,20250824
867910-99999,CASSILANDIA,BR,-19.117,-051.717,+0517.5,20160704,20250824
867920-99999,PARANAIBA,BR,-19.700,-051.183,+0425.5,20160704,20250824
867930-99999,CAPINA VERDE,BR,-19.533,-049.533,+0548.5,20160704,20250824
867940-99999,CONCEICAO DAS ALAGOAS,BR,-19.986,-048.153,+0569.5,20160704,20250824
867950-99999,SACRAMENTO,BR,-19.883,-047.433,+0913.5,20160704,20250824
867960-99999,ARAXA,BR,-19.600,-046.933,+1021.5,20160704,20250530
867980-99999,FLORESTAL,BR,-19.883,-044.417,+0743.5,20160704,20250824
868010-99999,TIMOTEO,BR,-19.583,-042.633,+0334.5,20160704,20250824
868020-99999,CARATINGA,BR,-19.733,-042.133,+0616.5,20160704,20250824
868030-99999,AIMORES,BR,-19.500,-041.067,+0194.5,20160704,20250530
868040-99999,SANTA TEREZA,BR,-19.983,-040.583,+0989.5,20160704,20250824
868050-99999,LINHARES,BR,-19.350,-040.067,+0041.5,20160704,20250824
868070-99999,MIRANDA,BR,-20.400,-056.433,+0141.5,20160704,20250824
868080-99999,AQUIDAUANA,BR,-20.483,-055.783,+0156.5,20160704,20250824
868090-99999,SIDROLANDIA,BR,-20.983,-054.967,+0465.5,20160704,20250824
868100-99999,CAMPO GRANDE,BR,-20.450,-054.617,+0531.5,20160704,20250824
868120-99999,AGUA CLARA,BR,-20.417,-052.883,+0339.5,20160704,20250824
868130-99999,TRES LAGOAS,BR,-20.783,-051.700,+0314.5,20160704,20250824
868140-99999,JALES,BR,-20.167,-050.600,+0458.5,20160704,20250824
868160-99999,BARRETOS,BR,-20.567,-048.550,+0534.5,20160704,20250824
868170-99999,ITUVERAVA,BR,-20.359,-047.775,+0601.5,20160704,20250824
868180-99999,FRANCA,BR,-20.583,-047.383,+1027.5,20160704,20250530
868190-99999,PASSOS,BR,-20.750,-046.633,+0785.5,20160704,20250824
868200-99999,FORMIGA,BR,-20.450,-045.450,+0879.5,20160704,20250824
868230-99999,OURO BRANCO,BR,-20.550,-043.750,+1062.5,20160704,20250824
868240-99999,VICOSA,BR,-20.767,-042.867,+0713.7,20160704,20250824
868250-99999,MANHUACU,BR,-20.267,-042.183,+0837.5,20160704,20250824
868280-99999,ALEGRE,BR,-20.750,-041.483,+0139.5,20160704,20250725
868290-99999,ALFREDO CHAVES,BR,-20.633,-040.733,+0036.5,20160704,20250824
868300-99999,VITORIA,BR,-20.317,-040.317,+0010.5,20160704,20250824
868330-99999,PORTO MURTINHO,BR,-21.700,-057.550,+0086.5,20160704,20250824
868340-99999,MARACAJU,BR,-21.617,-055.183,+0403.0,20160704,20250824
868360-99999,RIO BRILHANTE,BR,-21.783,-054.533,+0330.5,20160704,20250824
868380-99999,VALPARAISO,BR,-21.317,-050.933,+0375.5,20160704,20250824
868390-99999,JOSE BONIFACIO,BR,-21.083,-049.917,+0406.5,20160704,20250824
868400-99999,LINS,BR,-21.667,-049.733,+0461.0,20160704,20250824
868410-99999,ARIRANHA,BR,-21.133,-048.833,+0526.5,20160704,20250824
868420-99999,PRADOPOLIS,BR,-21.338,-048.114,+0545.5,20160704,20250824
868430-99999,IBITINGA,BR,-21.856,-048.800,+0493.5,20160704,20250824
868440-99999,CASA BRANCA,BR,-21.783,-047.083,+0731.5,20160704,20250824
868450-99999,SAO CARLOS,BR,-21.983,-047.883,+0864.5,20160704,20250824
868460-99999,CALDAS,BR,-21.917,-046.383,+1151.5,20160704,20250404
868480-99999,VARGINHA,BR,-21.567,-045.400,+0926.5,20160704,20250824
868500-99999,BARBACENA,BR,-21.217,-043.767,+1156.5,20160704,20250824
868510-99999,JUIZ DE FORA,BR,-21.767,-043.367,+0951.5,20160704,20250824
868520-99999,MURIAE,BR,-21.100,-042.383,+0271.5,20160704,20250824
868530-99999,PRESIDENTE KENNEDY,BR,-21.100,-041.033,+0081.5,20160704,20250824
868540-99999,CAMBUCI,BR,-21.583,-041.950,+0036.5,20160704,20250824
868570-99999,PONTA PORA,BR,-22.533,-055.533,+0651.5,20160704,20250824
868580-99999,DOURADOS,BR,-22.200,-054.917,+0470.5,20160704,20250824
868590-99999,JUTI,BR,-22.850,-054.600,+0380.5,20160704,20250411
868600-99999,IVINHEMA,BR,-22.300,-053.817,+0374.8,20160704,20250824
868610-99999,DIAMANTE DO NORTE,BR,-22.633,-052.883,+0363.5,20160704,20250824
868620-99999,PARANAPOEMA,BR,-22.650,-052.133,+0312.5,20160704,20250103
868630-99999,PRESIDENTE PRUDENTE,BR,-22.117,-051.400,+0437.1,20160704,20250824
868640-99999,RANCHARIA,BR,-22.367,-050.967,+0351.5,20160704,20250824
868650-99999,BAURU,BR,-22.317,-049.067,+0551.5,20160704,20250824
868660-99999,OURINHOS,BR,-22.950,-049.900,+0449.5,20160704,20250824
868670-99999,BARRA BONITA,BR,-22.467,-048.550,+0544.5,20160704,20250824
868680-99999,PIRACICABA,BR,-22.700,-047.450,+0572.5,20160905,20250824
868690-99999,ITAPIRA,BR,-22.417,-046.800,+0634.5,20160704,20250824
868700-99999,MONTE VERDE,BR,-22.867,-046.050,+0661.5,20160704,20250824
868710-99999,MARIA DA FE,BR,-22.317,-045.367,+1277.5,20160704,20250801
868720-99999,CAMPOS DO JORDAO,BR,-22.750,-045.600,+1581.5,20160704,20250824
868730-99999,PASSA QUATRO,BR,-22.400,-044.967,+1041.5,20160704,20250824
868740-99999,RESENDE,BR,-22.451,-044.445,+0453.5,20160704,20250824
868905-99999,ALBACORA P25 OIL PLATFORM,BR,-22.100,-039.917,+0010.1,20130109,20250824
868910-99999,MACAE,BR,-22.343,-041.766,+0002.4,20050502,20250824
868920-99999,ARRAIAL DO CABO,BR,-22.976,-042.021,+0005.5,20160704,20250824
868940-99999,AMAMBAI,BR,-23.000,-055.333,+0432.5,20160704,20250824
868950-99999,SETE QUEDAS,BR,-23.967,-055.024,+0403.5,20160704,20250824
868960-99999,ITAQUIRAI,BR,-23.450,-054.183,+0337.5,20160704,20250824
868980-99999,CIDADE GAUCHA,BR,-23.359,-052.932,+0382.5,20160704,20250824
868990-99999,MARINGA,BR,-23.405,-051.933,+0543.5,20160704,20250221
869010-99999,NOVA FATIMA,BR,-23.417,-050.583,+0669.5,20160704,20250103
869020-99999,IBAITI,BR,-23.767,-050.183,+0931.5,20160704,20250824
869030-99999,JOAQUIM TAVORA,BR,-23.505,-049.946,+0523.5,20160704,20250824
869040-99999,AVARE,BR,-23.100,-048.950,+0726.5,20160704,20250824
869050-99999,ITAPEVA,BR,-23.983,-048.883,+0708.5,20160704,20250824
869070-99999,SOROCABA,BR,-23.433,-047.583,+0610.5,20160704,20240408
869110-99999,TAUBATE,BR,-23.042,-045.520,+0572.5,20160704,20250824
869190-99999,NOVA TEBAS,BR,-24.433,-051.967,+0655.5,20160704,20250824
869210-99999,CASTRO,BR,-24.783,-049.983,+1008.9,20160704,20240902
869220-99999,BARRA DO TURVO,BR,-24.967,-048.417,+0668.5,20160704,20250824
869230-99999,IGUAPE,BR,-24.667,-047.550,+0004.5,20160704,20250824
869250-99999,FOZ DO IGUACU,BR,-25.600,-054.483,+0232.5,20160704,20250411
869260-99999,PLANALTO,BR,-25.717,-053.750,+0347.5,20160704,20250824
869270-99999,DOIS VIZINHOS,BR,-25.700,-053.100,+0521.5,20160704,20250824
869290-99999,INACIO MARTINS,BR,-25.567,-051.083,+1261.5,20160704,20250328
869300-99999,IVAI,BR,-25.017,-050.850,+0809.5,20160704,20250824
869330-99999,CURITIBA,BR,-25.449,-049.230,+0925.0,20160704,20250824
869340-99999,MORRETES,BR,-25.517,-048.817,+0060.5,20160704,20250824
869360-99999,DIONISIO CERQUEIRA,BR,-26.283,-053.633,+0811.5,20160704,20250824
869380-99999,NOVO HORIZONTE,BR,-26.400,-052.850,+0961.5,20160704,20250824
869390-99999,CLEVELANDIA,BR,-26.417,-052.350,+0981.5,20160704,20250824
869400-99999,XANXERE,BR,-26.933,-052.400,+0890.5,20160704,20250824
869420-99999,MAJOR VIEIRA,BR,-26.400,-050.367,+0809.5,20160704,20250824
869430-99999,CACADOR,BR,-26.817,-050.833,+0953.5,20160704,20241001
869440-99999,RIO DO CAMPO,BR,-26.933,-050.150,+0593.5,20160704,20250824
869450-99999,RIO NEGRINHO,BR,-26.250,-049.583,+0870.5,20160704,20250824
869460-99999,INDAIAL,BR,-26.917,-049.267,+0088.2,20160704,20250725
869470-99999,ITAPOA,BR,-26.083,-048.650,+0003.5,20160704,20250824
869480-99999,ITAJAI,BR,-26.951,-048.762,+0019.5,20160704,20250824
869500-99999,SANTA ROSA,BR,-27.883,-054.483,+0277.5,20160706,20250221
869510-99999,FREDERICO WESTPHALEN,BR,-27.396,-053.429,+0491.5,20160704,20250824
869520-99999,SANTO AUGUSTO,BR,-27.850,-053.783,+0551.5,20160704,20250824
869530-99999,PALMEIRA DAS MISSOES,BR,-27.917,-053.317,+0643.5,20160704,20250824
869540-99999,ERECHIM,BR,-27.667,-052.300,+0766.5,20160708,20250824
869550-99999,JOACABA,BR,-27.169,-051.559,+0777.5,20160704,20250221
869560-99999,CURITIBANOS,BR,-27.283,-050.600,+0983.5,20160704,20250824
869570-99999,ITUPORANGA,BR,-27.418,-049.647,+0485.5,20160704,20250824
869600-99999,SAO BORJA,BR,-28.650,-056.017,+0084.5,20160704,20250824
869610-99999,SAO LUIZ GONZAGA,BR,-28.417,-054.967,+0246.5,20160705,20250824
869620-99999,CRUZ ALTA,BR,-28.600,-053.667,+0433.5,20160704,20250824
869630-99999,PASSO FUNDO,BR,-28.229,-052.404,+0685.5,20160704,20250824
869640-99999,SOLEDADE,BR,-28.854,-052.542,+0668.5,20160704,20250824
869650-99999,LAGOA VERMELHA,BR,-28.222,-051.512,+0843.5,20160704,20250824
869660-99999,VACARIA,BR,-28.514,-050.883,+0987.5,20160704,20250824
869670-99999,SAO JOSE DOS AUSENTES,BR,-28.751,-050.058,+1245.5,20160704,20250824
869680-99999,URUBICI,BR,-28.126,-049.479,+1811.5,20160704,20250103
869690-99999,SAO JOAQUIM,BR,-28.283,-049.933,+1411.5,20160704,20250824
869700-99999,URUSSANGA,BR,-28.533,-049.317,+0049.5,20160704,20250824
869710-99999,ARARANGUA,BR,-28.933,-049.500,+0013.5,20160704,20250824
869720-99999,SANTA MARTA,BR,-28.600,-048.817,+0054.0,20160704,20250626
869730-99999,URUGUAIANA,BR,-29.850,-057.083,+0063.8,20160728,20250704
869750-99999,ALEGRETE,BR,-29.717,-055.533,+0122.5,20160704,20250824
869760-99999,SANTIAGO,BR,-29.183,-054.883,+0395.5,20160704,20250824
869770-99999,SANTA MARIA,BR,-29.700,-053.700,+0096.5,20160704,20250824
869780-99999,RIO PARDO,BR,-29.867,-052.383,+0112.5,20160704,20250808
869790-99999,BENTO GONCALVES,BR,-29.167,-051.535,+0641.5,20160704,20250824
869800-99999,CANELA,BR,-29.369,-050.828,+0831.5,20160704,20250808
869810-99999,TORRES,BR,-29.350,-049.733,+0006.2,20160704,20241001
869820-99999,QUARAI,BR,-30.369,-056.437,+0125.5,20160704,20250824
869830-99999,SANTANA DO LIVRAMENTO,BR,-30.833,-055.600,+0329.5,20160805,20250519
869840-99999,SAO GABRIEL,BR,-30.341,-054.311,+0127.5,20160704,20250824
869850-99999,DOM PEDRITO,BR,-30.983,-054.817,+0171.5,20160727,20250824
869860-99999,CACAPAVA DO SUL,BR,-30.548,-053.468,+0451.5,20160704,20250824
869880-99999,PORTO ALEGRE,BR,-30.050,-051.167,+0048.5,20160704,20240702
869890-99999,CAMAQUA,BR,-30.811,-051.835,+0109.5,20160704,20250824
869900-99999,TRAMANDAI,BR,-30.010,-050.135,+0002.5,20160704,20250808
869920-99999,BAGE,BR,-31.348,-054.013,+0231.5,20160727,20250824
869930-99999,CANGUCU,BR,-31.406,-052.701,+0465.5,20160704,20250824
869940-99999,MOSTARDAS,BR,-31.248,-050.906,+0011.5,20160704,20250808
869950-99999,RIO GRANDE,BR,-32.033,-052.100,+0004.0,20160725,20250824
869960-99999,JAGUARAO,BR,-32.554,-053.376,+0048.5,20160704,20250824
869980-99999,CHUI,BR,-33.742,-053.371,+0027.5,20160704,20240702
870070-99999,LA QUIACA / DR GUILLERMO EUGENIO SNOPEK,AR,-22.151,-065.578,+3479.0,19390201,20250824
870160-99999,ORAN,AR,-23.153,-064.329,+0356.0,19600101,20250824
870220-99999,GENERAL ENRIQUE MOSCONI TARTAGAL,AR,-22.620,-063.794,+0449.0,19730101,20250824
870221-99999,RECONQUISTA,AR,-29.210,-059.680,+0049.1,20040713,20250824
870460-99999,JUJUY,AR,-24.393,-065.098,+0920.2,19730101,20250824
870470-99999,SALTA,AR,-24.856,-065.486,+1246.0,19390201,20250824
870650-99999,RIVADAVIA,AR,-24.167,-062.900,+0205.0,19390201,20250824
870780-99999,ALFEREZ ARMANDO RODRIGUEZ,AR,-24.721,-060.549,+0129.8,19570630,20250824
870970-99999,CATARATAS DEL IGUAZU,AR,-25.737,-054.473,+0279.2,19390102,20250824
871210-99999,TENIENTE BENJAMIN MATIENZO,AR,-26.841,-065.105,+0455.7,19811101,20250824
871271-99999,TERMAS DE RIO HONDO AERO,AR,-27.506,-064.934,+0280.0,20161017,20250824
871290-99999,SANTIAGO DEL ESTERO,AR,-27.766,-064.310,+0199.9,19390201,20250824
871480-99999,PRESIDENCIA ROQUE SAENZ PENA AERO,AR,-26.733,-060.483,+0091.0,20010916,20250824
871550-99999,RESISTENCIA,AR,-27.450,-059.056,+0052.7,19590101,20250824
871620-99999,FORMOSA,AR,-26.213,-058.228,+0059.1,19730101,20250824
871630-99999,BERNARDO DE IRIGOYE,AR,-26.250,-053.817,+0815.0,20020311,20250824
871660-99999,CORRIENTES,AR,-27.446,-058.762,+0061.9,19730101,20250824
871730-99999,ITUZAINGO,AR,-27.583,-056.667,+0072.0,19831201,20250824
871780-99999,POSADAS,AR,-27.386,-055.971,+0131.1,19390101,20250824
871870-99999,OBERA,AR,-27.483,-055.133,+0303.0,19770510,20250824
872110-99999,TINOGASTA,AR,-28.038,-067.580,+1209.4,19730101,20250824
872130-99999,CHILECITO AERO,AR,-29.233,-067.433,+0945.0,19840612,20250823
872170-99999,LA RIOJA,AR,-29.382,-066.796,+0437.7,19390201,20250824
872220-99999,CATAMARCA,AR,-28.596,-065.752,+0463.9,19730701,20250824
872440-99999,VILLA MARIA DEL RIO,AR,-29.900,-063.683,+0341.0,19730101,20250824
872570-99999,CERES,AR,-29.883,-061.950,+0088.0,19390202,20250824
872810-99999,VILLA MERCEDES/AAFB,AR,-29.217,-058.083,+0107.0,19730113,20241025
872890-99999,PASO DE LOS LIBRES,AR,-29.689,-057.152,+0070.1,19390201,20250824
873050-99999,JACHAL,AR,-30.250,-068.750,+1165.0,19730101,20250824
873110-99999,SAN JUAN,AR,-31.571,-068.418,+0597.1,19730101,20250824
873205-99999,CHAMICAL,AR,-30.345,-066.294,+0458.1,19940719,20250824
873220-99999,CHEPES,AR,-31.333,-066.600,+0658.0,19730101,20250824
873280-99999,VILLA DOLORES,AR,-31.945,-065.146,+0583.7,19730101,20250824
873440-99999,AMBROSIO L V TARAVELLA,AR,-31.324,-064.208,+0488.9,19390201,20250824
873450-99999,CORDOBA OBSERVATORIO,AR,-31.421,-064.198,+0426.0,20080915,20250824
873470-99999,ESCUELA DE AVIACION MILITAR,AR,-31.445,-064.283,+0502.0,20010927,20250824
873490-99999,PILAR OBSERVATORIO,AR,-31.667,-063.883,+0338.0,19730101,20250824
873591-99999,RAFAELA AERO,AR,-31.278,-061.510,+0059.0,20221123,20250824
873710-99999,SAUCE VIEJO,AR,-31.712,-060.812,+0017.1,19730101,20250824
873740-99999,GENERAL URQUIZA,AR,-31.795,-060.480,+0074.1,19390201,20250824
873930-99999,MONTE CASEROS,AR,-30.272,-057.640,+0053.0,19650307,20250824
873950-99999,COMODORO PIERRESTEGUI,AR,-31.297,-057.997,+0034.1,19390201,20250824
874050-99999,USPALLATA,AR,-32.600,-069.333,+1844.0,19730101,20250824
874160-99999,SAN MARTIN,AR,-33.063,-068.509,+0666.0,19730101,20250824
874180-99999,EL PLUMERILLO,AR,-32.832,-068.793,+0704.1,19390201,20250824
874200-99999,MENDOZA OBSERVATORIO,AR,-32.895,-068.873,+0827.0,19730101,20250824
874360-99999,SAN LUIS,AR,-33.273,-066.356,+0709.9,19570630,20250824
874440-99999,SANTA ROSA DE CONLARA,AR,-32.383,-065.183,+0615.0,20070621,20250824
874480-99999,VILLA REYNOLDS,AR,-33.730,-065.387,+0484.9,19390201,20250824
874530-99999,RIO CUARTO AREA DE MATERIAL,AR,-33.085,-064.261,+0420.9,19730101,20250824
874670-99999,MARCOS JUAREZ,AR,-32.684,-062.158,+0110.0,19730101,20250824
874680-99999,VENADO TUERTO AERO,AR,-33.667,-061.967,+0112.0,19890501,20250824
874800-99999,ROSARIO,AR,-32.904,-060.785,+0025.9,19390201,20250824
874970-99999,GUALEGUAYCHU,AR,-33.010,-058.613,+0022.9,19650307,20250824
875060-99999,MALARGUE,AR,-35.494,-069.574,+1430.1,19390202,20250824
875090-99999,SAN RAFAEL,AR,-34.588,-068.403,+0752.9,19730101,20250824
875320-99999,GENERAL PICO,AR,-35.696,-063.758,+0139.9,19390201,20250824
875340-99999,LABOULAYE,AR,-34.135,-063.362,+0136.9,19570630,20250824
875440-99999,COMODORO P ZANNI,AR,-35.845,-061.858,+0085.0,19730101,20250824
875480-99999,JUNIN,AR,-34.546,-060.931,+0079.9,19390201,20250824
875500-99999,NUEVE DE JULIO,AR,-35.450,-060.883,+0076.0,19730104,20250824
875530-99999,SAN FERNANDO,AR,-34.453,-058.590,+0003.0,20020201,20250824
875630-99999,LAS FLORES,AR,-36.067,-059.100,+0038.0,19730102,20250824
875690-99999,SAN MIGUEL,AR,-34.550,-058.733,+0026.0,19730101,20250201
875710-99999,EL PALOMAR,AR,-34.610,-058.613,+0018.0,19730101,20250824
875760-99999,MINISTRO PISTARINI,AR,-34.822,-058.536,+0020.4,19570630,20250824
875820-99999,AEROPARQUE JORGE NEWBERY,AR,-34.559,-058.416,+0005.5,19730101,20250824
875850-99999,BUENOS AIRES (OBS),AR,-34.583,-058.483,+0025.0,19310101,20250824
875930-99999,LA PLATA,AR,-34.972,-057.895,+0021.9,19730101,20250824
875960-99999,PUNTA INDIO B.A.,AR,-35.367,-057.283,+0016.0,19570630,20250824
876160-99999,VICTORICA,AR,-36.217,-065.433,+0312.0,19390201,20250824
876230-99999,SANTA ROSA,AR,-36.588,-064.276,+0192.0,19570630,20250824
876370-99999,CORONEL SUAREZ AERO,AR,-37.453,-061.891,+0233.0,19390201,20250824
876400-99999,BOLIVAR AERO,AR,-36.200,-061.067,+0094.0,19890401,20250824
876410-99999,AZUL AERO,AR,-36.833,-059.883,+0146.0,19970101,20250824
876420-99999,AZUL AIRPORT,AR,-36.750,-059.833,+0132.0,19570630,20240107
876430-99999,OLAVARRIA AERO,AR,-36.891,-060.223,+0165.0,19871002,20250824
876450-99999,TANDIL,AR,-37.237,-059.228,+0175.0,19730101,20250824
876480-99999,DOLORES AIRPORT,AR,-36.350,-057.733,+0009.0,19390306,20250824
876490-99999,BENITO JUAREZ,AR,-37.717,-059.783,+0207.0,19810101,20250824
876590-99999,FARO PUNTA MEDANOS,AR,-36.883,-056.667,+0009.0,20241207,20250523
876630-99999,VILLA GESELL,AR,-37.235,-057.029,+0009.8,19761001,20250824
876790-99999,PIGUE AIRPORT,AR,-37.600,-062.383,+0304.0,19730101,20250824
876880-99999,TRES ARROYOS,AR,-38.387,-060.330,+0121.9,19730101,20250824
876920-99999,MAR DEL PLATA,AR,-37.934,-057.573,+0021.6,19390201,20250824
877150-99999,PRESIDENTE PERON,AR,-38.949,-068.156,+0272.8,19390201,20250824
877360-99999,RIO COLORADO,AR,-39.017,-064.083,+0079.0,19730102,20250824
877500-99999,COMANDANTE ESPORA,AR,-38.725,-062.169,+0075.0,19390410,20250824
877610-99999,AVIADOR C CAMPOS,AR,-40.075,-071.137,+0783.0,19810601,20250824
877650-99999,SAN CARLOS DE BARILOCHE,AR,-41.151,-071.158,+0846.1,19390201,20250824
877740-99999,MAQUINCHAO,AR,-41.250,-068.733,+0888.0,19570630,20250824
877840-99999,SAN ANTONIO OESTE AERO,AR,-40.757,-065.031,+0020.0,19390201,20250824
877895-99999,EL TEHUELCHE,AR,-42.759,-065.103,+0129.8,20040913,20250824
877910-99999,GOBERNADOR CASTELLO,AR,-40.869,-063.000,+0006.1,19730101,20250824
878000-99999,EL BOLSON,AR,-41.943,-071.532,+0344.7,19830701,20250824
878030-99999,ESQUEL,AR,-42.908,-071.139,+0798.9,19570630,20250824
878140-99999,PASO DE INDIOS,AR,-43.817,-068.883,+0460.0,19730921,20250824
878280-99999,ALMIRANTE ZAR,AR,-43.211,-065.270,+0043.0,19390202,20250824
878520-99999,PERITO MORENO ARPT,AR,-46.517,-071.017,+0429.0,19390218,20250824
878600-99999,COMODORO RIVADAVIA,AR,-45.785,-067.466,+0057.9,19570630,20250824
878800-99999,GOBERNADOR GREGORES,AR,-48.783,-070.167,+0356.0,19730101,20250824
878960-99999,PUERTO DESEADO,AR,-47.735,-065.904,+0081.1,19390201,20250824
879035-99999,EL CALAFATE,AR,-50.280,-072.053,+0203.9,20020202,20250824
879040-99999,EL CALAFATE AERO,AR,-50.267,-072.050,+0199.0,20030330,20250824
879090-99999,SAN JULIAN,AR,-49.307,-067.803,+0057.9,19730101,20250824
879120-99999,SANTA CRUZ,AR,-50.017,-068.579,+0110.9,19390201,20250823
879250-99999,RIO GALLEGOS,AR,-51.609,-069.313,+0018.6,19590107,20250824
879280-99999,FARO CABO VIRGENES,AR,-52.333,-068.350,+0024.0,19390201,20240307
879340-99999,RIO GRANDE,AR,-53.778,-067.749,+0019.8,19730101,20250824
879380-99999,USHUAIA MALVINAS ARGENTINAS,AR,-54.843,-068.296,+0021.6,19390201,20250824
888700-99999,MOUNT BYRON,FK,-51.417,-060.567,+0480.0,20140513,20250725
888780-99999,PEBBLE ISLAND,UK,-51.317,-059.600,+0016.0,19920301,20250824
888810-99999,MOUNT KENT,FK,-51.667,-058.100,+0458.0,20140513,20250824
888830-99999,WEDDELL ISLAND,FK,-51.900,-060.917,+0017.0,19910712,20250824
888840-99999,FOX BAY,FK,-51.937,-060.062,+0034.0,19530101,20240523
888890-99999,MOUNT PLEASANT,FK,-51.823,-058.447,+0074.4,19850606,20250824
888910-99999,STANLEY,FK,-51.686,-057.778,+0022.9,19840605,20250824
888940-99999,MOUNT ALICE,FK,-52.150,-060.600,+0361.0,20140513,20250824
888970-99999,SEA LION ISLAND,UK,-52.433,-059.083,+0015.0,19910507,20250824
889000-99999,BIRD ISLAND,SX,-54.000,-038.050,+0002.0,20030330,20250824
889030-99999,GRYTVIKEN,SX,-54.283,-036.500,+0003.0,19490101,20250824
889630-99999,BASE ESPERANZA,AY,-63.400,-056.983,+0024.0,19730101,20250824
889680-99999,BASE ORCADAS,AR,-60.733,-044.733,+0008.0,19490501,20250824
890020-99999,NEUMAYER,AQ,-70.667,-008.250,+0050.0,19811101,20250824
890030-99999,HALVFARRYGGEN (EP11),AY,-71.150,-006.683,+0694.0,20080331,20250824
890040-99999,S.A.N.A.E. AWS,AY,-71.700,-002.800,+0817.0,19970101,20250824
890090-90001,AMUNDSEN-SCOTT,AY,-90.000,+000.000,,19570109,20250824
890130-99999,BALDRICK AWS,AY,-82.767,-013.050,+1968.0,20080229,20250824
890140-99999,NORDENSKIOLD BASE,AY,-73.050,-013.383,+0497.0,19940301,20250824
890220-99999,HALLEY,AY,-75.610,-026.272,+0030.0,19560615,20250824
890340-99999,BASE BELGRANO II,AQ,-77.867,-034.617,+0256.0,19560601,20250824
890500-99999,BELLINGSHAUSEN AWS,AQ,-62.183,-058.883,+0014.0,19730101,20250824
890530-99999,BASE CARLINI,AQ,-62.233,-058.633,+0011.0,19800208,20250824
890540-99999,DINAMET-URUGUAY,AQ,-62.183,-058.850,+0017.0,19850301,20250824
890550-99999,BASE MARAMBIO (CENTRO MET. ANTARTICO),AQ,-64.233,-056.717,+0208.0,19730101,20250824
890560-99999,CENTRO MET. ANTARTICO PDTE. EDUARDO FREI,AQ,-62.183,-058.983,+0048.0,19850408,20250824
890570-99999,BASE ARTURO PRAT,AY,-62.500,-059.683,+0005.0,19470802,20250824
890580-99999,GREAT WALL,AQ,-62.217,-058.967,+0010.0,19851101,20250824
890590-99999,BASE BERNARDO O'HIGGINS,AY,-63.317,-056.683,+0010.0,19850701,20250824
890610-89061,PALMER STATION,AY,-64.766,-064.083,+0008.0,19760601,20250824
890620-99999,ROTHERA,AQ,-67.567,-068.117,+0033.0,19770201,20250824
890630-99999,VERNADSKY,AQ,-65.250,-064.267,+0011.0,19850528,20250824
890640-99999,JUAN CARLOS I AWS,AY,-62.667,-060.383,+0012.0,19890103,20250808
890650-99999,FOSSIL BLUFF,AY,-71.317,-068.283,+0069.0,19850906,20250824
890660-99999,BASE SAN MARTIN,AY,-68.117,-067.133,+0007.0,19761001,20250824
890870-99999,THIEL MTNS AWS,AY,-85.200,-087.883,+1634.0,20090113,20250819
891080-99999,HENRY,AY,-89.000,-001.017,+2755.0,19940601,20240816
891320-99999,RUSSKAJA,AY,-74.767,-136.800,+0141.5,19800401,20250824
892510-99999,KING SEJONG,AQ,-62.217,-058.750,+0011.0,19910201,20250824
892570-99999,UNIV. WI ID 8925 (LIMBERT AWS),AY,-75.867,-059.150,+0040.0,19980301,20250824
892620-99999,UNIV. WI ID 8926 (LARSEN ICE SHELF),AY,-67.017,-061.467,+0045.0,19900501,20250504
892660-99999,UNIV. WI ID 8902 (BUTLER ISLAND),AY,-72.200,-060.167,+0115.0,19900501,20250824
892720-99999,UNIV. WI ID 8917 (SKI-BLU),AY,-74.800,-071.483,+1589.0,19970101,20250824
893290-99999,HARRY,AY,-83.000,-121.383,+0945.0,20070605,20241024
893320-99999,ELIZABETH,AY,-82.617,-137.083,+0549.0,19970301,20240707
893760-99999,GILL,AY,-79.983,-178.600,+0055.0,19970101,20240904
893770-99999,LETTAU,AY,-82.517,-174.450,+0055.0,19900501,20241018
895040-99999,TROLL IN ANTARKTIS,AY,-72.017,+002.533,+1277.0,19940801,20250305
895120-99999,NOVOLAZAREVSKAJA,AY,-70.767,+011.833,+0119.0,19730101,20250824
895140-99999,MAITRI,AY,-70.767,+011.750,-0999.9,19900201,20250821
895320-99999,SYOWA,AY,-69.000,+039.583,+0021.0,19730101,20250824
895420-99999,MOLODEZNAJA,AY,-67.667,+045.850,+0050.0,19730101,20250824
895640-99999,MAWSON,AY,-67.600,+062.867,+0016.0,19850701,20250824
895700-99999,DAVIS (WHOOP WHOOP),AY,-68.467,+078.817,+0546.5,20110826,20240314
895710-99999,DAVIS,AY,-68.583,+077.967,+0023.0,19730101,20250824
895730-99999,ZHONGSHAN,AY,-69.367,+076.367,+0018.0,19900308,20250824
895740-99999,PROGRESS,AY,-69.383,+076.383,+0064.0,19880401,20250824
895750-99999,DRUZHNAJA-4,AY,-69.750,+073.700,+0046.0,20100202,20250824
895770-99999,DOME PLATEAU DOME A,AY,-80.370,+077.370,+4084.0,19960201,20250824
895780-99999,DOME PLATEAU EAGLE,AY,-76.420,+077.020,+2830.0,20050303,20240123
895920-99999,MIRNYJ,AY,-66.550,+093.017,+0040.0,19730101,20250824
896000-99999,EDGEWORTH DAVID,AY,-66.250,+100.600,+0006.0,20160503,20250824
896010-99999,OAZIC BANGERA,AY,-66.267,+100.750,+0042.0,20140314,20250824
896060-99999,VOSTOK,AY,-78.450,+106.867,+3488.0,19730101,20250824
896110-99999,CASEY,AQ,-66.283,+110.533,+0042.0,19730101,20250824
896140-99999,CASEY (UPPER PETERSON RUNWAY),AY,-66.700,+111.500,+0727.0,20030211,20240507
896150-99999,WILKINS RUNWAY EAST,AU,-66.683,+111.533,+0755.0,20071016,20250311
896250-99999,CONCORDIA,AQ,-75.100,+123.400,+3233.0,20060207,20250824
896420-99999,DUMONT D'URVILLE,AQ,-66.667,+140.017,+0043.0,19850701,20250824
896480-99999,MID POINT,AY,-75.533,+145.867,+2509.0,20060207,20250804
896590-99999,PRIESTLEY GLACIER,AY,-73.633,+160.650,+1924.0,20060207,20250729
896610-99999,CAPE PHILLIPS,AY,-73.517,+169.750,+0568.0,19950403,20250824
896620-99999,BASE BAIA TERRA NOVA,AY,-74.700,+164.100,+0092.0,19950403,20250824
896640-87601,NSFA MCMURDO SOUND,AY,-77.883,+166.733,+0024.1,20020901,20250824
896660-99999,CAPE ROSS,AY,-76.717,+162.967,+0150.0,19950403,20250824
896670-99999,PEGASUS NORTH,AY,-77.950,+166.500,+0010.0,19900501,20250508
896740-99999,MCMURDO STATION WILLIAMS FIELD,AQ,-77.867,+167.057,+0020.7,19801106,20250218
897340-99999,DOME FUJI,AY,-77.317,+039.700,+3810.0,19970101,20250503
897440-99999,RELAY STAT,AY,-74.017,+043.050,+3353.0,19970101,20250212
897670-99999,G3,AY,-70.900,+069.867,+0084.0,20010811,20250824
897740-99999,DAVIS (LGB 59 AWS),AY,-73.450,+076.783,+2537.0,19960201,20240110
897990-99999,NICO,AQ,-89.000,+089.667,+2935.0,19940601,20241010
898070-99999,SNYDER ROCKS,AY,-66.550,+107.750,+0042.0,19960901,20250602
898090-99999,CASEY SKIWAY SOUTH,AY,-66.283,+110.767,+0375.0,20050101,20250202
898110-99999,LAW DOME SUMMIT,AY,-66.733,+112.833,+1368.0,19930801,20250510
898150-99999,HAUPT NUNATAK,AY,-66.583,+110.700,+0063.0,20040405,20250816
898280-99999,DOME C II,AQ,-75.117,+123.367,+3250.0,19900501,20250824
898660-99999,MARBLE POINT,AY,-77.433,+163.750,+0084.0,19900501,20250824
898680-99999,SCHWERDTFEGER,AQ,-79.900,+169.983,+0060.0,19900501,20250528
898720-99999,FERRELL,AQ,-77.900,+170.817,+0045.0,19900501,20250620
898730-99999,ELAINE,AY,-83.133,+174.167,+0060.0,19940601,20250630
898790-99999,POSSESSION IS,AY,-71.883,+171.200,+0030.0,19940601,20250823
910660-22701,HENDERSON FIELD AIRPORT,MQ,+28.200,-177.383,+0005.5,19450401,20250825
911620-22501,BARKING SANDS PACIFIC MISSILE RANGE FAC ARPT,US,+22.034,-159.783,+0004.7,19420422,20250825
911650-22536,LIHUE AIRPORT,US,+21.980,-159.339,+0031.9,19730101,20250825
911700-22508,WHEELER ARMY AIRFIELD,US,+21.487,-158.028,+0257.9,19390601,20250825
911760-22519,KANEOHE MCAS,US,+21.450,-157.768,+0007.3,19730101,20250825
911780-22551,KALAELOA AIRPORT (JOHN RODGERS FIELD),US,+21.306,-158.066,+0003.1,20060101,20250826
911820-22521,HONOLULU INTERNATIONAL AIRPORT,US,+21.324,-157.939,+0001.9,19390601,20250827
911860-22534,MOLOKAI AIRPORT,US,+21.154,-157.096,+0134.2,20060101,20250827
911900-22516,KAHULUI AIRPORT,US,+20.889,-156.435,+0014.0,19730101,20250827
911905-22524,LANAI AIRPORT,US,+20.790,-156.949,+0396.2,20060101,20250825
911975-21510,KONA INTL AT KEAHOLE ARPT,US,+19.738,-156.048,+0011.3,20060101,20250825
911977-21508,BRADSHAW ARMY AIRFIELD,US,+19.760,-155.554,+1798.3,20060103,20250825
912030-99999,FALALOP ISLAND (CG)  ULITHI ATOLL,FM,+10.033,+139.800,+0005.0,19450630,20250104
912120-41415,GUAM INTERNATIONAL AIRPORT,GQ,+13.483,+144.800,+0077.4,19730101,20250826
912180-41414,ANDERSEN AFB AIRPORT,GQ,+13.583,+144.917,+0186.5,20050101,20250825
912210-41419,ROTA INTERNATIONAL AIRPORT,CQ,+14.172,+145.243,+0179.2,20050101,20250825
912310-41420,TINIAN INTERNATIONAL AIRPORT,CQ,+14.999,+145.621,+0082.6,20050101,20250824
912320-41418,FRANCISCO C. ADA/SAIPAN INTERNATIONAL ARPT,CQ,+15.117,+145.717,+0065.5,20050101,20250826
912333-41420,WEST TINIAN,CQ,+14.999,+145.621,+0082.6,20050824,20250825
912460-41606,WAKE ISLAND AIRFIELD,WQ,+19.283,+166.650,+0007.0,20050101,20250825
912850-21504,HILO INTERNATIONAL AIRPORT,US,+19.719,-155.049,+0008.8,19730101,20250827
912930-99999,SOUTH KONA  HAWAII   HAWAII,US,+19.100,-155.750,+0808.0,19731108,20241226
913170-99999,WOLEAI ATOLL  CAROLINE IS.,FM,+07.383,+143.917,+0004.0,19730101,20250824
913200-99999,ONOUN,FM,+08.583,+149.650,+0000.0,20070611,20240418
913250-99999,PULUSUK   CAROLINE IS.,FM,+06.700,+149.300,+0003.0,19921224,20240906
913290-99999,FANANU ISLAND,FM,+08.550,+151.900,+0001.0,20040715,20240623
913340-40505,CHUUK INTERNATIONAL AIRPORT,FM,+07.467,+151.850,+0001.5,19451231,20250824
913390-99999,LUKUNOR ATOLL  CAROLINE ISLANDS,FM,+05.500,+153.817,+0003.0,19820101,20250824
913430-99999,OROLUK ATOLL AWS  CAROLINE ISLANDS,FM,+07.633,+155.167,+0003.0,19730101,20250123
913480-99999,POHNPEI INTL,FM,+06.985,+158.209,+0003.0,20050101,20250824
913481-99999,POHNPEI WEATHER CENTER,FM,+06.967,+158.217,+0039.0,20040713,20250824
913500-99999,MWOAKILLO CAROLINE IS,FM,+06.667,+159.783,+0002.0,20040715,20240630
913530-99999,PINGELAP ATOLL  CAROLINE IS.,FM,+06.217,+160.700,+0004.0,19730101,20250619
913555-40509,POHNPEI INTERNATIONAL AIRPORT,FM,+06.983,+158.200,+0002.7,20190627,20250825
913560-00493,KOSRAE,FM,+05.354,+162.953,+0002.1,20050101,20250825
913660-40604,BUCHOLZ AAF KWAJALEIN KMR ATOL AP,RM,+08.733,+167.733,+0002.1,19440214,20250824
913670-99999,AILINGLAPALAP ATOLL  MARSHALL IS.,RM,+07.267,+168.833,+0003.0,19730101,20250824
913690-99999,JALUIT ATOLL  MARSHALL IS.,RM,+05.917,+169.650,+0003.0,19730111,20250725
913691-99999,MAJURO ATOLL WEATHER CENTER,RM,+07.083,+171.133,+0004.0,20040713,20250824
913760-00492,MARSHALL ISLANDS INTERNATIONAL AIRPORT,RM,+07.065,+171.272,+0001.8,20050101,20250826
913780-99999,MILI ATOLL  MARSHALL IS.,RM,+06.083,+171.733,+0004.0,19730101,20240217
914080-40310,BABELTHUAP/KOROR AIRPORT,PS,+07.367,+134.544,+0053.6,20050101,20250825
914130-40308,YAP INTERNATIONAL AIRPORT,FM,+09.483,+138.083,+0013.4,19480902,20250824
914250-99999,NUKUORO ATOLL  CAROLINE IS.,FM,+03.850,+155.017,+0004.0,19730102,20250824
914340-99999,KAPINGAMARANGI ATOLL  CAROLINE IS.,FM,+01.083,+154.767,+0003.0,19580401,20250824
914900-99999,CHRISTMAS ISLAND,KR,+01.986,-157.350,+0001.5,19411103,20250824
915020-99999,TARO ISLAND,BP,-06.700,+156.383,+0003.0,19751201,20250824
915030-99999,MUNDA,BP,-08.328,+157.263,+0003.0,19431130,20250824
915070-99999,AUKI,BP,-08.783,+160.733,+0011.0,19730101,20250824
915170-99999,HONIARA,BP,-09.417,+159.967,+0056.0,19491115,20250824
915200-99999,HONIARA INTL,BP,-09.428,+160.055,+0008.5,19430316,20250824
915410-99999,SANTA CRUZ ISLAND,BP,-10.700,+165.800,+0024.0,19730101,20250824
915510-99999,SOLA/VANUA LAVA ISL,NH,-13.850,+167.550,+0018.0,19481201,20250824
915515-99999,LONGANA AIRPORT,NH,-15.300,+167.967,+0051.0,20100901,20250824
915540-99999,SANTO PEKOA INTL,NH,-15.501,+167.223,+0056.1,19730101,20250824
915550-99999,LAMAP/MALEKOULA ISL,NH,-16.417,+167.800,+0026.0,19730101,20250810
915570-99999,PORT VILA BAUERFIELD,NH,-17.699,+168.320,+0021.3,19850701,20250824
915650-99999,TANNA,NH,-19.455,+169.224,+0005.8,19730101,20250824
915680-99999,ANEITYUM,NH,-20.233,+169.767,+0007.0,19480801,20250824
915700-99999,ILE SURPRISE,NC,-18.483,+163.083,+0005.0,19730101,20250714
915730-99999,ILE ART (BELEP),NC,-19.717,+163.650,+0084.0,20010915,20250807
915770-99999,KOUMAC,NC,-20.546,+164.256,+0012.8,19430331,20250730
915790-99999,OUVEA OULOUP,NC,-20.641,+166.573,+0007.0,19730101,20250820
915820-99999,LIFOU OUANAHAM,NC,-20.775,+167.240,+0028.0,19730101,20241127
915870-99999,MARE LA ROCHE,NC,-21.482,+168.038,+0043.0,19730101,20250810
915900-99999,NOUMEA LA TONTOUTA,NC,-22.015,+166.213,+0015.8,19421231,20250824
915920-99999,NOUMEA,NC,-22.267,+166.450,+0072.0,19450831,20241209
915925-99999,TOUHO,NC,-20.790,+165.259,+0003.0,20061010,20250226
915960-99999,ILE DES PINS MOUE,NC,-22.589,+167.456,+0096.0,19730101,20250327
916010-99999,BUTARITARI ATOLL,KR,+03.033,+172.783,+0001.0,19431207,20250824
916020-99999,TARAWA / BETIO,KR,-00.883,+169.533,+0003.0,20040817,20250823
916100-99999,BONRIKI INTL,KR,+01.382,+173.147,+0002.7,19440227,20250824
916120-99999,BONRIKI AIRPORT,KR,+01.383,+173.150,+0002.0,20010915,20250824
916230-99999,BERU ISLAND,KR,-01.350,+176.000,+0003.0,19730101,20250824
916310-99999,NANUMEA ISLAND,TV,-05.667,+176.133,+0003.0,19431112,20250824
916360-99999,NUI,TV,-07.233,+177.150,+0002.0,19730102,20250824
916430-80705,FUNAFUTI INTL ARPT,TV,-08.517,+179.217,+0002.1,19430720,20250824
916480-99999,NIULAKITA,TV,-10.750,+179.500,+0003.0,19730101,20250824
916500-99999,ROTUMA ISLAND,FJ,-12.500,+177.050,+0026.0,19730101,20250824
916520-99999,UDU POINT AWS,FJ,-16.133,-179.983,+0063.0,19730101,20250811
916570-99999,LABASA,FJ,-16.467,+179.340,+0015.2,20020909,20250824
916590-99999,NABOUWALU,FJ,-17.000,+178.700,+0036.0,19730101,20250503
916600-99999,YASAWA,FJ,-16.760,+177.546,+0030.0,19430731,20250811
916630-99999,SAVUSAVU / AIRPORT,FJ,-16.817,+179.350,+0004.0,20030514,20250824
916650-99999,MATEI,FJ,-16.683,-179.867,+0021.0,20020909,20250824
916700-99999,VIWA AWS,FJ,-17.150,+176.900,+0005.0,19801001,20250811
916760-99999,VANUA BALAVU AWS,FJ,-17.233,-178.950,+0052.0,19851209,20250811
916800-99999,NADI INTL,FJ,-17.755,+177.443,+0018.0,19420413,20250824
916820-99999,SIGATOKA AWS,FJ,-18.150,+177.417,+0008.0,20010808,20250811
916830-99999,NAUSORI INTL,FJ,-18.043,+178.559,+0005.2,19730101,20250824
916900-99999,LAUTHALA,FJ,-18.150,+178.450,+0006.0,19800403,20241230
916910-99999,LAKEMBA ISLAND,FJ,-18.233,-178.800,+0003.0,19730101,20250824
916930-99999,VUNISEA,FJ,-19.050,+178.167,+0033.0,19730101,20250824
916970-99999,MATUKU AWS,FJ,-19.133,+179.750,+0005.0,19730101,20250804
916990-99999,ONO-I-LAU AWS,FJ,-20.667,-178.717,+0028.0,19730101,20250820
917010-99999,KANTON ISLAND,KR,-02.767,-171.717,+0002.0,19840101,20250824
917230-99999,NUKUNONU AWS,TL,-09.183,-171.883,+0003.0,19901201,20250824
917530-99999,WALLIS HIHIFO,WF,-13.238,-176.199,+0024.1,19430809,20250603
917540-99999,MAOPOOPO / FUTUNA POINTE VELE,WF,-14.312,-178.066,+0005.0,19730101,20250725
917590-99999,FALEOLO INTL,WS,-13.830,-172.008,+0017.7,19800701,20250824
917620-99999,APIA/UPOLU ISLAND,WS,-13.800,-171.783,+0002.0,19730101,20250824
917650-61705,TAFUNA/PAGO PAGO INTERNATIONAL AP,AQ,-14.331,-170.714,+0003.7,19450801,20250824
917720-99999,NIUAFOOU,TN,-15.567,-175.617,+0061.0,19750618,20250707
917760-99999,KEPPEL,TN,-15.950,-173.767,+0003.0,19730101,20250824
917790-99999,LUPEPAU'U,TN,-18.583,-173.967,+0070.0,19950401,20250824
917830-99999,VAVAU INTL,TN,-18.585,-173.962,+0071.9,20040912,20250824
917840-99999,HAAPAI,TN,-19.777,-174.341,+0009.4,19730101,20250824
917920-00487,FUA AMOTU TONGA,FJ,-21.230,-175.150,+0038.1,20050101,20250824
918020-99999,PENRHYN AWS,CW,-09.033,-158.050,+0001.0,19970201,20250824
918090-99999,MANIHIKI (HUMPHREY ISLAND),CW,-10.377,-161.002,+0001.8,19970401,20250824
918220-99999,ALOFI,NE,-19.067,-169.917,+0022.0,19730101,20250824
918300-99999,AITUTAKI,CW,-18.831,-159.764,+0004.3,19430801,20250824
918310-99999,AITUTAKI AWS,CW,-18.833,-159.767,+0005.0,19970201,20250824
918410-99999,MAUKE AWS,CW,-20.167,-157.350,+0025.0,19970201,20250824
918430-99999,RAROTONGA INTL,CW,-21.203,-159.806,+0005.8,19730101,20250824
918470-99999,MANGAIA ISLAND,CW,-21.917,-157.950,+0015.0,19851201,20241015
918480-99999,MANGAIA,CW,-21.896,-157.907,+0014.0,19970201,20250824
919250-99999,HIVA-OA,FP,-09.800,-139.033,+0053.0,19730101,20250824
919290-99999,BORA-BORA,FP,-16.433,-151.750,+0003.0,19980301,20250824
919300-99999,BORA BORA MOTU MUTE,PF,-16.444,-151.751,+0003.0,19430804,20250824
919360-99999,TAIARAPU-EST,FP,-17.750,-149.167,+0002.0,20170510,20250820
919380-99999,TAHITI FAA A,PF,-17.554,-149.607,+0001.5,19730101,20250824
919430-99999,TAKAROA,FP,-14.483,-145.033,+0003.0,19730101,20250813
919440-99999,HAO,FP,-18.075,-140.946,+0003.0,19730101,20250824
919480-99999,MANGAREVA,FP,-23.133,-134.967,+0089.0,19730101,20250824
919540-99999,TUBUAI MATAURA,PF,-23.365,-149.524,+0002.1,19730101,20250824
919580-99999,RAPA,FP,-27.617,-144.333,+0002.0,19730101,20250824
920040-99999,WEWAK INTL,PP,-03.584,+143.669,+0005.8,19970101,20250824
920100-99999,GOROKA ATS,PP,-06.067,+145.383,+1587.0,20010915,20250426
920145-99999,MOUNT HAGEN,PP,-05.827,+144.296,+1642.3,20010201,20250824
920148-99999,MOMOTE,PP,-02.062,+147.424,+0003.7,20040713,20250707
920220-99999,VANIMO,PP,-02.700,+141.317,+0003.0,20010915,20250824
920350-99999,PORT MORESBY JACKSONS INTL,PP,-09.443,+147.220,+0044.5,19970101,20250824
920470-99999,NADZAB,PP,-06.570,+146.726,+0072.8,19970101,20250824
920760-99999,KAVIENG W.O.,PP,-02.567,+150.817,+0004.0,19970101,20250824
920770-99999,GURNEY W.O.,PP,-10.317,+150.333,+0023.0,20010915,20250823
921000-99999,TOKUA W.O.,PP,-04.333,+152.367,+0013.0,20010915,20250822
930040-99999,CAPE REINGA AWS,NZ,-34.433,+172.683,+0216.0,19840401,20250824
930210-99999,KERIKERI AERO AWS,NZ,-35.250,+173.900,+0151.0,20200506,20250824
930570-99999,WHANGAREI AERODROME,NZ,-35.767,+174.367,+0038.0,20200506,20250824
930690-99999,MOKOHINAU AWS,NZ,-35.900,+175.100,+0060.0,19940901,20250824
931100-99999,AUCKLAND AERO AWS,NZ,-37.000,+174.800,+0007.0,19940801,20250824
931190-99999,AUCKLAND INTL,NZ,-37.008,+174.792,+0007.0,19651231,20250824
931290-99999,WHITIANGA AERODROME AWS,NZ,-36.867,+175.667,+0006.0,20060223,20250824
931670-99999,RAGLAN,NZ,-37.800,+174.850,+0012.0,20041212,20250530
931730-99999,HAMILTON AWS,NZ,-37.850,+175.333,+0053.0,20210817,20250824
931860-99999,TAURANGA,NZ,-37.672,+176.196,+0004.0,19900601,20250824
931910-99999,WHAKATANE AWS,NZ,-37.917,+176.917,+0007.0,20211130,20250824
931960-99999,HICKS BAY AWS,NZ,-37.550,+178.300,+0046.0,19910725,20250824
932010-99999,PORT TAHAROA,NZ,-38.167,+174.700,+0028.0,20170918,20250824
932450-99999,TAUPO AWS,NZ,-38.733,+176.067,+0401.0,19960901,20250824
932920-99999,GISBORNE,NZ,-38.663,+177.978,+0004.6,19811101,20250824
933090-99999,NEW PLYMOUTH AWS,NZ,-39.017,+174.183,+0032.0,19830201,20250824
933130-99999,HAWERA AWS,NZ,-39.600,+174.283,+0100.0,20210817,20250824
933390-99999,WAIOURU AIRSTRIP,NZ,-39.433,+175.650,+0819.0,20110719,20250824
933730-99999,NAPIER AERODROME AWS,NZ,-39.467,+176.867,+0003.0,19920301,20250824
933930-99999,MAHIA AWS,NZ,-39.117,+177.950,+0136.0,20190808,20250824
934040-99999,PALMERSTON NORTH AWS,NZ,-40.317,+175.600,+0039.0,19920901,20250824
934200-99999,PARAPARAUMU AWS,NZ,-40.900,+174.983,+0007.0,19950801,20250824
934360-00488,WELLINGTON INTL,NZ,-41.300,+174.800,+0007.0,20050101,20250824
934390-99999,WELLINGTON AERO AWS,NZ,-41.333,+174.800,+0012.0,19950701,20250824
934410-99999,TAKAPAU PLAINS AWS,NZ,-40.033,+176.267,+0330.0,20190815,20250824
934790-99999,NGAWI,NZ,-41.583,+175.233,+0008.0,20190807,20250824
934980-99999,CASTLEPOINT,NZ,-40.900,+176.200,+0120.0,19950606,20250824
935150-99999,WESTPORT AERODROME,NZ,-41.733,+171.567,+0005.0,19911211,20250824
935270-99999,FAREWELL SPIT AWS,NZ,-40.550,+173.000,+0003.0,19790701,20250824
935460-99999,NELSON AERODROME AWS,NZ,-41.300,+173.200,+0006.0,19801015,20250824
935620-99999,STEPHENS ISLAND AWS,NZ,-40.650,+173.983,+0180.0,20190805,20250824
935970-99999,CAPE CAMPBELL AWS,NZ,-41.717,+174.267,+0032.0,19870301,20250824
936140-99999,HOKITIKA AERODROME,NZ,-42.717,+170.983,+0044.0,19490101,20250824
936780-99999,KAIKOURA,NZ,-42.417,+173.700,+0101.0,19970101,20250824
937080-99999,HAAST,NZ,-43.867,+169.000,+0004.0,19491002,20250824
937090-99999,HAAST AWS,NZ,-43.867,+169.000,+0005.0,19790606,20240819
937210-99999,MILFORD SOUNDN AWS,NZ,-44.667,+167.917,+0006.0,20190807,20250824
937380-99999,MT COOK AERODROME AWS,NZ,-43.767,+170.133,+0656.2,20190809,20250824
937470-99999,TARA HILLS,NZ,-44.517,+169.900,+0488.0,20170828,20250824
937730-99999,TIMARU AERODROME AWS,NZ,-44.300,+171.233,+0027.0,19920301,20250824
937800-99999,CHRISTCHURCH INTL,NZ,-43.489,+172.532,+0037.5,19530707,20250824
937810-99999,CHRISTCHURCH AERO AWS,NZ,-43.483,+172.517,+0037.0,19940801,20250824
937920-99999,LE BON BAY AWS,NZ,-43.733,+173.117,+0238.0,20190807,20250824
937960-99999,OAMARU AIRPORT AWS,NZ,-44.967,+171.083,+0031.0,20020531,20250824
938000-99999,SECRETARY ISLAND AWS,NZ,-45.217,+166.883,+0019.0,19940901,20250824
938050-99999,PUYSEGUR POINT AWS,NZ,-46.150,+166.600,+0044.0,19850109,20250824
938310-99999,QUEENSTOWN AERODROME,NZ,-45.017,+168.733,+0358.0,19950606,20250824
938450-99999,INVERCARGILL AIRPORT AWS,NZ,-46.417,+168.333,+0002.0,19890516,20250824
938870-99999,NUGGET POINT AWS,NZ,-46.450,+169.817,+0130.0,20121207,20250824
938910-99999,DUNEDIN AERODROME AWS,NZ,-45.917,+170.183,+0002.0,20030330,20250824
939090-99999,SOUTH WEST CAPE AWS,NZ,-47.267,+167.450,+0102.0,19910703,20250824
939290-99999,ENDERBY ISLAND AWS,NZ,-50.483,+166.300,+0040.0,19920401,20250824
939470-99999,CAMBELL ISLAND AWS,NZ,-52.550,+169.150,+0019.0,19970101,20250824
939850-99999,CHATHAM ISLAND AERODROME AWS,NZ,-43.817,-176.483,+0013.1,20050101,20250824
939940-99999,RAOUL ISLAND AWS,NZ,-29.250,-177.933,+0049.5,19891114,20250824
941000-99999,KALUMBURU,AS,-14.300,+126.633,+0024.0,20010912,20250824
941020-99999,TROUGHTON ISLAND,AS,-13.750,+126.150,+0008.0,19730101,20250824
941030-99999,BROWSE ISLAND AWS,AS,-14.117,+123.533,+0005.0,19730101,20250526
941050-99999,NOONAMAH AIRSTRIP,AU,-12.617,+131.050,+0017.5,19750729,20250824
941060-99999,NGUKURR AIRPORT,AS,-14.717,+134.750,+0014.0,20010922,20250824
941080-99999,CROKER ISLAND AIRPORT,AS,-11.167,+132.483,+0015.5,20140508,20250824
941090-99999,MURGANELLA AIRSTRIP,AS,-11.550,+132.927,+0011.5,20140508,20250824
941100-99999,OENPELLI AIRPORT,AS,-12.333,+133.007,+0009.1,20010914,20250824
941160-99999,DUM IN MIRRIE,AS,-12.633,+130.367,+0004.0,19970102,20250824
941190-99999,PIRLANGIMPI,AS,-11.400,+130.417,+0019.0,19730101,20250824
941200-99999,DARWIN INTL,AS,-12.415,+130.877,+0031.4,19410131,20250824
941210-99999,CHANNEL POINT,AS,-13.167,+130.117,+0004.0,19970101,20250823
941220-99999,CAPE FOURCROY,AS,-11.783,+130.017,+0007.0,19741222,20250824
941250-99999,BATCHELOR AERO,AS,-13.050,+131.017,+0105.0,19941001,20250824
941270-99999,POINT STUART,AS,-12.233,+131.883,+0001.0,19930101,20250824
941280-99999,DOUGLAS RIVER,AS,-13.833,+131.183,+0044.0,19901024,20250824
941300-99999,BRADSHAW,AS,-14.950,+130.800,+0076.0,20010815,20250824
941310-99999,TINDAL,AS,-14.521,+132.378,+0135.0,19900904,20250824
941350-99999,MCCLUER ISLAND AWS,AS,-11.050,+132.983,+0002.0,19941001,20250824
941370-99999,JABIRU AIRPORT,AS,-12.667,+132.900,+0028.0,19910203,20250824
941390-99999,WARRUWI,AS,-11.650,+133.383,+0020.0,19561231,20250824
941400-99999,MILINGIMBI AWS,AS,-12.117,+134.900,+0016.0,19611231,20250824
941410-99999,CENTRAL ARNHEM PLATEAU,AS,-13.333,+133.083,+0416.0,20040608,20250824
941430-99999,BULMAN AWS,AS,-13.667,+134.333,+0105.0,20040608,20250824
941470-99999,CAPE WESSEL AWS,AS,-11.017,+136.750,+0019.0,19730101,20250824
941500-99999,GOVE AIRPORT,AS,-12.283,+136.817,+0053.0,19851201,20250824
941520-99999,BORROLOOLA,AS,-16.083,+136.300,+0017.0,19941001,20250824
941530-99999,GROOTE EYLANDT,AS,-13.975,+136.460,+0016.2,20010915,20250824
941700-99999,WEIPA AERO,AS,-12.683,+141.917,+0019.0,19930101,20250824
941710-99999,WEIPA,AS,-12.679,+141.925,+0019.2,19590101,20250824
941740-99999,HORN ISLAND,AS,-10.583,+142.283,+0005.0,19970101,20250824
941820-99999,COCONUT ISLAND,AS,-10.050,+143.067,+0004.0,19880801,20250824
941830-99999,COEN AIRPORT,AS,-13.767,+143.117,+0160.0,20030330,20250824
941860-99999,LOCKHART RIVER AIRPORT,AS,-12.783,+143.300,+0020.0,19700831,20250824
941880-99999,CAPE FLATTERY,AS,-14.967,+145.317,+0019.0,20040608,20250824
942000-99999,MANDORA,AS,-19.733,+120.850,+0008.0,19620101,20250824
942010-99999,CYGNET BAY,AS,-16.450,+123.000,+0009.0,19900201,20250822
942020-99999,BIDYADANGA,AS,-18.683,+121.783,+0012.0,19570102,20250823
942030-99999,BROOME INTL,AS,-17.945,+122.232,+0017.1,19390810,20250824
942060-99999,FITZROY CROSSING AERO,AS,-18.183,+125.567,+0115.0,19900206,20250824
942070-99999,ROWLEY SHOALS,AS,-17.533,+118.950,+0008.0,19730124,20250824
942100-99999,ADELE ISLAND,AS,-15.517,+123.150,+0005.0,19730921,20250824
942120-99999,HALLS CREEK AIRPORT,AS,-18.233,+127.667,+0424.0,19440101,20250824
942130-99999,WARMUN,AS,-17.017,+128.217,+0205.0,19620101,20250528
942150-99999,DOONGAN,AS,-15.383,+126.317,+0386.0,19900206,20250824
942160-99999,KUNUNURRA,AS,-15.778,+128.708,+0044.2,19900201,20250824
942170-99999,ARGYLE AERODROME,AS,-16.633,+128.450,+0165.0,19941001,20250824
942250-99999,DELAMERE WEAPONS RANGE,AS,-15.750,+131.917,+0222.0,20010815,20250824
942310-99999,LAJAMANU,AS,-18.333,+130.633,+0317.0,20010915,20250824
942320-99999,VICTORIA RIVER DOWNS,AS,-16.400,+131.017,+0090.0,19731231,20250824
942340-99999,DALY WATERS AWS,AS,-16.250,+133.367,+0211.0,19471231,20250824
942360-99999,ELLIOTT,AS,-17.550,+133.533,+0223.0,19800816,20250822
942380-99999,TENNANT CREEK AIRPORT,AS,-19.633,+134.183,+0377.0,19690724,20250824
942390-99999,MCARTHUR RIVER MINE,AS,-16.433,+136.067,+0041.0,19681231,20250824
942480-99999,CENTRE ISLAND,AS,-15.750,+136.800,+0013.0,19730128,20250824
942550-99999,CAMOOWEAL TOWNSHIP,AS,-19.917,+138.117,+0232.0,19561231,20250824
942570-99999,SWEERS ISLAND,AS,-17.117,+139.600,+0004.0,20030330,20250823
942600-99999,BURKETOWN AIRPORT,AS,-17.750,+139.533,+0006.0,20030330,20250824
942610-99999,CENTURY MINE,AS,-18.750,+138.700,+0127.0,20040608,20250824
942680-99999,KOWANYAMA AIRPORT,AS,-15.483,+141.750,+0011.0,19730111,20250824
942740-99999,GEORGETOWN AIRPORT,AS,-18.300,+143.533,+0302.0,20040921,20250824
942760-99999,PALMERVILLE,AS,-16.000,+144.067,+0205.0,19561231,20250824
942840-99999,ARLINGTON REEF,AS,-16.717,+146.117,+0008.0,19900201,20250824
942850-99999,LOW ISLES LIGHTHOUSE,AS,-16.383,+145.567,+0004.0,19670930,20250824
942870-99999,CAIRNS INTL,AS,-16.886,+145.755,+0003.0,19421231,20250824
942880-99999,CAIRNS RACECOURSE,AS,-16.950,+145.750,+0401.0,19900201,20250824
942890-99999,HOLMES REEF,AS,-16.467,+147.867,+0008.0,19741229,20250824
942900-99999,FLINDERS REEF,AS,-17.717,+148.450,+0007.0,19731101,20250824
942920-99999,CARDWELL STONEY CREEK,AS,-18.300,+146.033,+0007.0,19561231,20250823
942930-99999,LIHOU REEF LIGHTHOUSE,AS,-17.133,+152.150,+0009.8,20010715,20250824
942940-99999,TOWNSVILLE,AS,-19.253,+146.765,+0005.5,19470101,20250824
942950-99999,LUCINDA POINT AWS,AS,-18.517,+146.383,+0010.0,19810101,20250824
942970-99999,CAPE FERGUSON NTC AWS,AS,-19.280,+147.060,+0000.0,20010815,20250207
942980-99999,MARION REEF,AS,-19.083,+152.383,+0008.0,19730101,20250824
942990-99999,WILLIS ISLAND,AS,-16.288,+149.965,+0009.0,19471231,20250824
943000-99999,CARNARVON AIRPORT,AS,-24.888,+113.670,+0004.0,19450109,20250824
943020-99999,LEARMONTH,AS,-22.236,+114.089,+0005.8,19750228,20250824
943030-99999,THEVENARD ISLAND,AS,-21.450,+115.017,+0006.0,19900308,20250824
943060-99999,MARDIE,AS,-21.183,+115.967,+0012.0,19570101,20250824
943070-99999,LEGENDRE ISLAND,AS,-20.367,+116.850,+0029.0,19930101,20250824
943080-99999,ROEBOURNE AERO,AS,-20.750,+117.150,+0011.0,19900201,20250824
943100-99999,BEDOUT ISLAND,AS,-19.583,+119.100,+0010.0,19941001,20250824
943110-99999,PARDOO STATION,AS,-20.100,+119.583,+0010.0,19900201,20250819
943120-99999,PORT HEDLAND INTL,AS,-20.378,+118.626,+0010.1,19420718,20250824
943150-99999,BALGO HILLS ASA,AS,-20.133,+127.983,+0421.1,19570101,20250824
943160-99999,PARABURDOO AERO,AS,-23.167,+117.750,+0424.0,19900613,20250824
943170-99999,NEWMAN AERO,AS,-23.417,+119.800,+0524.0,19730101,20250824
943180-99999,EMU CREEK STATION,AS,-23.033,+115.033,+0112.0,19790601,20241221
943210-99999,WULUNGURRU,AS,-23.267,+129.367,+0455.0,19900623,20250824
943230-99999,WATARRKA,AS,-24.300,+131.550,+0613.0,19760202,20250823
943260-99999,ALICE SPRINGS,AS,-23.807,+133.902,+0545.3,19421216,20250824
943270-99999,JERVOIS,AS,-22.950,+136.150,+0329.0,19711231,20250824
943280-99999,TERRITORY GRAPE FARM,AS,-22.450,+133.633,+0567.0,19970301,20250819
943320-99999,MOUNT ISA,AS,-20.664,+139.489,+0341.7,19661130,20250824
943330-99999,BOULIA AIRPORT,AS,-22.917,+139.900,+0158.0,19561231,20250819
943340-99999,BEDOURIE POLICE STATION,AS,-24.367,+139.467,+0093.0,20030330,20250822
943350-99999,CLONCURRY AIRPORT,AS,-20.667,+140.500,+0187.0,19390401,20250824
943360-99999,THE MONUMENT AIRPORT,AS,-21.800,+139.917,+0289.0,20030330,20250824
943370-99999,JULIA CREEK,AS,-20.667,+141.733,+0124.0,19900201,20250824
943380-99999,TREPELL AIRPORT,AS,-21.833,+140.883,+0267.0,20030331,20250824
943410-99999,RICHMOND,AS,-20.702,+143.115,+0206.0,20010907,20250824
943420-99999,WINTON AIRPORT,AS,-22.367,+143.083,+0193.0,20030330,20250824
943430-99999,HUGHENDEN AIRPORT,AS,-20.817,+144.233,+0316.0,19711231,20250824
943440-99999,URANDANGI AERODROME,AS,-21.600,+138.367,+0075.0,20140508,20250824
943450-99999,ISISFORD POST OFFICE,AS,-24.267,+144.433,+0205.0,19970101,20250823
943460-99999,LONGREACH AERO,AS,-23.433,+144.283,+0192.0,19420801,20250824
943500-99999,BARCALDINE POST OFFICE,AS,-23.550,+145.283,+0267.0,19611231,20250821
943550-99999,TAMBO POST OFFICE,AS,-24.883,+146.250,+0397.0,19561231,20250823
943560-99999,CHARTERS TOWERS AIRPORT,AS,-20.033,+146.267,+0292.0,19420531,20250824
943600-99999,COLLINSVILLE POST OFFICE,AS,-20.550,+147.833,+0187.0,19561231,20250823
943630-99999,EMERALD AIRPORT,AS,-23.567,+148.183,+0190.0,19561231,20250824
943650-99999,PROSERPINE WHITSUNDAY COAST,AS,-20.495,+148.552,+0025.0,19890110,20250824
943660-99999,BOWEN AIRPORT AWS,AS,-20.020,+148.210,+0005.9,19690101,20250824
943670-99999,MACKAY MO,AS,-21.117,+149.217,+0033.0,19430515,20250824
943680-99999,HAMILTON ISLAND AIRPORT,AS,-20.350,+148.950,+0059.0,19900201,20250824
943700-99999,SAMUEL HILL AERO,AS,-22.733,+150.650,+0032.0,20030330,20250824
943710-99999,CREAL REEF,AS,-20.533,+150.383,+0006.0,19900201,20250824
943720-99999,MIDDLE PERCY ISLAND,AS,-21.667,+150.267,+0209.0,19561231,20250824
943730-99999,YEPPOON THE ESPLANADE,AS,-23.133,+150.750,+0006.0,19941001,20250824
943740-99999,ROCKHAMPTON,AS,-23.382,+150.475,+0010.4,19390331,20250824
943760-99999,THANGOOL AIRPORT,AS,-24.483,+150.567,+0199.0,19631231,20250824
943770-99999,MONTO AIRPORT,AS,-24.900,+151.100,+0231.0,19611231,20250421
943780-99999,RUNDLE ISLAND,AS,-23.533,+151.283,+0020.0,19561231,20250824
943790-99999,GANNET CAY,AS,-21.967,+152.467,+0008.0,19741203,20250824
943800-99999,GLADSTONE RADAR,AS,-23.850,+151.267,+0075.0,19571201,20250824
943810-99999,GLADSTONE AIRPORT,AS,-23.867,+151.217,+0017.0,19941001,20250824
943840-99999,SEVENTEEN SEVENTY,AS,-24.150,+151.883,+0047.0,19641231,20250823
943860-99999,HERON ISLAND RES STN,AS,-23.450,+151.917,+0006.0,19810101,20250824
943870-99999,BUNDABERG AERO,AS,-24.900,+152.317,+0028.0,19561231,20250824
943880-99999,LADY ELLIOT ISLAND,AS,-24.117,+152.717,+0004.0,19561231,20250823
943900-99999,SANDY CAPE LIGHTHOUSE,AS,-24.717,+153.200,+0101.0,19540306,20240118
943930-99999,FREDERICK REEF,AS,-20.933,+154.400,+0013.0,19730101,20250824
943940-99999,CATO ISLAND,AS,-23.250,+155.533,+0007.0,19730101,20250824
943950-99999,CLERMONT AIRPORT,AS,-22.783,+147.617,+0272.0,20140508,20250824
943960-99999,ROLLESTON AIRPORT,AS,-24.467,+148.633,+0220.0,20100728,20250824
943970-99999,MORANBAH,AS,-22.058,+148.078,+0234.7,20050101,20250824
943980-99999,BLACKWATER,AU,-23.603,+148.807,+0200.3,20050101,20250824
943990-99999,LOCHINGTON,AS,-23.933,+147.517,+0267.0,20101105,20250824
944010-99999,KALBARRI,AS,-27.717,+114.167,+0007.0,19791101,20250824
944030-99999,GERALDTON,AS,-28.796,+114.708,+0036.9,19410818,20250824
944040-99999,PAYNES FIND,AS,-29.267,+117.683,+0340.0,19900201,20250824
944050-99999,NORTH ISLAND,AS,-28.300,+113.600,+0011.0,19861003,20250824
944060-99999,BILLABONG ASA,AS,-26.817,+114.617,+0136.0,20200721,20250824
944100-99999,GASCOYNE JUNCTION,AS,-25.050,+115.217,+0145.0,19900206,20250822
944110-99999,MULLEWA,AS,-28.533,+115.517,+0268.0,19900206,20250824
944150-99999,CARNAMAH POST OFFICE,AS,-29.683,+115.883,+0268.0,19900207,20250821
944170-99999,MORAWA AIRPORT,AS,-29.200,+116.017,+0272.0,19980301,20250824
944220-99999,MURCHISON,AS,-26.883,+115.950,+0289.0,19900206,20250824
944290-99999,MOUNT MAGNET AERO,AS,-28.117,+117.833,+0408.0,19980301,20250824
944440-99999,BULGA DOWNS,AS,-28.500,+119.750,+0440.0,19900205,20250824
944490-99999,LAVERTON AERO,AS,-28.617,+122.417,+0465.0,19920501,20250824
944500-99999,LEONORA AERO,AS,-28.883,+121.317,+0370.0,20070228,20250824
944510-99999,CARNEGIE (CARNEGIE),AS,-25.783,+122.967,+0449.0,19890701,20250824
944570-99999,WARBURTON AIRFIELD,AS,-26.133,+126.583,+0460.0,20010915,20250824
944610-99999,GILES METEOROLOGICAL OFFICE,AS,-25.033,+128.300,+0599.0,19560801,20250824
944630-99999,CURTIN SPRINGS,AS,-25.317,+131.750,+0491.0,19900202,20250823
944740-99999,PUKATJA,AS,-26.267,+132.183,+0704.0,20010701,20250824
944760-99999,OODNADATTA AIRPORT,AS,-27.550,+135.450,+0117.0,19390304,20250824
944970-99999,WANAARING POST OFFICE,AS,-29.700,+144.150,+0108.0,19920801,20250820
944980-99999,LIGHTNING RIDGE CENTRAL SCOOL,AS,-29.433,+147.983,+0154.0,20010915,20250823
945000-99999,CUNNAMULLA POST OFFICE,AS,-28.067,+145.683,+0197.0,19561231,20250823
945100-99999,CHARLEVILLE,AS,-26.413,+146.263,+0305.7,19420630,20250824
945110-99999,INJUNE POST OFFICE,AS,-25.850,+148.567,+0392.0,19900604,20250823
945130-99999,BOLLON MARY ST,AS,-28.033,+147.483,+0185.0,19561231,20250715
945140-99999,MITCHELL (POST OFFICE),AS,-26.483,+147.967,+0338.0,19720101,20250823
945150-99999,ROMA AIRPORT,AS,-26.550,+148.783,+0304.0,19561231,20250824
945170-99999,ST GEORGE AIRPORT,AS,-28.050,+148.600,+0199.0,20010914,20250824
945200-99999,MUNGINDI POST OFFICE,AS,-28.983,+148.983,+0160.0,19650101,20250823
945210-99999,SURAT,AS,-27.150,+149.067,+0246.0,19611231,20250823
945250-99999,TAROOM POST OFFICE,AS,-25.633,+149.783,+0200.0,19561231,20250823
945410-99999,INVERELL RESEARCH CENTRE,AS,-29.783,+151.083,+0664.0,19561231,20250824
945420-99999,DALBY AIRPORT,AS,-27.150,+151.267,+0348.0,19561231,20250824
945440-99999,PINDARI DAM,AS,-29.400,+151.233,+0462.0,20010915,20250821
945490-99999,KINGAROY AIRPORT,AS,-26.567,+151.833,+0434.0,19561231,20250824
945500-99999,STANTHORPE LESLIE PARADE,AS,-28.667,+151.933,+0787.0,19561231,20250824
945520-99999,OAKEY,AS,-27.411,+151.735,+0406.9,19730430,20250824
945530-99999,APPLETHORPE,AS,-28.617,+151.950,+0873.0,19980301,20250824
945550-99999,WARWICK,AS,-28.200,+152.100,+0476.0,19941001,20250824
945560-99999,TENTERFIELD (FEDERATION PARK),AS,-29.050,+152.017,+0838.0,19900201,20250823
945620-99999,UNIVERSITY OF QUEENSLAND GATTON,AS,-27.550,+152.333,+0094.0,20030330,20250824
945640-99999,RAINBOW BEACH,AS,-25.900,+153.083,+0046.0,19920801,20250823
945660-99999,GYMPIE,AS,-26.183,+152.633,+0065.0,19720103,20250824
945670-99999,MARYBOROUGH,AS,-25.517,+152.717,+0011.0,19561231,20250824
945690-99999,SUNSHINE COAST AIRPORT,AS,-26.600,+153.100,+0004.0,19941001,20250824
945700-99999,TEWANTIN RSL PARK,AS,-26.383,+153.033,+0007.0,19980301,20250824
945720-99999,LISMORE AIRPORT AWS,AS,-28.833,+153.260,+0009.8,20030330,20250824
945730-99999,CASINO AIRPORT AWS,AS,-28.883,+153.050,+0022.0,19970101,20250824
945750-99999,BRISBANE ARCHERFIELD,AS,-27.570,+153.008,+0019.2,19430519,20250824
945760-99999,BRISBANE,AS,-27.483,+153.033,+0008.0,19501231,20250824
945780-99999,BRISBANE AIRPORT,AU,-27.379,+153.120,+0005.0,19441001,20250824
945800-99999,GOLD COAST SEAWAY,AS,-27.933,+153.433,+0003.0,19910101,20250824
945820-99999,MURWILLUMBAH (BRAY PARK),AS,-28.350,+153.383,+0018.0,19900201,20250823
945840-99999,DOUBLE ISLAND POINT LIGHTHOUSE,AS,-25.933,+153.183,+0095.0,19561231,20250824
945850-99999,GLEN INNES AG RESEARCH STN,AS,-29.700,+151.700,+1060.0,19900201,20250819
945870-99999,TABULAM,AS,-28.750,+152.450,+0555.0,19900202,20250823
945880-99999,GLEN INNES AIRPORT,AS,-29.683,+151.700,+1045.0,19980301,20250824
945890-99999,YAMBA PILOT STATION,AS,-29.433,+153.367,+0030.0,19561231,20250824
945900-99999,INNER RECIPROCAL MARKER,AS,-27.250,+153.250,+0020.0,20200701,20250824
945910-99999,BANANA BANK NORTH BEACON,AS,-27.533,+153.333,+0007.0,20200624,20250824
945920-99999,GOLD COAST,AS,-28.164,+153.505,+0006.4,19900201,20250824
945930-99999,POINT LOOKOUT,AS,-27.433,+153.550,+0050.0,19900201,20250823
945940-99999,CAPE MORETON LIGHTHOUSE AWS,AS,-27.033,+153.467,+0101.0,19561231,20250824
945951-99999,AMBERLEY,AS,-27.641,+152.712,+0027.7,20040706,20250824
945952-99999,HAMILTON ISLAND,AS,-20.358,+148.952,+0004.6,20040706,20250824
945953-99999,CURTIN,AS,-17.581,+123.828,+0091.4,20040706,20250824
945955-99999,GOVE,AS,-12.269,+136.818,+0058.5,20040706,20250824
945956-99999,TELFER,AS,-21.715,+122.229,+0295.7,20040706,20250824
945960-99999,BALLINA AIRPORT AWS,AS,-28.833,+153.550,+0002.0,19970101,20250824
945980-99999,EVANS HEAD RAAF BOMBING RANGE,AS,-29.183,+153.400,+0063.0,20010915,20250824
945990-99999,CAPE BYRON AWS,AS,-28.633,+153.633,+0098.0,20030211,20250824
946000-99999,CAPE NATURALISTE,AS,-33.533,+115.017,+0110.0,19570101,20250824
946010-99999,CAPE LEEUWIN,AS,-34.367,+115.133,+0014.0,19570101,20250824
946020-99999,ROTTNEST ISLAND,AS,-32.017,+115.500,+0043.0,19900201,20250824
946030-99999,BADGINGARRA RESEARCH STN,AS,-30.333,+115.533,+0275.0,19900206,20250824
946040-99999,BUNBURY,AS,-33.350,+115.650,+0006.0,19650101,20250824
946050-99999,MANDURAH,AS,-32.517,+115.717,+0004.0,19900201,20250824
946070-99999,WANNEROO (OCEAN REEF AWS),AS,-31.750,+115.717,+0010.0,20150311,20250824
946080-99999,PERTH METRO,AS,-31.917,+115.867,+0025.0,19420101,20250824
946090-99999,JANDAKOT AERO,AS,-32.100,+115.883,+0031.0,19900206,20250824
946100-99999,PERTH INTL,AS,-31.940,+115.967,+0020.4,19471231,20250824
946120-99999,PEARCE,AS,-31.668,+116.015,+0045.4,19401101,20250824
946140-99999,SWANBOURNE,AS,-31.950,+115.767,+0041.0,19940301,20250824
946150-99999,GOOSEBERY HILL,AS,-31.950,+116.050,+0220.0,19950101,20250824
946170-99999,MANJIMUP,AS,-34.250,+116.150,+0287.0,19900203,20250824
946190-99999,DALWALLINU COMPARISON,AS,-30.283,+116.667,+0338.0,19570101,20250824
946200-99999,DWELLINGUP,AS,-32.717,+116.050,+0268.0,19570101,20250824
946210-99999,NORTHAM,AS,-31.650,+116.667,+0155.0,19900206,20250824
946220-99999,WONGAN HILLS,AS,-30.900,+116.717,+0284.0,19900203,20250824
946230-99999,YORK,AS,-31.900,+116.767,+0198.0,19900206,20250824
946250-99999,BROOKTON,AS,-32.367,+117.000,+0250.0,19900206,20250824
946270-99999,NARROGIN,AS,-32.933,+117.167,+0338.0,19720101,20250824
946280-99999,NEWDEGATE RES. STATION,AS,-33.117,+118.833,+0321.0,19980301,20250824
946300-99999,MOUNT BARKER,AS,-34.633,+117.633,+0300.0,19900206,20250822
946310-99999,ROCKY GULLY,AS,-34.567,+117.017,+0251.0,19980301,20250824
946320-99999,BENCUBBIN,AS,-30.817,+117.867,+0359.0,19570101,20250824
946330-99999,CORRIGIN,AS,-32.333,+117.867,+0296.0,19570101,20250822
946360-99999,RAVENSTHORPE,AS,-33.583,+120.050,+0233.0,19620101,20250824
946370-99999,KALGOORLIE BOULDER,AS,-30.789,+121.462,+0366.7,19390321,20250824
946380-99999,ESPERANCE,AS,-33.833,+121.893,+0027.0,19690628,20250824
946400-99999,WINDY HARBOUR,AS,-34.833,+116.033,+0003.0,20010915,20250824
946410-99999,KATANNING,AS,-33.683,+117.600,+0321.0,19740801,20250824
946440-99999,RED ROCKS POINT,AS,-32.200,+127.533,+0003.0,20010711,20250824
946450-99999,EYRE,AS,-32.233,+126.300,+0006.0,19510721,20250824
946470-99999,EUCLA,AS,-31.680,+128.879,+0102.3,19570101,20250824
946510-99999,NULLARBOR,AS,-31.450,+130.900,+0065.0,19900201,20250824
946540-99999,STREAKY BAY,AS,-32.800,+134.217,+0014.0,19561231,20250823
946550-99999,TARCOOLA,AS,-30.717,+134.583,+0124.0,19611231,20250824
946560-99999,ELLISTON,AS,-33.650,+134.883,+0005.0,19620108,20250821
946570-99999,KYANCUTTA,AU,-33.133,+135.550,+0058.0,19561231,20250824
946590-99999,WOOMERA,AS,-31.144,+136.817,+0167.0,19490331,20250824
946600-99999,MOUNT IVE,AS,-32.433,+136.067,+0213.0,19561231,20250823
946610-99999,CLEVE,AS,-33.700,+136.483,+0194.0,19561231,20250823
946620-99999,CLEVE AERODROME,AS,-33.717,+136.500,+0176.0,19820508,20250824
946630-99999,WAROOKA,AS,-34.983,+137.400,+0054.0,19900201,20250820
946650-99999,MAITLAND,AS,-34.383,+137.667,+0186.0,19561231,20250821
946660-99999,WARBURTO POINT,AU,-34.000,+137.533,+0001.0,19730101,20250824
946680-99999,KIMBA,AS,-33.150,+136.417,+0263.0,19900201,20250818
946720-99999,ADELAIDE INTL,AS,-34.945,+138.531,+0006.1,19550215,20250824
946730-99999,HAWKER,AS,-31.883,+138.433,+0316.0,19900201,20250823
946740-99999,PORT LINCOLN,AS,-34.605,+135.880,+0011.0,19510102,20250824
946760-99999,ARKAROOLA,AS,-30.317,+139.333,+0318.0,19900308,20250824
946770-99999,HINDMARSH ISLAND AWS,AS,-35.517,+138.817,+0010.0,19471231,20250824
946780-99999,MT CRAWFORD AWS,AS,-34.733,+138.933,+0525.0,19970101,20250824
946790-99999,YONGALA,AS,-33.033,+138.750,+0515.0,19561231,20250822
946800-99999,EUDUNDA,AS,-34.183,+139.083,+0416.0,19771001,20250823
946810-99999,NURIOOTPA VITICULTURAL,AS,-34.483,+139.000,+0276.0,19561231,20250824
946820-99999,LOXTON RESEARCH CENTRE,AS,-34.433,+140.600,+0030.0,19711231,20250824
946830-99999,KUITPO FOREST RESERVE,AS,-35.167,+138.667,+0365.0,20010701,20250824
946840-99999,YUNTA AIRSTRIP,AS,-32.567,+139.567,+0300.0,19611231,20250824
946850-99999,KADINA,AU,-33.970,+137.670,+0042.0,19900201,20250824
946860-99999,FOWLERS GAP AWS,AS,-31.083,+141.700,+0182.0,19900308,20250824
946900-99999,AUSTIN PLAINS,AU,-35.378,+140.538,+0110.8,20040921,20250824
946910-99999,BROKEN HILL AIRPORT AWS,AS,-32.000,+141.467,+0282.0,19900401,20250824
946920-99999,LAKE VICTORIA STORAGE,AS,-34.050,+141.267,+0043.0,20030330,20250821
946940-99999,MENINDEE POST OFFICE,AS,-32.400,+142.417,+0061.0,19650101,20250823
946960-99999,BALRANALD,AS,-34.633,+143.550,+0061.0,19650101,20250823
947000-99999,HILLSTON AIRPORT,AS,-33.483,+145.517,+0120.0,19561231,20250823
947020-99999,HAY AIRPORT AWS,AS,-34.533,+144.833,+0092.0,20071016,20250824
947030-99999,BOURKE AIRPORT AWS,AS,-30.033,+145.950,+0108.0,19561231,20250824
947100-99999,COBAR AIRPORT AWS,AS,-31.533,+145.800,+0218.0,19941001,20250824
947110-99999,COBAR MO,AS,-31.483,+145.833,+0263.6,19631231,20250824
947120-99999,YOUNG AIRPORT,AS,-34.250,+148.250,+0381.0,19900201,20250824
947140-99999,COOTAMUNDRA AIRPORT,AS,-34.633,+148.033,+0338.0,19561231,20250823
947150-99999,FORBES AIRPORT,AS,-33.367,+147.917,+0231.0,19741118,20250824
947160-99999,GOULBURN (PROGRESS ST),AS,-34.717,+149.733,+0650.0,19780531,20250823
947190-99999,DUBBO,AS,-32.217,+148.575,+0285.0,19561231,20250824
947210-99999,PEAK HILL POST OFFICE,AS,-32.717,+148.183,+0285.0,19960201,20250821
947230-99999,WELLINGTON (AGROWPLOW),AS,-32.567,+148.950,+0305.0,19641231,20250823
947250-99999,GRENFELL (MANGANESE RD),AS,-33.900,+148.150,+0390.0,20010915,20250823
947270-99999,MUDGEE AIRPORT AWS,AS,-32.567,+149.617,+0472.0,19900201,20250824
947280-99999,COONABARABRAN (NAMOI STREET),AS,-31.267,+149.267,+0510.0,19561231,20250823
947290-99999,BATHURST AIRPORT AWS,AS,-33.417,+149.650,+0745.0,19900201,20250824
947300-99999,BATHURST AGRICULTURAL STATION,AS,-33.433,+149.567,+0713.0,19561231,20250821
947320-99999,GULGONG POST OFFICE,AS,-32.367,+149.533,+0475.0,19900202,20250821
947350-99999,TARALGA (P.O.),AS,-34.400,+149.817,+0845.0,19561231,20240805
947400-99999,GUNNEDAH SCS,AS,-31.033,+150.267,+0307.0,20010915,20250824
947410-99999,LITHGOW,AS,-33.483,+150.133,+0950.0,19900201,20250823
947430-99999,MOUNT BOYCE,AS,-33.617,+150.267,+1080.0,19611231,20250824
947440-99999,KATOOMBA (NARROW NECK RD),AS,-33.717,+150.283,+1030.0,19900201,20250823
947460-99999,MOSS VALE AWS,AS,-34.517,+150.417,+0679.0,20010816,20250824
947490-99999,BELLAMBI AWS,AS,-34.383,+150.933,+0010.0,19900504,20250824
947500-99999,NOWRA,AS,-34.949,+150.537,+0121.9,19551130,20250824
947520-99999,BADGERY'S CREEK AIRPORT,AS,-33.900,+150.733,+0082.0,19960201,20250824
947530-99999,RICHMOND,AS,-33.601,+150.781,+0020.4,19391130,20250824
947540-99999,NULLO MOUNTAIN AWS,AS,-32.733,+150.233,+1130.0,19900901,20250824
947550-99999,CAMDEN,AS,-34.040,+150.687,+0070.1,19421231,20250824
947560-99999,MURRURUNDI (HAYDON STREET),AS,-31.768,+150.842,+0467.0,19900201,20250823
947570-99999,CAMBELL TOWN / MOUNT ANNAN,AS,-34.067,+150.767,+0112.0,20070605,20250824
947590-99999,TERREY HILLS AWS,AS,-33.683,+151.233,+0199.0,20041109,20250824
947600-99999,HORSLEY EQUESTRIAN CENTRE,AS,-33.850,+150.850,+0100.0,20010701,20250824
947610-99999,BARRABA,AS,-30.383,+150.617,+0500.0,19900202,20250822
947620-99999,HOLSWORTHY CONTROL RANGE,AS,-33.983,+150.917,+0040.0,19730331,20250824
947630-99999,PENRITH,AS,-33.717,+150.683,+0025.0,19960201,20250824
947640-99999,PARRAMATTA NORTH,AS,-33.800,+151.017,+0055.0,19970101,20250823
947650-99999,SYDNEY BANKSTOWN,AS,-33.924,+150.988,+0008.8,19680701,20250824
947660-99999,CANTERBURY RACECOURSE,AS,-33.900,+151.117,+0003.0,19960201,20250824
947670-99999,SYDNEY INTL,AS,-33.946,+151.177,+0006.4,19430923,20250824
947680-99999,SYDNEY (OBSERVATORY HILL),AS,-33.850,+151.200,+0040.0,19541231,20250824
947690-99999,FORT DENISON,AS,-33.850,+151.217,+0002.0,20210207,20250824
947720-99999,GUYRA HOSPITAL,AS,-30.217,+151.683,+1332.0,19980301,20250823
947730-99999,ARMIDALE (TREE GROUP NURSERY),AS,-30.533,+151.667,+0987.0,19561231,20250823
947740-99999,NEWCASTLE NOBBYS SIGNAL STATION,AS,-32.917,+151.783,+0033.0,19561231,20250824
947750-99999,TOCAL AWS,AS,-32.633,+151.583,+0030.0,19960201,20250824
947760-99999,WILLIAMTOWN,AS,-32.795,+151.834,+0009.4,19420909,20250824
947800-99999,LITTLE BAY (THE COAST GOLF CLUB),AS,-33.983,+151.250,+0022.0,20010701,20250824
947820-99999,GOSFORD AWS,AU,-33.433,+151.367,+0007.0,20050101,20250824
947830-99999,YARRAS MOUNT SEAVIEW,AS,-31.383,+152.250,+0155.0,19980301,20250824
947850-99999,KEMPSEY AIRPORT AWS,AS,-31.067,+152.767,+0014.0,20030330,20250824
947890-99999,DORRIGO OLD CORAMBA RD,AS,-30.350,+152.717,+0746.0,19980301,20250822
947900-99999,SMOKY CAPE LIGHTHOUSE,AS,-30.917,+153.083,+0120.0,19561231,20240123
947910-99999,COFFS HARBOUR,AS,-30.321,+153.116,+0005.0,19421201,20250824
947920-99999,WOOLBROOK DANGLEMAH ROAD,AS,-30.967,+151.350,+0910.0,19980301,20250823
948010-99999,ALBANY,AS,-35.033,+117.883,+0003.0,20030330,20250824
948020-99999,ALBANY AIRPORT,AS,-34.941,+117.802,+0069.0,19650411,20250824
948040-99999,NEPTUNE ISLAND,AS,-35.333,+136.117,+0032.0,19611231,20250824
948060-99999,MOUNT BARKER,AS,-35.067,+138.850,+0360.0,19900201,20250823
948070-99999,PARDANA CFS AWS,AU,-35.800,+137.250,+0165.0,19561231,20250824
948080-99999,NOARLUNGA,AS,-35.167,+138.500,+0055.0,20010701,20250824
948090-99999,EDITHBURGH AWS,AU,-35.117,+137.733,+0007.0,19900201,20250824
948110-99999,SECOND VALLEY FOREST,AU,-35.567,+138.283,+0342.0,19941001,20250824
948120-99999,ROBE,AS,-37.167,+139.750,+0004.0,19561231,20250824
948130-99999,THE LIMESTONE,AU,-36.967,+139.717,+0018.0,19910401,20250824
948140-99999,STRATHALBYN RACECOURSE,AS,-35.283,+138.900,+0058.0,19980301,20250824
948160-99999,KEITH,AU,-36.100,+140.350,+0031.0,19611231,20250823
948170-99999,COONAWARRA,AS,-37.300,+140.817,+0058.0,19980301,20250824
948200-99999,NARACOORTE AERODROME,AU,-36.983,+140.733,+0050.0,19900201,20250824
948210-99999,MOUNT GAMBIER AERO,AS,-37.733,+140.783,+0069.0,19410831,20250824
948220-99999,CAPE WILLOUGHBY,AS,-35.850,+138.133,+0059.0,19670913,20250824
948260-99999,CAPE NELSON LIGHTHOUSE,AU,-38.433,+141.550,+0047.0,19561231,20250824
948270-99999,NHILL AERODROME,AS,-36.317,+141.633,+0140.0,19500630,20250824
948280-99999,PORTLAND CASHMORE AIRPORT,AU,-38.317,+141.467,+0082.0,19900201,20250824
948290-99999,HAMILTON AIRPORT,AU,-37.650,+142.067,+0242.0,19561231,20250824
948300-99999,PORT FAIRY AWS,AU,-38.400,+142.233,+0010.0,19910601,20250824
948310-99999,OUYEN,AS,-35.067,+142.317,+0050.0,19561231,20240816
948330-99999,MOUNT WILLIAM,AS,-37.300,+142.600,+1150.0,19900202,20250824
948340-99999,ARARAT PRISON,AS,-37.283,+142.983,+0296.0,19900201,20250824
948350-99999,BEN NEVIS,AS,-37.233,+143.200,+0875.0,19920801,20250824
948360-99999,STAWELL AERODROME,AU,-37.067,+142.733,+0235.0,19980301,20250824
948370-99999,WARRNAMBOOL AIRPORT NDB,AS,-38.283,+142.450,+0071.0,20010915,20250824
948380-99999,HOPETOUN AIRPORT,AS,-35.717,+142.350,+0078.0,20010830,20250824
948390-99999,CHARLTON,AS,-36.283,+143.350,+0132.0,20040824,20250824
948400-99999,MORTLAKE RACECOURSE,AU,-38.067,+142.767,+0131.0,19900401,20250824
948420-99999,CAPE OTWAY LIGHTHOUSE,AS,-38.850,+143.517,+0083.0,19561231,20250824
948430-99999,SWAN HILL AERODROME,AS,-35.383,+143.533,+0071.0,19591231,20250824
948440-99999,KERANG,AS,-35.733,+143.917,+0078.0,19611231,20250824
948460-99999,AIREYS INLET,AS,-38.450,+144.100,+0095.0,19910101,20250824
948470-99999,POINT WILSON,AS,-38.100,+144.533,+0018.0,19941001,20250824
948490-99999,MARYBOROUGH,AS,-37.050,+143.733,+0249.0,19900201,20250823
948500-99999,KING ISLAND AIRPORT,AS,-39.883,+143.883,+0038.0,19960201,20250824
948520-99999,BALLARAT AERODROME,AU,-37.517,+143.783,+0436.0,19561231,20250824
948530-99999,SOUTH CHANNEL IS.,AS,-38.300,+144.800,+0005.0,19781215,20250824
948540-99999,AVALON  AIRPORT,AS,-38.033,+144.467,+0011.0,19970101,20250824
948550-99999,BENDIGO AIRPORT AWS,AS,-36.733,+144.317,+0209.0,19561231,20250824
948560-99999,PUCKAPUNYAL WEST,AS,-38.083,+144.333,+0055.0,19900201,20250824
948570-99999,GEELONG RACECOURSE,AS,-38.167,+144.367,+0035.0,19881102,20250824
948590-99999,REDESDALE,AU,-37.017,+144.533,+0290.0,19941001,20250824
948600-99999,KILMORE GAP,AS,-37.383,+144.967,+0528.0,19941001,20250824
948610-99999,ECHUCA AERODROME,AS,-36.150,+144.767,+0097.0,19591231,20250818
948620-99999,YARRAWONGA,AS,-36.017,+146.033,+0129.0,19970101,20250824
948630-99999,SHEOAKS AWS,AS,-37.900,+144.117,+0237.0,19910101,20250824
948640-99999,MELBOURNE ESSENDON,AS,-37.728,+144.902,+0086.0,19471231,20250824
948650-99999,LAVERTON RAAF,AS,-37.867,+144.750,+0020.0,19410824,20250824
948660-99999,MELBOURNE INTL,AS,-37.673,+144.843,+0132.3,19730101,20250824
948700-99999,MELBOURNE MOORABBIN,AS,-37.976,+145.102,+0015.2,19710731,20250824
948710-99999,FRANKSTON AWS,AS,-38.150,+145.117,+0006.0,19941001,20250824
948720-99999,FERNY CREEK,AS,-37.867,+145.333,+0561.0,19941001,20250824
948731-99999,PUCKAPUNYAL LYON HILL (DEFENCE),AS,-36.940,+145.050,+0193.0,20201202,20250824
948740-99999,MANGALORE AIRPORT,AS,-36.883,+145.183,+0141.0,19581231,20250824
948750-99999,SHEPPARTON AIRPORT,AS,-36.433,+145.400,+0114.0,19980301,20250824
948760-99999,FRANKSTON (BALLAM PARK),AS,-35.667,+145.617,+0110.0,19901205,20250824
948780-99999,HUNTERS HILL,AS,-36.217,+147.533,+0981.0,19970101,20250824
948810-99999,EILDON FIRE TOWER,AS,-37.217,+145.833,+0638.0,19561231,20250824
948820-99999,LAKE EILDON,AS,-37.233,+145.917,+0230.0,19700311,20250823
948840-99999,BENALLA (SHADFORTH STREET),AS,-36.550,+145.967,+0170.0,19561231,20250824
948860-99999,POUND CREEK,AS,-38.633,+145.811,+0003.6,20071016,20250824
948880-99999,DARTMOUTH RESERVOIR,AS,-36.533,+147.500,+0350.0,20030330,20250823
948890-99999,WANGARATTA AERO,AS,-36.417,+146.300,+0153.0,19561231,20250824
948910-99999,LATROBE VALLEY AIRPORT,AS,-38.217,+146.467,+0056.0,19900201,20250824
948920-99999,RHYLL (AWS),AS,-38.450,+145.300,+0014.0,19910101,20250824
948930-99999,WILSONS PROMONTORY LIGHTHOUSE,AS,-39.117,+146.417,+0097.0,19561231,20250824
948940-99999,MOUNT BULLER AWS,AS,-37.150,+146.433,+1707.0,19900201,20250824
948955-99999,AVALON,AS,-38.039,+144.469,+0010.7,20040713,20250824
948980-99999,CERBERUS AWS,AS,-38.350,+145.167,+0014.0,19870604,20250824
948990-99999,CORRYONG (PARISH LANE),AS,-36.200,+147.883,+0314.0,19721231,20250805
949010-99999,HUME RESERVOIR,AS,-36.100,+147.033,+0182.0,19641231,20250823
949030-99999,FALLS CREEK AWS,AS,-36.867,+147.267,+1767.0,19900201,20250824
949050-99999,MT HOTHAM AIRPORT,AS,-37.050,+147.333,+1293.0,20030330,20250824
949060-99999,MOUNT HOTHAM,AS,-36.967,+147.133,+1849.0,19781028,20250824
949070-99999,EAST SALE,AS,-38.099,+147.149,+0007.0,19440101,20250824
949080-99999,OMEO,AS,-37.100,+147.600,+0690.0,20041109,20250824
949090-99999,BURRINJUCK DAM,AS,-35.000,+148.600,+0390.0,20010915,20250818
949100-99999,WAGGA WAGGA,AS,-35.165,+147.466,+0220.7,19410817,20250824
949110-99999,YANAKIE,AS,-38.800,+146.200,+0013.9,19561231,20250704
949120-99999,BAIRNSDALE AIRPORT,AS,-37.883,+147.567,+0050.0,19900201,20250824
949130-99999,GELANTIPY,AS,-37.217,+148.267,+0756.0,19930201,20250824
949140-99999,COMBIENBAR,AS,-37.333,+149.017,+0641.0,19941001,20250824
949150-99999,PERISHER VALLEY AWS,AS,-36.400,+148.400,+1735.0,19900201,20250824
949180-99999,TUMBARUMBA POST OFFICE,AS,-35.767,+148.000,+0645.0,19900201,20250822
949190-99999,KHANCOBAN,AS,-36.233,+148.133,+0340.0,19980301,20250824
949210-99999,COOMA AIRPORT AWS,AS,-36.300,+148.967,+0931.0,19910101,20250824
949230-99999,COOMA VISITORS CENTRE,AS,-36.233,+149.117,+0778.0,19730930,20250823
949250-99999,TUGGERANONG ISABELLA PLAINS,AS,-35.417,+149.100,+0588.0,19741201,20250824
949260-99999,CANBERRA,AS,-35.307,+149.195,+0574.9,19390228,20250824
949270-99999,BRAIDWOOD RACECOURSE AWS,AS,-35.433,+149.783,+0666.0,19750930,20250824
949280-99999,BOMBALA (THREEY STREET),AS,-36.917,+149.233,+0705.0,19900201,20250823
949290-99999,BOMBALA AWS,AS,-37.000,+149.233,+0762.0,19900201,20250824
949300-99999,MT NOWA NOWA,AS,-37.700,+148.083,+0350.0,19980301,20250824
949330-99999,GABO ISLAND LIGHTHOUSE,AS,-37.567,+149.900,+0015.0,19561231,20250824
949340-99999,GREEN CAPE AWS,AS,-37.250,+150.050,+0020.0,19920801,20250824
949350-99999,MALLACOOTA,AS,-37.600,+149.733,+0022.0,19941001,20250824
949370-99999,MORUYA HEADS PILOT STATION,AS,-35.917,+150.150,+0017.0,19561231,20250824
949380-99999,ULLADULLA AWS,AS,-35.350,+150.483,+0037.0,19901201,20250824
949390-99999,MONTAGUE ISLAND LIGHHOUSE,AS,-36.250,+150.217,+0054.0,19611231,20250824
949410-99999,BATEMANS BAY (CATALINA COUNTRY CLUB),AS,-35.733,+150.183,+0011.0,19920501,20250820
949430-99999,NERRIGA AWS,AS,-35.117,+150.083,+0625.6,20050101,20250824
949490-99999,HOGAN ISLAND,AS,-39.217,+146.983,+0117.0,19920301,20250824
949500-99999,MARRAWAH,AS,-40.917,+144.700,+0108.0,19810101,20250823
949510-99999,DUNALLEY (STROUD POINT),AS,-42.900,+147.783,+0012.7,19611231,20250824
949530-99999,SMITHTON AERODROME,AS,-40.833,+145.083,+0009.0,19730101,20250824
949540-99999,CAPE GRIM BAPS,AS,-40.667,+144.683,+0092.0,19880601,20250805
949550-99999,SHEFFIELD SCHOOL FARM,AS,-41.383,+146.317,+0295.0,19900401,20250824
949560-99999,STRAHAN AERODROME,AS,-42.150,+145.283,+0022.0,19760918,20250824
949570-99999,OUSE FIRE STATION,AS,-42.483,+146.717,+0091.0,19900201,20250824
949590-99999,BUTLERS GORGE,AS,-42.283,+146.283,+0667.0,19901102,20250824
949600-99999,TUNNAK FIRE STATION,AS,-42.450,+147.467,+0462.0,19900201,20250824
949610-99999,DOVER,AS,-43.317,+147.017,+0016.0,19900401,20250823
949620-99999,MAATSUYKER ISLAND LIGHTHOUSE,AS,-43.650,+146.267,+0148.0,19561231,20250824
949640-99999,BUSHY PARK (BUSHY PARK ESTATES),AS,-42.717,+146.900,+0027.0,19900201,20250824
949680-99999,LAUNCESTON,AS,-41.545,+147.214,+0171.3,19390331,20250824
949690-99999,LAUNCESTON (TI TREE BEND),AS,-41.417,+147.117,+0005.0,19900201,20250824
949700-99999,HOBART (ELLERSLIE ROAD),AS,-42.883,+147.333,+0051.0,19440101,20250824
949720-99999,SCOTTSDALE ( WEST MINSTONE ROAD),AS,-41.167,+147.483,+0198.0,19710302,20250824
949740-99999,CAPE SORELL,AS,-42.199,+145.170,+0019.3,19480504,20250824
949750-99999,HOBART,AS,-42.836,+147.510,+0004.0,19580531,20250824
949760-99999,LAKE ST. CLAIR (NATIONAL PARK),AS,-42.117,+146.167,+0750.0,19561231,20250130
949770-99999,HARTZ MOUNTAINS,AS,-43.200,+146.767,+0830.0,19900201,20250824
949800-99999,FLINDERS ISLAND AIRPORT,AS,-40.100,+148.000,+0010.0,19611231,20250824
949810-99999,SWANSEA (FRANCIS ST),AS,-42.133,+148.067,+0011.0,19561231,20250822
949830-99999,LARAPUNA (EDDYSTONE POINT),AS,-41.000,+148.350,+0021.0,19601231,20250824
949850-99999,ROSS (THE BOULEVARDS),AS,-42.033,+147.500,+0186.0,19720531,20250823
949870-99999,FRIENDLY BEACHES,AS,-42.000,+148.283,+0056.0,19980301,20250824
949880-99999,DENNES POINT,AS,-43.067,+147.350,+0006.5,20140508,20250824
949950-99999,LORD HOWE ISLAND AERO,AS,-31.542,+159.079,+0007.0,19471231,20250824
949960-99999,NORFOLK ISLAND INTL,NF,-29.042,+167.939,+0113.1,19471201,20250824
949980-99999,MACQUARIE ISLAND,AS,-54.499,+158.937,+0008.3,19730101,20250824
951010-99999,TRUSCOTT,AS,-14.083,+126.383,+0052.0,20040824,20250824
951110-99999,PORT KEATS AIRPORT,AS,-14.250,+129.533,+0029.0,20010915,20250824
951210-99999,MIDDLE POINT AWS,AS,-12.600,+131.300,+0015.0,20030330,20250824
951420-99999,MANINGRIDA AERO,AS,-12.050,+134.233,+0029.0,20040608,20250824
951460-99999,NGAYAWILI,AS,-12.000,+135.567,+0009.0,20010915,20250824
952050-99999,DERBY AERO,AS,-17.367,+123.667,+0007.0,19970101,20250824
952140-99999,WYNDHAM AERO,AS,-15.500,+128.150,+0004.0,20010815,20250824
952830-99999,COOKTOWN AIRPORT,AS,-15.450,+145.183,+0006.0,20010915,20250824
952840-99999,WALKAMIN DPI,AS,-17.133,+145.433,+0594.0,20010915,20250823
952860-99999,MAREEBA AIRPORT AWS,AS,-17.067,+145.433,+0473.0,20010915,20250824
952880-99999,BOUGAINVILLE REEF,AS,-15.500,+147.117,+0013.0,19930101,20250824
952910-99999,INGHAM COMPOSITE,AS,-18.650,+146.183,+0012.0,19970101,20250325
952920-99999,SOUTH JOHNSTONE EXP STN,AS,-17.600,+146.000,+0019.0,20010715,20250824
952930-99999,WOOLSHED,AS,-19.417,+146.533,+0559.0,20010915,20250824
952950-99999,AYR DPI RESEARCH STN,AS,-19.617,+147.383,+0012.0,19970101,20250824
952960-99999,AYR ALVA BEACH,AS,-19.450,+147.483,+0008.0,19980301,20250824
953030-99999,VARANUS ISLAND,AS,-20.650,+115.567,+0024.0,20010915,20250824
953040-99999,BARROW ISLAND AIRPORT,AS,-20.883,+115.400,+0007.0,20010915,20250824
953050-99999,ONSLOW AIRPORT,AS,-21.667,+115.117,+0011.0,20010915,20250824
953070-99999,KARRATHA AERO,AS,-20.717,+116.767,+0006.0,19941001,20250824
953170-99999,MARBLE BAR,AS,-21.183,+119.750,+0183.0,20010915,20250824
953220-99999,RABBIT FLAT,AS,-20.183,+130.017,+0339.0,20010915,20250824
953230-99999,ARLTUNGA,AS,-23.467,+134.683,+0664.0,20010915,20241219
953510-99999,BLACKALL AIRPORT,AS,-24.417,+145.433,+0282.0,20030330,20250824
953620-99999,SPRINGSURE DAME ST,AS,-24.117,+148.083,+0345.0,19920801,20250823
953690-99999,ST LAWRENCE,AS,-22.350,+149.517,+0010.0,20041123,20250824
953700-99999,WILLIAMSON,AS,-22.470,+150.180,+0028.0,20050722,20250824
954020-99999,SHARK BAY AIRPORT,AS,-25.900,+113.583,+0034.0,20010915,20250823
954480-99999,LEINSTER AERO,AS,-27.850,+120.700,+0498.0,19941001,20250824
954580-99999,COOBER PEDY AIRPORT,AS,-29.033,+134.717,+0226.0,19970101,20250824
954800-99999,MARREE AERO,AS,-29.667,+138.067,+0051.0,20010709,20250824
954810-99999,MOOMBA AIRPORT,AS,-28.100,+140.200,+0038.0,19960201,20250824
954820-99999,BIRDSVILLE,AS,-25.898,+139.348,+0047.9,20010915,20250824
954850-99999,TIBOOBURRA,AS,-29.451,+142.058,+0178.0,20010915,20250824
954870-99999,BALLERA GAS FIELD,AS,-27.417,+141.817,+0115.0,20030330,20250824
954920-99999,THARGOMINDAH,AS,-27.986,+143.811,+0132.0,20010705,20250824
955120-99999,BREWARRINA HOSPITAL,AS,-29.950,+146.850,+0115.0,19650101,20250823
955200-99999,COLLARENBRI (ALBERT STREET),AS,-29.550,+148.583,+0145.0,19660102,20240831
955270-99999,MOREE AERO,AS,-29.491,+149.846,+0218.5,19950701,20250824
955290-99999,MILES CONSTANCE STREET,AS,-26.650,+150.183,+0305.0,20010705,20250824
955330-99999,TEXAS POST OFFICE,AS,-28.850,+151.167,+0297.0,19921201,20250823
955430-99999,GAYNDAH AIRPORT,AS,-25.617,+151.617,+0112.0,20030330,20250824
955510-99999,TOOWOOMBA AIRPORT,AS,-27.550,+151.917,+0642.0,19980301,20250824
955650-99999,HERVEY BAY AIRPORT,AS,-25.317,+152.883,+0015.0,20010915,20250824
955660-99999,BEERBURRUM FOREST STATION,AS,-26.950,+152.967,+0036.0,20010701,20250824
955700-99999,GRAFTON AIRPORT,AS,-29.750,+153.033,+0026.0,20070228,20250824
955710-99999,GRAFTON RESEARCH STN,AS,-29.617,+152.967,+0026.0,20030330,20250824
955720-99999,NAMBOUR DPI-HILLSIDE,AS,-26.650,+152.933,+0033.0,19650103,20250824
955750-99999,BEAUDESERT DRUMLEY ST,AS,-27.967,+152.983,+0048.0,20080429,20250824
955810-99999,LONGAN CITY WATER TREATMENT,AS,-27.700,+153.200,+0010.0,19970101,20250820
955910-99999,REDCLIFFE,AS,-27.217,+153.100,+0013.0,19900201,20250824
956020-99999,BUSSELTON JETTY,AS,-33.633,+115.333,+0003.0,20010701,20250824
956030-99999,KELLERBERRIN,AS,-31.617,+117.717,+0250.0,20030331,20250819
956070-99999,GARDEN ISLAND HSF,AS,-32.233,+115.683,+0006.0,19851128,20250824
956100-99999,KALAMUNDA BICKLEY,AS,-32.017,+116.133,+0385.0,19910601,20250824
956110-99999,BUSSELTON AERO,AS,-33.683,+115.400,+0017.0,19900206,20250824
956120-99999,GINGIN AERO,AS,-31.467,+115.867,+0075.0,19980301,20250824
956130-99999,PEMBERTON,AS,-34.450,+116.033,+0175.0,19570101,20240902
956140-99999,KARNET,AS,-32.433,+116.067,+0286.0,19730101,20250824
956150-99999,BEVERLEY,AS,-32.100,+116.917,+0199.0,20010916,20250824
956160-99999,PINGELLY,AS,-32.533,+117.083,+0297.0,20010916,20250824
956170-99999,SHANNON,AS,-34.583,+116.350,+0191.0,19980301,20250824
956180-99999,WAGIN,AS,-33.300,+117.333,+0256.0,19900206,20250822
956200-99999,INNER DOLPHIN PYLON,AS,-31.983,+115.833,-0999.9,20210207,20250824
956210-99999,COLLIE EAST,AS,-33.367,+116.167,+0200.0,20030211,20250824
956220-99999,DONNYBROOK,AS,-33.567,+115.817,+0063.0,20010916,20250822
956230-99999,JARRAHWOOD,AS,-33.800,+115.650,+0130.0,20030330,20250824
956240-99999,MERREDIN,AS,-31.467,+118.267,+0315.0,19660101,20250824
956250-99999,CUNDERDIN AIRFIELD,AS,-31.617,+117.217,+0217.0,19980301,20250824
956270-99999,HYDEN COMPOSITE,AS,-32.450,+118.900,+0299.0,19900206,20250824
956280-99999,ONGERUP,AS,-33.950,+118.483,+0288.0,19720101,20250822
956290-99999,DALWALLINU,AS,-30.283,+116.667,+0326.0,19980301,20250824
956310-99999,GOOMALLING,AS,-31.300,+116.833,+0239.0,20030331,20250822
956320-99999,BRIDGETOWN,AS,-33.950,+116.133,+0179.0,20010818,20250824
956340-99999,SOUTHERN CROSS AIRFIELD,AS,-31.233,+119.350,+0348.0,19980301,20250824
956350-99999,HOPETOWN NORTH,AS,-33.933,+120.133,+0027.0,19980301,20250824
956360-99999,JACUP,AS,-33.883,+119.100,+0306.0,19941001,20250824
956370-99999,LAKE GRACE,AS,-33.100,+118.467,+0286.0,20010915,20250824
956380-99999,ESPERANCE AERO,AS,-33.683,+121.833,+0144.0,19910501,20250824
956390-99999,SALMON GUMS RES. STN,AS,-32.983,+121.617,+0249.0,20010701,20250824
956400-99999,WANDERING,AS,-32.667,+116.667,+0275.0,20010701,20250824
956410-99999,WITCHCLIFFE,AS,-34.033,+115.100,+0081.0,20010915,20250824
956420-99999,NORSEMAN AERO,AS,-32.217,+121.750,+0263.0,20010814,20250824
956440-99999,MUNGLINUP WEST,AS,-33.550,+120.700,+0220.0,20030330,20250824
956450-99999,CAIGUNA ASA,AS,-32.265,+125.489,+0110.0,19750429,20250824
956460-99999,FORREST,AS,-30.833,+128.117,+0160.0,19930501,20250824
956470-99999,NORTH WALPOLE,AS,-34.950,+116.717,+0074.0,20040706,20250824
956540-99999,WUDINNA AERO,AU,-33.050,+135.450,+0087.0,20010901,20250824
956580-99999,OLYMPIC DAM AERODROME,AS,-30.483,+136.883,+0100.0,20010915,20250824
956590-99999,MINLATON AERO,AS,-34.750,+137.517,+0032.0,19920801,20250824
956600-99999,ANDAMOOKA,AS,-30.450,+137.167,+0076.0,19900201,20250821
956620-99999,MINNIPA DPI,AS,-32.850,+135.150,+0166.0,19980301,20250824
956630-99999,CUMMINS AERO,AU,-34.250,+135.717,+0058.0,20071016,20250824
956640-99999,WHYALLA,AS,-33.059,+137.514,+0012.5,19920801,20250824
956660-99999,PORT AUGUSTA ARID LANDS,AS,-32.517,+137.717,+0014.0,19970101,20250824
956670-99999,CLARE HIGH SCHOOL,AS,-33.817,+138.600,+0396.0,19941001,20250824
956680-99999,GLUEPOT,AS,-33.767,+140.117,+0055.0,20010915,20250823
956690-99999,PRICE,AS,-34.300,+138.000,+0007.0,20010916,20250821
956700-99999,RAYVILLE PARK,AU,-33.783,+138.217,+0109.0,20010914,20250824
956710-99999,ROSEWORTHY AG COLLEGE,AS,-34.517,+138.683,+0065.0,20010701,20250824
956750-99999,BLACK POLE,AS,-34.733,+138.467,+0008.0,20020102,20250824
956760-99999,EDINBURGH,AS,-34.703,+138.621,+0020.4,19721117,20250824
956770-99999,ADELAIDE PARAFIELD,AS,-34.793,+138.633,+0017.4,19390331,20250824
956780-99999,MOUNT LOFTY,AS,-34.967,+138.700,+0730.0,19860108,20250824
956790-99999,MOUNT TERRIBLE RADAR,AS,-35.333,+138.500,+0386.0,20200806,20250824
956870-99999,RENMARK AERO,AS,-34.200,+140.683,+0032.0,19960201,20250824
956920-99999,POONCARIE MAIL AGENCY,AS,-33.383,+142.567,+0053.0,20030330,20250614
956950-99999,WILCANNIA AERODROME AWS,AS,-31.517,+143.383,+0095.0,20010915,20250824
956970-99999,IVANHOE AERODROME AWS,AS,-32.883,+144.317,+0100.0,20010915,20250824
956990-99999,WHITE CLIFFS AWS,AS,-30.850,+143.070,+0158.0,20050722,20250824
957040-99999,GRIFFITH AIRPORT AWS,AS,-34.250,+146.067,+0135.0,19700821,20250824
957050-99999,YANCO AGRICULTURAL INSTITUTE,AS,-34.617,+146.433,+0164.0,20010824,20250824
957060-99999,NARRANDERA,AS,-34.702,+146.512,+0144.5,19691231,20250824
957070-99999,LAKE CARGELLIGO AIRPORT,AS,-33.283,+146.367,+0169.0,19820630,20250820
957080-99999,CONDOBOLIN AIRPORT,AS,-33.067,+147.217,+0194.0,19941001,20250824
957090-99999,WEST WYALONG AIRPORT AWS,AS,-33.933,+147.200,+0258.0,20010915,20250824
957100-99999,TRANGIE RESEARCH STATION,AS,-31.983,+147.950,+0216.0,20010915,20250824
957150-99999,WALGETT AIRPORT,AS,-30.033,+148.117,+0134.0,19941001,20250824
957160-99999,GOULBURN AIRPORT AWS,AS,-34.817,+149.733,+0641.0,19900201,20250824
957170-99999,PARKES AIRPORT,AS,-33.133,+148.233,+0324.0,19691231,20250824
957180-99999,COONAMBLE AIRPORT,AS,-30.983,+148.383,+0182.0,20010915,20250824
957190-99999,DUBBO AIRPORT AWS,AS,-32.217,+148.567,+0285.0,19970101,20250824
957210-99999,COWRA AIRPORT AWS,AS,-33.850,+148.650,+0297.0,20040824,20250824
957220-99999,TEMORA AIRPORT,AS,-34.433,+147.517,+0281.0,19750705,20250824
957250-99999,ORANGE AGRICULTURAL INSTITUTE,AS,-33.317,+149.083,+0922.0,20030330,20250821
957260-99999,ORANGE AIRPORT,AS,-33.383,+149.133,+0948.0,19980301,20250824
957270-99999,DUNEDOO,AS,-32.017,+149.383,+0388.0,19900202,20250728
957280-99999,COONABARABRAN AIRPORT AWS,AS,-31.317,+149.267,+0646.0,20030330,20250824
957340-99999,NARRABRI AIRPORT AWS,AS,-30.317,+149.817,+0230.0,20030330,20250824
957400-99999,GUNNEDAH AIRPORT AWS,AS,-30.950,+150.250,+0263.0,20030330,20250824
957460-99999,QUIRINDI,AS,-31.500,+150.667,+0390.0,19900202,20250821
957470-99999,MURRURUNDI GAP AWS,AS,-31.733,+150.800,+0730.0,20040608,20250824
957480-99999,WOLLONGONG AIRPORT,AS,-34.567,+150.783,+0008.0,20010915,20250824
957490-99999,KIAMA (BOMBO HEADLAND),AS,-34.650,+150.850,+0016.0,20040510,20250824
957520-99999,WATTAMOLLA AWS,AS,-34.133,+151.117,+0044.0,20101007,20250824
957530-99999,RICHMOND RAAF,AS,-33.600,+150.783,+0020.0,19970301,20250824
957540-99999,MERRIWA (ROSCOMMON),AS,-32.183,+150.167,+0376.0,20071016,20250824
957560-99999,KURNELL AWS,AS,-34.000,+151.200,+0004.0,20101012,20250824
957580-99999,SCONE AIRPORT,AS,-32.033,+150.833,+0223.0,19900201,20250824
957610-99999,HOLSWORTHY AERODROME AWS,AS,-33.983,+150.950,+0068.8,20200721,20250824
957650-99999,SYDNEY OLYMPIC PARK AWS (ARCHERY CENTRE),AS,-33.833,+151.067,+0004.0,19960201,20250824
957670-99999,LAKE MACQUARIE AWS,AS,-33.083,+151.467,+0006.0,20080801,20250824
957680-99999,NORTH HEAD,AS,-33.817,+151.300,+0090.0,19900201,20250824
957700-99999,NORAH HEAD LIGHTHOUSE,AS,-33.267,+151.567,+0020.0,19950315,20250824
957710-99999,CESSNOCK AIRPORT,AS,-32.783,+151.333,+0062.0,19970101,20250824
957720-99999,LOSTOCK DAM SITE,AS,-32.333,+151.450,+0200.0,20010916,20250819
957730-99999,ARMIDALE AIRPORT AWS,AS,-30.533,+151.617,+1081.0,19970101,20250824
957740-99999,MANGROVE MOUNTAIN AWS,AS,-33.283,+151.217,+0305.0,19970101,20250824
957840-99999,TAREE AIRPORT AWS,AS,-31.883,+152.517,+0009.0,20010915,20250824
958050-99999,CAPE BORDA AWS,AU,-35.750,+136.600,+0158.0,19750706,20250824
958060-99999,STENHOUSE BAY,AU,-35.283,+136.933,+0044.0,19980301,20250824
958070-99999,KINGSTONE AERO,AU,-35.717,+137.517,+0006.0,19970101,20250824
958110-99999,ENCOUNTER BAY,AS,-35.550,+138.600,+0008.0,20030401,20250823
958120-99999,MURRAY BRIDGE,AS,-35.117,+139.267,+0033.0,19900201,20250823
958130-99999,KAROONDA,AS,-35.083,+139.883,+0072.0,20030401,20250823
958140-99999,MENINGIE,AS,-35.700,+139.333,+0003.0,19900201,20250820
958150-99999,MUNKORA,AU,-36.100,+140.317,+0028.0,20030401,20250824
958160-99999,ROBE AIRFIELD,AS,-37.183,+139.800,+0004.0,20040608,20250824
958180-99999,PALLAMANA AERODROME,AS,-35.067,+139.233,+0046.0,20070228,20250824
958220-99999,DARTMOOR,AS,-37.917,+141.267,+0051.0,20090801,20250824
958230-99999,PADTHAWAY SOUTH,AU,-36.650,+140.517,+0035.0,20030401,20250824
958250-99999,CASTERTON,AS,-37.583,+141.333,+0131.0,20050719,20250824
958270-99999,KANAGULK,AS,-37.117,+141.800,+0189.0,20040824,20250703
958310-99999,WALPEUP RESEARCH,AU,-35.117,+142.000,+0105.0,20010915,20250824
958320-99999,EDENHOPE AIRPORT,AS,-37.017,+141.267,+0155.0,20050719,20250824
958330-99999,KYABRAM (INST SUSTAINABLE AG),AS,-36.333,+145.067,+0104.0,19980302,20250824
958350-99999,LONGERENONG,AS,-36.667,+142.300,+0133.0,19980301,20250824
958360-99999,TATURA INST SUSTAINABLE AG,AS,-36.433,+145.267,+0114.0,20010701,20250824
958370-99999,RUTHERGLEN RESEARCH,AS,-36.100,+146.500,+0175.0,19980301,20250824
958380-99999,EDI UPPER VINEYARD,AS,-36.733,+146.467,+0365.0,19980301,20250816
958390-99999,HORSHAM AERODROME,AS,-36.667,+142.167,+0134.0,20010810,20250824
958400-99999,WESTMERE,AS,-37.700,+142.933,+0227.0,20070228,20250824
958430-99999,STRATHBOGIE,AS,-36.850,+145.733,+0502.0,20010921,20250823
958450-99999,MT GELLIBRAND,AU,-38.233,+143.783,+0262.0,20010918,20250824
958530-99999,CASTLEMAINE PRISON,AS,-37.067,+144.233,+0330.0,19900201,20250823
958640-99999,ST KILDA HARBOUR (RMYS),AS,-37.867,+144.967,+0006.0,20110506,20250824
958660-99999,ESSENDON AIRPORT,AS,-37.733,+144.900,+0079.0,19390331,20250824
958670-99999,SCORESBY RESEARCH INSTITUTE,AS,-37.867,+145.250,+0080.0,19980301,20250824
958690-99999,DENILIQUIN AIRPORT AWS,AS,-35.567,+144.950,+0095.0,20010918,20250824
958720-99999,FAWKNER BEACON,AS,-37.950,+144.933,+0017.0,20010701,20250824
958740-99999,VIEWBANK (ARPNSA),AS,-37.733,+145.100,+0066.0,20010715,20250824
958810-99999,WONTHAGGI,AS,-38.600,+145.583,+0042.0,19820805,20250821
958900-99999,YARRAM AIRPORT,AS,-38.567,+146.750,+0018.0,20080429,20250824
958950-99999,COROWA AIRPORT,AS,-35.983,+146.350,+0143.0,20010918,20250816
958960-99999,ALBURY AEROPORT,AS,-36.067,+146.950,+0165.0,19941001,20250824
959010-99999,MT BAW BAW,AS,-37.833,+146.267,+1520.0,20010701,20250824
959040-99999,LAKES ENTRANCE,AS,-37.867,+148.000,+0043.0,19650831,20250823
959080-99999,THREDBO,AS,-36.500,+148.300,+1380.0,19940510,20250823
959090-99999,THREDBO AWS,AS,-36.500,+148.283,+1368.0,19900701,20250824
959130-99999,MT MOORNAPA,AS,-37.750,+147.133,+0480.0,19941001,20250824
959160-99999,CABRAMURRA SMHEA,AS,-35.933,+148.383,+1483.0,19980301,20250824
959180-99999,ORBOST,AS,-37.683,+148.467,+0063.0,20030401,20250824
959250-99999,MOUNT GININI,AS,-35.533,+148.767,+1760.0,20040921,20250824
959290-99999,MERIMBULA AIRPORT,AS,-36.917,+149.900,+0002.0,20010918,20250824
959310-99999,BEGA AWS,AS,-36.667,+149.817,+0042.0,19920801,20250824
959350-99999,NAROOMA RVCP,AS,-36.217,+150.133,+0025.0,19930501,20250822
959360-99999,MELBOURNE (OLYMPIC PARK),AS,-37.833,+144.983,+0007.5,19661231,20250824
959370-99999,MORUYA AIRPORT,AS,-35.900,+150.150,+0004.0,20010918,20250824
959400-99999,PT PERPENDICULAR AWS,AS,-35.083,+150.800,+0084.0,20030401,20250824
959520-99999,MOUNT READ,AS,-41.850,+145.533,+1120.0,19980301,20250824
959540-99999,CAPE GRIM,AS,-40.667,+144.683,+0561.0,19900201,20250824
959560-99999,LUNCHERON HILL FORESTRY,AS,-41.150,+145.150,+0340.0,19901210,20250824
959570-99999,WYNYARD AIRPORT,AS,-41.000,+145.733,+0012.0,19910103,20250824
959580-99999,SCOTTS PEAK DAM,AS,-43.050,+146.267,+0408.0,20010701,20250824
959590-99999,LIAWENEE AWS,AS,-41.900,+146.667,+1056.0,20030401,20250824
959600-99999,DEVONPORT AIRPORT,AS,-41.167,+146.417,+0010.0,19910101,20250824
959610-99999,LOW ROCKY POINT (AWS),AS,-42.983,+145.500,+0035.0,19921001,20250824
959620-99999,WARRA,AS,-43.067,+146.700,+0495.0,20041123,20250824
959640-99999,LOW HEAD,AS,-41.050,+146.783,+0004.0,20010918,20250824
959660-99999,LAUNCESTON AIRPORT,AS,-41.550,+147.217,+0168.0,20040824,20250824
959670-99999,CAPE BRUNY (CAPE BRUNY),AS,-43.483,+147.150,+0060.0,20010918,20250824
959700-99999,TARRALEAH VILLAGE,AS,-42.300,+146.450,+0585.0,19900401,20250824
959720-99999,CAMPANIA (KINKORA),AS,-42.683,+147.417,+0045.0,19900201,20250824
959740-99999,FINGAL (LEGGE STREET),AS,-41.633,+147.967,+0237.0,19900201,20250725
959770-99999,GROVE (RESEARCH STATION),AS,-42.983,+147.067,+0065.0,20040824,20250824
959790-99999,MT WELLINGTON,AS,-42.900,+147.233,+1260.5,19900501,20250824
959810-99999,ST HELENS AERODROME,AS,-41.333,+148.267,+0049.0,20010918,20250824
959850-99999,SWAN ISLAND AWS,AS,-40.717,+148.117,+0015.0,20030401,20250824
959860-99999,TASMAN ISLAND,AS,-43.233,+148.000,+0241.0,20030401,20250824
959880-99999,MARIA ISLAND (POINT LESUEUR),AS,-42.667,+148.017,+0028.0,20040824,20250824
959890-99999,BICHENO (COUNCIL DEPOT),AS,-41.867,+148.300,+0011.0,19650101,20250530
959950-99999,LORD HOWE ISLAND WINDY POINT,AS,-31.533,+159.067,+0004.0,20120920,20250824
960010-99999,MAIMUN SALEH,ID,+05.874,+095.340,+0113.0,19490101,20250307
960011-99999,SRI AMAN / SIMANGGAN,MY,+01.217,+111.450,+0011.0,20040706,20250824
960090-99999,MALIKUS SALEH,ID,+05.227,+096.950,+0027.4,19770901,20250824
960110-99999,SULTAN ISKANDAR MUDA,ID,+05.524,+095.420,+0019.8,19600201,20250824
960150-99999,MEULABOH/CUT NYAK / CUT NYAK DHIEN NAGAN RAYA,ID,+04.041,+096.253,+0002.0,19810201,20250307
960330-99999,MEDAN/BELAWAN,ID,+03.800,+098.700,+0003.0,19840501,20250307
960350-99999,POLONIA / KUALANAMU INTL,ID,+03.638,+098.871,+0007.0,19460201,20250824
960730-99999,PINANG SORE / DR FERDINAND LUMBANTOBING,ID,+01.556,+098.889,+0013.1,19530101,20250824
960750-99999,BINAKA,ID,+01.166,+097.705,+0006.1,19790601,20250307
960870-99999,BATAM/HANG NADIM,ID,+01.117,+104.117,+0024.0,19860103,20250307
960910-99999,KIJANG,ID,+00.923,+104.532,+0018.0,19570630,20250824
961090-99999,SULTAN SYARIF KASIM II,ID,+00.461,+101.445,+0031.1,19560103,20250824
961450-99999,TAREMPA,ID,+03.200,+106.250,+0003.0,19510101,20250824
961470-99999,RANAI,ID,+03.909,+108.388,+0002.1,19730109,20250824
961710-99999,RENGAT/JAPURA ARPT,ID,-00.350,+102.333,+0018.6,19570630,20250824
961790-99999,DABO,ID,-00.479,+104.579,+0030.0,19570630,20250824
961950-99999,SULTAN THAHA,ID,-01.638,+103.644,+0025.0,19511113,20250824
962070-99999,KERINCI/DEPATI PARB,ID,-02.767,+101.367,+0782.0,19801001,20250307
962210-99999,SULTAN MAHMUD BADARUDDIN II,ID,-02.898,+104.701,+0014.9,19480201,20250824
962370-99999,PANGKALPINANG / DEPATI AMIR,ID,-02.170,+106.130,+0034.0,19520901,20250824
962490-99999,H AS HANANDJOEDDIN,ID,-02.746,+107.755,+0051.0,19490106,20250824
962530-99999,FATMAWATI SOEKARNO,ID,-03.864,+102.339,+0015.2,19570630,20250824
962950-99999,RADIN INTEN II,ID,-05.247,+105.183,+0083.0,19730101,20250824
963150-99999,BRUNEI INTL,BX,+04.944,+114.928,+0022.3,19810101,20250824
964130-99999,KUCHING INTL,MY,+01.485,+110.347,+0027.1,19490112,20250824
964210-99999,SIBU,MY,+02.262,+111.985,+0037.2,19610831,20250824
964410-99999,BINTULU,MY,+03.124,+113.020,+0022.6,19490108,20250824
964490-99999,MIRI,MY,+04.322,+113.987,+0018.0,19490111,20250824
964650-99999,LABUAN,MY,+05.301,+115.250,+0030.8,19490329,20250824
964710-99999,KOTA KINABALU INTL,MY,+05.937,+116.051,+0003.0,19490120,20250824
964770-99999,KUDAT,MY,+06.917,+116.833,+0005.0,19890614,20250824
964810-99999,TAWAU,MY,+04.313,+118.122,+0017.4,19790702,20250824
964910-99999,SANDAKAN,MY,+05.901,+118.059,+0014.0,19490112,20250824
965050-99999,LONGBAWAN/JUVAI,ID,+03.733,+115.683,+0550.0,19821001,20241029
965090-99999,TARAKAN/JUWATA,ID,+03.333,+117.567,+0006.0,19480101,20250824
965250-99999,TANJUNG SELOR,ID,+02.850,+117.333,+0050.0,19881001,20250307
965290-99999,KALIMARAU,ID,+02.150,+117.433,+0017.4,19950801,20250307
965350-99999,PALOH,ID,+01.767,+109.300,+0015.0,19830401,20250307
965570-99999,NANGAPINOH,ID,-00.350,+111.783,+0037.0,19821101,20250307
965590-99999,SUSILO / TEBELIAN,ID,+00.064,+111.473,+0029.9,19510101,20250307
965650-99999,PUTUSSIBAU/PAGSUMA,ID,+00.883,+112.933,+0000.0,19990314,20250307
965810-99999,SUPADIO,ID,-00.151,+109.404,+0003.0,19480101,20250824
965950-99999,MUARATEWE/BERINGIN,ID,-00.950,+114.900,+0060.0,19510101,20250307
966070-99999,TEMINDUNG,ID,-00.485,+117.157,+0010.0,19790601,20250307
966150-99999,RAHADI OESMAN,ID,-01.817,+109.963,+0014.0,19801001,20250307
966330-99999,SULTAN AJI MUHAMMAD SULAIMAN SEPINGGAN,ID,-01.268,+116.894,+0003.7,19471101,20250824
966450-99999,ISKANDAR,ID,-02.705,+111.673,+0025.0,19520101,20250824
966550-99999,PALANGKA RAYA/TJILIK RIWUT,ID,-02.233,+113.950,+0027.0,19771001,20250824
966850-99999,SYAMSUDIN NOOR,ID,-03.442,+114.763,+0020.1,19490103,20250824
966950-99999,KOTABARU/SETAGEN,ID,-03.400,+116.217,+0018.0,19460801,20250307
967370-99999,SERANG,ID,-06.117,+106.133,+0040.0,19420101,20250307
967390-99999,TANGERANG/BUDIARTO ARPT,ID,-06.300,+106.567,+0046.0,19521101,20250307
967410-99999,JAKARTA/TANJUNG PRIOK,ID,-06.100,+106.867,+0002.0,19730104,20250307
967450-99999,JAKARTA/OBSERVATORY,ID,-06.183,+106.833,+0008.0,19420101,20250307
967490-99999,SOEKARNO HATTA INTL,ID,-06.126,+106.656,+0010.4,19850402,20250824
967495-99999,HALIM PERDANAKUSUMA INTL,ID,-06.267,+106.891,+0025.6,20050105,20250824
967510-99999,BOGOR/CITEKO,ID,-06.700,+106.933,-0999.9,19930401,20250307
967810-99999,HUSEIN SASTRANEGARA,ID,-06.901,+107.576,+0740.0,19500403,20250307
967910-99999,CIREBON/JATIWANGI,ID,-06.750,+108.267,+0050.0,19420101,20250307
967970-99999,TEGAL,ID,-06.850,+109.150,+0010.0,19510101,20250307
968050-99999,CILACAP,ID,-07.733,+109.017,+0006.0,19510301,20250824
968370-99999,SEMARANG,ID,-06.967,+110.417,+0003.0,19760302,20250307
968390-99999,JENDERAL AHMAD YANI,ID,-06.983,+110.383,+0004.0,19490101,20250824
969250-99999,SANGKAPURA (BAWEAN IS.),ID,-05.850,+112.633,+0003.0,19530101,20250307
969330-99999,SURABAYA/PERAK,ID,-07.217,+112.717,+0003.0,19490101,20250824
969350-99999,SURABAYA JUANDA,ID,-07.380,+112.787,+0003.0,19640909,20250824
969355-99999,JUANDA,ID,-07.380,+112.787,+0002.7,20050228,20250824
969370-99999,SURABAYA/GEDANGAN,ID,-07.217,+113.717,+0003.0,19801001,20250307
969730-99999,KALIANGET (MADURA IS),ID,-07.050,+113.967,+0003.0,19750918,20250307
969870-99999,BANYUWANGI,ID,-08.217,+114.383,+0005.0,19560101,20250307
969950-99999,CHRISTMAS ISLAND,KT,-10.451,+105.690,+0279.2,19521001,20250824
969960-99999,COCOS KEELING ISLANDS,CC,-12.188,+096.834,+0003.0,19490103,20250824
970080-99999,NAHA,ID,+03.683,+125.528,+0004.9,19460601,20250307
970140-99999,SAM RATULANGI,ID,+01.549,+124.926,+0080.5,19471001,20250824
970160-99999,BITUNG,ID,+01.433,+125.183,+0003.0,19790601,20250307
970280-99999,TOLI-TOLI/LALOS / BOLAANG MONGONDOW,ID,+01.017,+120.800,+0002.0,19490301,20250824
970480-99999,JALALUDDIN / DJALALUDDIN,ID,+00.637,+122.850,+0032.0,19510101,20250824
970720-99999,PALU/MUTIARA,ID,-00.683,+119.733,+0006.0,19460601,20250824
970860-99999,BUBUNG,ID,-01.039,+122.772,+0017.1,19460701,20250824
970960-99999,KASIGUNCU / IMIP,ID,-01.417,+120.658,+0053.0,19490301,20250824
971200-99999,MAJENE,ID,-02.500,+119.000,+0008.0,19830701,20250824
971260-99999,MASAMBA/ANDI JEMMA,ID,-02.550,+120.367,+0050.0,19830701,20250307
971420-99999,KOLAKA/POMALA,ID,-04.300,+121.533,+0003.0,20010816,20250307
971460-99999,WOLTER MONGINSIDI,ID,-04.082,+122.417,+0051.0,19461101,20250307
971800-99999,SULTAN HASANUDDIN INTL,ID,-05.062,+119.554,+0014.3,19470201,20250824
971820-99999,UJANG PANDANG/PAOTERE,ID,-05.110,+119.420,+0001.8,19840901,20250307
971920-99999,BAU-BAU/BETO AMBIRI,ID,-05.467,+122.617,+0002.0,19800501,20250824
971925-99999,BALI INTL / I GUSTI NGURAH RAI,ID,-08.748,+115.167,+0004.3,20050104,20250824
972300-99999,DENPASAR NGURAH RAI,ID,-08.749,+115.167,+0001.0,19490101,20250824
972400-99999,MATARAM-LOMBOK INTL AIRPORT / ZAINUDDIN ABDUL MADJID,ID,-08.750,+116.267,+0096.0,19621004,20250804
972600-99999,SUMBAWA BESAR,ID,-08.489,+117.412,+0005.0,19620201,20250824
972700-99999,MUHAMMAD SALAHUDDIN,ID,-08.540,+118.687,+0022.0,19820101,20250824
972840-99999,RUTENG/SATAR TACIK,ID,-08.633,+120.450,+1170.0,20011108,20250307
973000-99999,WAI OTI,ID,-08.641,+122.237,+0003.0,19750701,20250824
973100-99999,LARANTUKA/GEWAYENTA,ID,-08.267,+122.967,+0009.0,19830502,20250307
973200-99999,ALOR/MALI/KALABAHI,ID,-08.217,+124.567,+0012.0,19460101,20250307
973400-99999,MAU HAU,ID,-09.669,+120.302,+0012.0,19470101,20250824
973720-99999,EL TARI,ID,-10.172,+123.671,+0105.0,19461101,20250824
973725-99999,EL TARI,ID,-10.172,+123.671,+0102.1,20080713,20250824
973780-99999,ROTE/BAA/LEKUNIK,ID,-10.733,+123.067,+0001.0,19460601,20250307
973800-99999,SABU/TARDAMU,ID,-10.500,+121.833,+0026.0,19801001,20250307
974060-99999,GALELA/GAMARMALAMU,ID,+01.817,+127.833,+0008.0,19830502,20250307
974300-99999,BABULLAH,ID,+00.831,+127.381,+0014.9,19510101,20250824
974600-99999,LABUHA/TALIABU,ID,-01.617,+124.550,+0003.0,19510101,20250824
975020-99999,JEFMAN / DOMINE EDUARD OSOK,ID,-00.926,+131.121,+0003.0,19570630,20250824
975300-99999,RENDANI,ID,-00.892,+134.049,+0007.0,19570630,20250824
975600-99999,FRANS KAISIEPO,ID,-01.190,+136.108,+0014.0,19441104,20250824
975700-99999,SERUI / YENDOSA / STEVANUS RUMBEWAS,ID,-01.828,+136.062,+0023.0,19770521,20250209
975800-99999,SARMI/ORAI,ID,-01.833,+138.717,+0003.0,19440517,20250307
976000-99999,SANANA / NAMNIWEL,ID,-03.143,+126.977,+0002.0,19510101,20250307
976300-99999,FAK-FAK / TOREA / SIBORU,ID,-02.883,+132.250,+0130.0,19570630,20250307
976820-99999,NABIRE / DOUW ATURURE,ID,-03.398,+135.397,+0007.0,19741202,20250307
976860-99999,WAMENA,ID,-04.103,+138.957,+1549.9,19570630,20250307
976900-99999,SENTANI,ID,-02.577,+140.516,+0088.1,19440531,20250824
976980-99999,JAYAPURA/DOK II,ID,-02.367,+140.717,+0003.0,19781102,20250307
977000-99999,NAMLEA/BURU ISLAND,ID,-03.250,+127.083,+0020.0,19830701,20250307
977220-99999,AMAHAI,ID,-03.350,+128.883,+0010.0,19801001,20250307
977240-99999,PATTIMURA,ID,-03.710,+128.089,+0010.1,19490101,20250824
977480-99999,GESER,ID,-03.800,+130.833,+0003.0,19830201,20250418
977600-99999,KAIMANA / UTAROM,ID,-03.645,+133.696,+0005.8,19570630,20250824
977800-99999,ENAROTALI,ID,-03.917,+136.367,+1770.0,19570702,20250307
977900-99999,NEIRA,ID,-04.533,+129.900,+0004.0,19860501,20250307
977960-99999,KOKONAO/TIMUKA,ID,-04.717,+136.433,+0003.0,19570701,20250824
978100-99999,TUAL/DUMATUBUN,ID,-05.683,+132.750,+0012.0,19570630,20250824
978760-99999,TANAH MERAH,ID,-06.100,+140.300,+0016.0,19440424,20250816
979000-99999,SAUMLAKI,ID,-07.983,+131.300,+0024.0,19540401,20250824
979800-99999,MOPAH,ID,-08.520,+140.418,+0003.0,19421121,20250824
981320-99999,ITBAYAT,RP,+20.800,+121.850,+0124.0,19730101,20250824
981330-99999,CALAYAN,RP,+19.267,+121.467,+0013.0,19490826,20250824
981340-99999,BASCO RADAR,RP,+20.433,+121.967,+0167.0,20020201,20250824
982220-99999,VIGAN,RP,+17.555,+120.356,+0004.9,19490101,20250824
982230-99999,LAOAG INTL,RP,+18.178,+120.532,+0007.6,19450331,20250824
982320-99999,APARRI,RP,+18.367,+121.633,+0003.0,19450804,20250824
982330-99999,TUGUEGARAO,RP,+17.638,+121.731,+0021.3,19490101,20250824
983240-99999,IBA/LUZON ISLAND,RP,+15.333,+119.967,+0005.0,19490104,20250824
983250-99999,DAGUPAN,RP,+16.083,+120.350,+0002.0,19450119,20250824
983260-99999,BASA AB,RP,+14.983,+120.483,+0046.0,19450419,20250415
983270-99999,CLARK INTL / DIOSDADO MACAPAGAL INTL,PH,+15.186,+120.560,+0147.5,19450214,20250824
983280-99999,BAGUIO,RP,+16.375,+120.620,+1295.7,19490101,20250824
983340-99999,BALER RADAR,RP,+15.750,+121.633,+0178.0,19950402,20250824
983360-99999,CASIGURAN,RP,+16.267,+122.133,+0004.0,19490101,20250824
984260-41231,SUBIC BAY WEATHER,RP,+14.800,+120.267,+0019.0,19450209,20250824
984270-99999,TAYABAS,RP,+14.017,+121.600,+0158.0,19730101,20250824
984280-99999,SANGLEY POINT AB,RP,+14.495,+120.904,+0002.4,20000101,20250824
984290-99999,NINOY AQUINO INTL,RP,+14.509,+121.020,+0022.9,19450331,20250824
984300-99999,SCIENCE GARDEN,RP,+14.650,+121.050,+0046.0,19450228,20250824
984310-99999,CALAPAN/MINDORO ISL,RP,+13.417,+121.183,+0041.0,19490112,20250824
984320-99999,AMBULONG,RP,+14.083,+121.050,+0011.0,19490205,20250824
984330-99999,TANAY,RP,+14.583,+121.367,+0651.0,19490101,20250824
984340-99999,INFANTA,RP,+14.750,+121.650,+0007.0,19490101,20250824
984350-99999,ALABAT,RP,+14.100,+122.017,+0005.0,19730113,20250824
984400-99999,DAET,RP,+14.129,+122.980,+0003.0,19740201,20250824
984440-99999,LEGAZPI,RP,+13.157,+123.746,+0020.1,19450503,20250824
984460-99999,VIRAC,RP,+13.576,+124.206,+0036.9,19490102,20250824
985260-99999,CORON,RP,+12.217,+120.200,+0060.0,19490121,20250824
985310-99999,SAN JOSE,RP,+12.362,+121.047,+0004.3,19450717,20250824
985360-99999,ROMBLON,RP,+12.583,+122.283,+0047.0,19490101,20250824
985370-99999,KALIBO/AKLAN,RP,+11.683,+122.383,+0006.0,20151022,20250824
985380-99999,ROXAS,RP,+11.598,+122.752,+0003.0,19490126,20250824
985430-99999,MASBATE,RP,+12.369,+123.629,+0007.9,19490104,20250824
985460-99999,CATARMAN,RP,+12.502,+124.636,+0001.8,19490101,20250824
985480-99999,CATBALOGAN,RP,+11.783,+124.883,+0005.0,19730101,20250824
985500-99999,DANIEL Z ROMUALDEZ,RP,+11.228,+125.028,+0003.0,19441022,20241124
985530-99999,BORONGAN,RP,+11.667,+125.450,+0003.0,19590101,20250824
985580-99999,GUIUAN,RP,+11.036,+125.742,+0002.1,19740103,20250824
986180-99999,PUERTO PRINCESA,RP,+09.742,+118.759,+0021.6,19450331,20250824
986300-99999,CUYO,RP,+10.850,+121.000,+0004.0,19490106,20250824
986370-99999,ILOILO,PH,+10.833,+122.493,+0047.0,19450602,20250502
986420-99999,DUMAGUETE,RP,+09.334,+123.300,+0004.6,19490101,20250824
986440-99999,TAGBILARAN,RP,+09.664,+123.853,+0011.6,19730101,20250824
986460-99999,MACTAN CEBU INTL,RP,+10.308,+123.979,+0009.4,19650731,20250824
986480-99999,MAASIN,RP,+10.133,+124.867,+0072.0,19730727,20250824
986530-99999,SURIGAO,RP,+09.783,+125.483,+0055.0,19490102,20250824
987410-99999,DIPOLOG,RP,+08.601,+123.334,+0003.7,19590101,20250824
987460-99999,COTOBATO,RP,+07.167,+124.217,+0062.0,19490101,20250824
987510-99999,MALAYBALAY,RP,+08.150,+125.133,+0627.0,19490101,20250824
987520-99999,BUTUAN,RP,+08.950,+125.483,+0046.0,19810101,20250824
987530-99999,FRANCISCO BANGOY INTL,RP,+07.126,+125.646,+0029.3,19740601,20250824
987550-99999,HINATUAN,RP,+08.367,+126.333,+0003.0,19491001,20250824
988360-99999,ZAMBOANGA INTL,RP,+06.922,+122.060,+0010.1,19450312,20250824
988510-41231,CUBI POINT NAVAL AIR STATION,RP,+14.800,+120.267,+0018.3,20050101,20250824
990900-99999,FORMER MIKE,,+66.000,+002.000,+0000.0,20160202,20240913
993711-99999,SEWELLS POINT  VA,US,+36.943,-076.329,+0004.0,20080101,20250824
994007-99999,HONOLULU,US,+21.300,-157.870,+0003.0,20080101,20250824
994008-99999,FRED HOWARD PARK,US,+28.120,-082.800,+0006.0,20080101,20241103
994010-99999,SOUTHWEST PASS  LA,US,+28.905,-089.428,+0013.0,19420901,20250723
994011-99999,ASTORIA,US,+46.208,-123.767,+0002.0,20080101,20250824
994012-99999,CRESCENT CITY,US,+41.745,-124.183,+0004.8,20080101,20250824
994013-99999,CHEERY POINT,US,+48.863,-122.758,+0005.0,20080101,20250824
994015-99999,FRIDAY HARBOR,US,+48.547,-123.010,+0002.0,20080101,20250824
994016-99999,SAN FRANCISCO,US,+37.807,-122.465,+0002.0,20080101,20250824
994017-99999,NORTH SPIT,US,+40.767,-124.217,+0008.0,20080101,20250824
994018-99999,LA JOLLA,US,+32.867,-117.257,+0011.0,20080101,20250824
994021-99999,NEAH BAY,US,+48.368,-124.617,+0005.0,20080101,20250824
994022-99999,POINT REYES,US,+37.990,-122.975,+0002.0,20080101,20250824
994023-99999,PORT SAN LUIS,US,+35.177,-120.760,+0002.0,20080101,20250824
994024-99999,PORT ANGELES,US,+48.125,-123.440,+0005.0,20080101,20250824
994025-99999,PORT TOWNSEND,US,+48.112,-122.758,+0005.0,20080101,20250824
994026-99999,SOUTH BEACH,US,+44.625,-124.043,+0002.0,20080101,20250824
994027-99999,SAN DIEGO,US,+32.713,-117.173,+0002.0,20080101,20250824
994028-99999,SANTA MONICA PIER,US,+34.008,-118.500,+0008.0,20080101,20250824
994029-99999,TOKE POINT,US,+46.708,-123.965,+0005.0,20080101,20250824
994031-99999,PORT ORFORD,US,+42.740,-124.497,+0008.0,20080101,20250824
994032-99999,CHARLESTON,US,+43.345,-124.322,+0002.0,20080101,20250824
994033-99999,ALAMEDA,US,+37.772,-122.298,+0002.0,20080101,20250824
994034-99999,PORT CHICAGO,US,+38.057,-122.038,+0002.0,20080101,20250824
994036-99999,RICHMOND,US,+37.928,-122.400,+0005.6,20080101,20250824
994041-99999,REDWOOD CITY,US,+37.507,-122.200,+0006.0,20080101,20250824
994042-99999,CHARLOTTE AMALIE,VQ,+18.330,-064.920,+0005.0,20080101,20250824
994043-99999,SAN JUAN,RQ,+18.470,-066.120,+0005.0,20080101,20250824
994044-99999,ARENA COVE,US,+38.915,-123.711,+0009.0,20080101,20250824
994045-99999,APPALACHICOLA,US,+29.730,-084.980,+0002.0,20080313,20250824
994046-99999,NANTUCKET ISLAND,US,+41.280,-070.100,+0000.0,20080101,20250824
994047-99999,PENSACOLA,US,+30.400,-087.220,+0003.0,20080101,20250824
994048-99999,TACOMA,US,+47.267,-122.413,+0005.0,20080101,20250824
994050-99999,LAKE WORTH  FL,US,+26.613,-080.034,+0007.0,19850501,20250824
994060-99999,MT DESERT ROCK  ME,US,+43.969,-068.128,+0017.0,19850121,20250824
994061-99999,CHEYBOGAN GLOS WEATHER STATION,US,+45.651,-084.472,+0177.7,20100407,20250824
994063-99999,PRESQUE ISLE LIGHT GLOS WEATHER STATION,US,+45.356,-083.492,+0184.4,20100325,20250824
994064-99999,STURGEON POINT LIGHT GLOS WEATHER STATION,US,+44.713,-083.273,+0184.4,20100325,20250824
994065-99999,TAWAS CITY GLOS WEATHER STATION,US,+44.254,-083.449,+0185.0,20100325,20250721
994066-99999,WHITEFISH POINT GLOS WEATHER STATION,US,+46.762,-084.966,+0185.9,20100325,20250824
994070-99999,DESTRUCTION IS.  WA,US,+47.675,-124.485,+0039.0,19850501,20250824
994080-99999,FIVE FINGER  AK,US,+57.272,-133.630,+0021.0,19850501,20250824
994081-99999,EAST AMATULI STATION LIGHT  AK,US,+58.920,-151.950,+0033.2,20040713,20250824
994082-99999,APK - ARIPEKA  FL,US,+28.433,-082.667,+0007.0,20040713,20250824
994084-99999,PILOT ROCK  AK,US,+59.740,-149.470,+0024.0,20040713,20250824
994086-99999,SHP - SHELL POINT  FL,US,+30.058,-084.291,+0005.0,20040713,20240916
994090-99999,PASSAGE ISLAND  MI,US,+48.223,-088.366,+0230.0,19850528,20250824
994110-99999,PORT ARANSAS  TX,US,+27.826,-097.051,+0006.0,19850501,20250824
994130-99999,ROCK OF AGES  MI,US,+47.867,-089.315,+0223.0,19850402,20250824
994140-99999,BUZZARDS BAY  MA,US,+41.397,-071.033,+0017.0,19850712,20250824
994160-99999,CAPE LOOKOUT  NC,US,+34.622,-076.525,+0011.0,19850120,20250824
994180-99999,SMITH ISLAND  WA,US,+48.321,-122.831,+0020.0,19850411,20250824
994190-99999,DEVILS ISLAND  WI,US,+47.079,-090.728,+0211.0,19850501,20250824
994200-99999,STANNARD ROCK  MI,US,+47.184,-087.225,+0211.0,19850501,20250824
994220-99999,VENICE  FL,US,+27.070,-082.450,+0000.0,19850622,20241010
994250-99999,DUNKIRK  NY,US,+42.494,-079.354,+0197.0,19850501,20250824
994260-99999,SABINE  TX,US,+29.670,-094.050,+0000.9,19850501,20240607
994270-99999,ISLE OF SHOALS  NH,US,+42.967,-070.623,+0019.0,19850501,20250824
994280-99999,NEWPORT  OR,US,+44.610,-124.070,+0009.1,19850501,20250824
994330-99999,SHEBOYGAN  WI,US,+43.749,-087.693,+0189.0,19850501,20250824
994340-99999,SOUTH BASS ISLAND  OH,US,+41.630,-082.840,+0176.8,19850501,20250824
994350-99999,WEST POINT  WA,US,+47.662,-122.436,+0009.0,19850501,20250824
994370-99999,MATINICUS ROCK  ME,US,+43.780,-068.860,+0016.2,19850302,20250824
994390-99999,SETTLEMENT POINT  GBI,US,+26.700,-079.000,+0001.5,19851203,20250824
994400-99999,THOMAS POINT  MD,US,+38.899,-076.436,+0012.0,19851205,20250824
994410-99999,ST. AUGUSTINE  FL,US,+29.857,-081.264,+0009.0,19870122,20250824
994450-99999,SOMBRERO KEY  FL,US,+24.628,-081.109,+0006.0,19880929,20250824
994570-99999,SAND KEY  FL,US,+24.456,-081.877,+0014.0,19941007,20250824
994620-99999,LONG KEY  FL,US,+24.844,-080.864,+0005.0,20020219,20250824
994660-99999,POTATO POINT,US,+61.060,-146.700,+0007.0,20020219,20250824
994670-99999,MIDDLE ROCK LIGHT,US,+61.082,-146.662,+0011.0,20020219,20250824
994680-99999,BLIGH REEF LIGHT,US,+60.839,-146.884,+0017.0,20020219,20250824
994700-99999,AUGUSTINE ISLAND,US,+59.380,-153.350,+0009.1,20020703,20250824
994710-99999,068: BAFFIN BAY; POINT OF ROCKS  TX,US,+27.300,-097.420,+0004.0,20040608,20250824
994720-99999,FLAT ISLAND LIGHT,US,+59.332,-151.995,+0019.9,20040608,20250824
994750-99999,NEW LONDON LEDGE - LEDGE LIGHT WEATHER S,US,+41.310,-072.080,+0020.0,20040608,20240612
994790-99999,MATAGORDA BAY; PORT O'CONNOR,US,+28.450,-096.400,+0009.0,20040608,20250824
994800-99999,RINCON DEL SAN JOSE; POTRERO LOPENO,US,+26.800,-097.470,+0000.0,20040608,20250824
994820-99999,TYNDALL AFB TOWER C (N4)  FL,US,+29.408,-084.858,+0020.0,20040608,20241102
994951-99999,SEBASTIAN INLET STATE PARK,US,+27.862,-080.445,+0010.0,20130401,20250824
994971-99999,BOSTON,US,+42.355,-071.050,+0006.0,20080101,20250824
994973-99999,N PIER  DEATHS DOOR,US,+45.280,-086.980,+0188.0,20080207,20250824
994975-99999,BEAUFORT  NC,US,+34.717,-076.671,+0003.0,20080101,20250824
994977-99999,GRAND ISLE,US,+29.265,-089.958,+0004.0,20080111,20250824
994979-99999,GRAVELLY SHOALS,US,+44.020,-083.530,+0204.0,20080101,20250824
997077-99999,SUNSET BEACH NEARSHORE WAVES,US,+33.842,-078.476,+0003.0,20120404,20250824
997079-99999,THUNDER BAY ISLAND,US,+45.035,-083.194,+0175.9,20121015,20250824
997171-99999,SITKA,US,+57.052,-135.342,+0001.0,20121106,20250824
997172-99999,LAMESHUR BAY ST JOHN,VQ,+18.318,-064.724,+0001.0,20121106,20250824
997173-99999,KAWAIHAE,US,+20.037,-155.829,+0001.0,20121106,20250824
997174-99999,CHARLESTON,US,+32.782,-079.925,+0003.9,20121106,20250824
997176-99999,HOMER SPIT,US,+59.602,-151.417,+0015.0,20121126,20250824
997177-99999,ICY BAY,US,+59.923,-141.359,+0015.0,20121126,20250824
997178-99999,MARMION ISLAND,US,+58.198,-134.257,+0003.0,20121126,20250824
997179-99999,MARY ISLAND,US,+55.099,-131.182,+0004.0,20121126,20250824
997254-99999,9063020 - BUFFALO  NY,US,+42.880,-078.890,+0178.3,20041122,20250824
997255-99999,9087044 - CALUMET  IL,US,+41.730,-087.540,+0179.4,20041122,20250824
997257-99999,9075099 - DE TOUR VILLAGE  MI,US,+45.990,-083.900,+0179.6,20041122,20250824
997258-99999,9014098 - FORT GRATIOT  MI,US,+43.010,-082.420,+0180.1,20041122,20250824
997259-99999,9099090 - GRAND MARAIS  MN,US,+47.750,-090.340,+0186.2,20041122,20250824
997260-99999,9075014 - HARBOR BEACH  MI,US,+43.850,-082.640,+0179.2,20041122,20250824
997261-99999,9087023 - LUDINGTON  MI,US,+43.950,-086.440,+0179.4,20041122,20250824
997262-99999,9099018 - MARQUETTE C.G.  MI,US,+46.550,-087.380,+0187.5,20041122,20250824
997264-99999,9052030 - OSWEGO  NY,US,+43.460,-076.510,+0078.0,20041122,20250824
997265-99999,9099004 - POINT IROQUOIS  MI,US,+46.490,-084.630,+0186.1,20041122,20250824
997266-99999,9076024 - ROCK CUT  MI,US,+46.270,-084.190,+0179.6,20041122,20250824
997268-99999,9076070 - S.W. PIER  MI,US,+46.500,-084.370,+0185.7,20041122,20250824
997270-99999,ATLANTIC CITY,US,+39.350,-074.420,+0010.0,20080101,20250824
997271-99999,THE BATTERY,US,+40.701,-074.014,+0004.0,20080117,20250824
997273-99999,BORDEN FLATS LIGHT,US,+41.700,-071.170,+0010.0,20080101,20250824
997274-99999,WOODS HOLE,US,+41.524,-070.671,+0004.0,20080101,20250824
997275-99999,PORTLAND,US,+43.656,-070.246,+0005.0,20080101,20250824
997277-99999,CONIMUCUT LIGHT,US,+41.720,-071.330,+0010.0,20080101,20250824
997278-99999,PROVIDENCE,US,+41.807,-071.401,+0004.0,20080101,20250824
997279-99999,FALL RIVER,US,+41.704,-071.164,+0004.0,20080101,20250824
997280-99999,KINGS POINT,US,+40.811,-073.765,+0005.0,20080101,20250824
997281-99999,LEWES,US,+38.780,-075.120,+0010.0,20080101,20250824
997282-99999,MONTAUK,US,+41.048,-071.959,+0003.0,20080101,20250824
997284-99999,NEW HAVEN,US,+41.283,-072.908,+0005.0,20080101,20250824
997285-99999,NEWPORT,US,+41.504,-071.326,+0003.0,20080101,20250824
997286-99999,PHILADELPHIA,US,+39.933,-075.142,+0005.0,20080101,20250824
997287-99999,EASTPORT,US,+44.900,-066.980,+0010.0,20080101,20250824
997288-99999,QUONSET POINT,US,+41.586,-071.407,+0003.0,20080102,20250824
997289-99999,SANDY HOOK,US,+40.467,-074.009,+0002.0,20080101,20250824
997290-99999,BRIDGEPORT,US,+41.174,-073.181,+0004.0,20080101,20250824
997292-99999,LA JOLLA,US,+32.870,-117.250,+0020.0,20080101,20250824
997293-99999,MARBLEHEAD,US,+41.544,-082.731,+0178.0,20080101,20250824
997294-99999,POTTER COVE - PRUDENCE ISLAND,US,+41.637,-071.339,+0003.0,20080101,20250824
997295-99999,TOLEDO,US,+41.694,-083.473,+0178.0,20080101,20250824
997296-99999,BALTIMORE  MD,US,+39.267,-076.579,+0003.0,20080101,20250824
997297-99999,CAMBRIDGE  MD,US,+38.570,-076.070,+0006.0,20080101,20250824
997300-99999,CHEASAPEAKE CITY,US,+39.527,-075.810,+0003.0,20080101,20250824
997301-99999,FT PALASKI,US,+32.030,-080.900,+0006.0,20080101,20250824
997302-99999,FRANCIS SCOTT KEY BR,US,+39.220,-076.520,+0010.0,20080101,20250824
997304-99999,LEWISETTA  VA,US,+37.995,-076.465,+0003.0,20080101,20250824
997305-99999,MONEY POINT  VA,US,+36.778,-076.302,+0004.0,20080101,20250824
997306-99999,SPRINGMAID PIER,US,+33.650,-078.920,+0010.0,20080124,20250824
997307-99999,OREGON INLET MARINA,US,+35.796,-075.548,+0004.0,20080101,20250824
997308-99999,RAPPAHANNOCK LGT,US,+37.538,-076.014,+0005.0,20080101,20250824
997309-99999,SOLOMONS ISLAND,US,+38.320,-076.450,+0010.0,20080101,20250824
997312-99999,TOLCHESTER BEACH,US,+39.213,-076.244,+0005.0,20080101,20250824
997313-99999,WACHAPREAGUE,US,+37.608,-075.686,+0004.0,20080101,20250824
997314-99999,WASHINGTON,US,+38.873,-077.021,+0003.0,20080101,20250824
997315-99999,YORKTOWN  VA,US,+37.220,-076.480,+0010.0,20080101,20250824
997337-99999,CALCASIEU PASS,US,+29.768,-093.343,+0011.0,20080101,20250824
997338-99999,CHICAGO,US,+42.000,-087.500,+0202.0,20080101,20250824
997339-99999,MICHIGAN CITY,US,+41.730,-086.930,+0197.0,20080102,20250824
997340-99999,KENOSHA,US,+42.580,-087.800,+0196.0,20080101,20250512
997341-99999,MUSKEGON,US,+43.230,-086.330,+0185.0,20080101,20250824
997342-99999,MILWAUKEE,US,+43.050,-087.880,+0188.0,20080327,20250824
997343-99999,SOUTH HAVEN,US,+42.400,-086.280,+0193.0,20080101,20250824
997344-99999,TOLEDO LIGHT 2,US,+41.820,-083.180,+0188.0,20080101,20250824
997345-99999,CLEARWATER BEACH,US,+27.978,-082.832,+0005.0,20080101,20250824
997346-99999,FT MYERS,US,+26.650,-081.870,+0006.0,20080101,20250824
997347-99999,FERNANDINA BEACH,US,+30.670,-081.470,+0007.0,20080101,20250824
997348-99999,KEY WEST,US,+24.550,-081.800,+0007.0,20080101,20250824
997349-99999,LIME TREE BAY,VQ,+17.700,-064.750,+0010.0,20080101,20250824
997350-99999,MAGUESYES ISLANDS,RQ,+17.970,-067.050,+0005.0,20080101,20250824
997352-99999,PANAMA CITY BEACH,US,+30.220,-085.880,+0010.0,20080101,20250824
997353-99999,ST PETERSBURG,US,+27.761,-082.627,+0005.0,20080101,20250824
997354-99999,TRIDENT PIER,US,+28.420,-080.580,+0010.0,20080101,20250824
997355-99999,VIRGINIA KEY,US,+25.731,-080.162,+0005.0,20100101,20250824
997356-99999,VACA KEY,US,+24.711,-081.107,+0004.0,20080101,20250824
997358-99999,MAYPORT,US,+30.398,-081.428,+0007.0,20080101,20250824
997359-99999,ALPENA,US,+45.067,-083.417,+0179.0,20080324,20250824
997360-99999,BAYOU GAUCHE,US,+29.770,-090.420,+0010.0,20080101,20250824
997361-99999,EAGLE POINT,US,+29.480,-094.920,+0010.0,20080101,20250824
997364-99999,GALVESTON PIER 21,US,+29.300,-094.780,+0000.0,20080101,20250824
997369-99999,PORT ISABEL,US,+26.061,-097.215,+0004.0,20080101,20250824
997370-99999,MORGANS POINT,US,+29.680,-094.980,+0010.0,20080101,20250824
997371-99999,KIPTOPEKE,US,+37.170,-075.980,+0007.0,20080101,20250824
997372-99999,REEDY POINT,US,+39.558,-075.572,+0005.0,20080101,20250824
997379-99999,SAND ISLAND MIDWAY,US,+28.215,-177.361,+0004.0,20080101,20250824
997380-99999,ADAK ISLAND,US,+51.870,-176.630,+0007.0,20080101,20250824
997381-99999,ANCHORAGE,US,+61.238,-149.890,+0009.0,20080101,20250824
997382-99999,NIKISKI AK,US,+60.680,-151.400,+0008.0,20080101,20250824
997383-99999,NOME NORTON SOUND,US,+64.500,-165.420,+0008.0,20080101,20250824
997384-99999,MOLUOLOE,US,+20.900,-156.470,+0004.0,20080101,20250824
997385-99999,KWAJALEIN ISLAND,US,+08.730,+167.730,+0003.0,20080101,20250824
997386-99999,PRUDHOE BAY,US,+70.400,-148.520,+0005.0,20080101,20250824
997387-99999,WAKE ISLAND,WQ,+19.280,+166.620,+0005.0,20080101,20250824
997687-99999,BURLINGTON DEL RIVER,US,+40.082,-074.870,+0004.0,20080101,20250824
997688-99999,BISHOPS HEAD,US,+38.220,-076.030,+0003.0,20080101,20250824
997689-99999,BRANDYWINE SHOAL LGT,US,+38.987,-075.113,+0008.0,20080101,20250824
997691-99999,CAPE HENRY,US,+36.926,-076.007,+0014.0,20080101,20250824
997692-99999,CLEVELAND,US,+41.542,-081.637,+0178.0,20080101,20250824
997693-99999,S CRANEY ISLAND,US,+36.880,-076.330,+0003.0,20080101,20250824
997694-99999,DELAWARE CITY,US,+39.580,-075.580,+0008.0,20080101,20250824
997695-99999,JOHN MERCER PIER,US,+34.213,-077.786,+0009.0,20080101,20250824
997696-99999,LA PUSH,US,+47.920,-124.630,+0003.0,20080101,20250824
997697-99999,LITTLE RAPIDS,US,+46.480,-084.300,+0185.0,20080101,20250824
997698-99999,NEWBOLD,US,+40.137,-074.752,+0006.0,20080101,20250824
997699-99999,PAGO PAGO,AQ,-14.280,-170.700,+0003.0,20080101,20250824
997701-99999,PORT MANATEE,US,+27.630,-082.570,+0003.0,20080101,20250824
997702-99999,PINEY POINT,US,+38.130,-076.530,+0003.0,20080101,20250824
997703-99999,PILOT STATION EAST,US,+28.920,-089.400,+0003.0,20080101,20250824
997704-99999,RED DOG DOCK,US,+67.575,-164.067,+0016.0,20080101,20250824
997705-99999,OLD PORT TAMPA,US,+27.850,-082.550,+0009.0,20080101,20250824
997706-99999,GARIBALDI TILLAMOOK,US,+45.555,-123.919,+0008.0,20080101,20240623
997729-99999,GALVESTON BAY N JETY,US,+29.350,-094.720,+0003.0,20080101,20250824
997731-99999,GRAND TRAVERSE LIGHT,US,+45.200,-085.550,+0184.0,20080101,20250824
997732-99999,PORTAGE CANAL,US,+47.270,-088.530,+0198.0,20080101,20250824
997734-99999,TIBURON PIER,US,+37.920,-122.450,+0003.0,20080101,20250824
997735-99999,WAUKEGAN HARBOR,US,+42.350,-087.820,+0188.0,20080101,20250824
997736-99999,PORT WASHINGTON,US,+43.380,-087.870,+0180.0,20080101,20250703
997737-99999,SILVER BAY,US,+47.278,-091.270,+0197.0,20080102,20250824
997738-99999,SAXON HARBOR,US,+46.570,-090.430,+0186.0,20080102,20250103
997739-99999,GRAND MARAIS,US,+46.667,-085.967,+0191.0,20080101,20250824
997741-99999,KEWAUNEE,US,+44.450,-087.483,+0178.0,20080101,20250824
997743-99999,ROBBINS REEF,US,+40.650,-074.067,+0072.0,20080101,20250824
997779-99999,SHIP JOHN SHOAL,US,+39.300,-075.367,+0003.0,20080101,20250507
997781-99999,COVE POINT,US,+38.717,-076.650,+0002.0,20080101,20250824
997782-99999,DOMINION TERMINAL ASSOCIATION,US,+36.967,-076.417,+0002.0,20080101,20250824
997785-99999,MENOMINEE,US,+45.100,-087.583,+0178.0,20080101,20250824
997787-99999,BURNS HARBOR,US,+41.650,-087.150,+0182.0,20080101,20250824
997788-99999,CAPE DECISION,US,+56.000,-134.133,+0017.0,20080101,20250824
997789-99999,ELDRED ROCK,US,+58.967,-135.217,+0019.0,20080103,20250526
997792-99999,FAIRPORT,US,+45.617,-086.650,+0186.0,20080101,20250626
997793-99999,NAUBINWAY,US,+46.083,-085.433,+0180.0,20080101,20250824
997795-99999,ONTONAGON,US,+46.867,-089.333,+0186.0,20080101,20250824
997796-99999,POINT BISHOP,US,+58.200,-134.133,+0005.0,20080101,20250824
997797-99999,POINT RETREAT,US,+58.400,-134.950,+0032.0,20080101,20250824
997798-99999,SOUTH DOUGLAS,US,+58.267,-134.433,+0004.0,20080101,20250824
997799-99999,SISTERS ISLAND,US,+58.167,-135.250,+0051.0,20080129,20250706
997801-99999,LONGVIEW,US,+46.106,-122.954,+0009.0,20080101,20250824
997802-99999,BIG SABLE POINT,US,+44.050,-086.517,+0186.0,20080101,20250824
997803-99999,PORT WING,US,+46.783,-091.383,+0186.0,20080101,20250824
997804-99999,CAPE SPENCER,US,+58.200,-136.633,+0026.0,20080101,20250824
997848-99999,GARDEN BANKS 426 - AUGER,US,+27.550,-092.490,+0039.0,20080724,20250517
997982-99999,PORT INLAND,US,+45.967,-085.867,+0180.0,20080101,20250824
997988-99999,BIG BAY,US,+46.817,-087.717,+0185.0,20080101,20250824
997989-99999,OLCOTT HARBOR,US,+43.333,-078.717,+0083.0,20080101,20250824
997990-99999,ACE BASIN RESERVE,US,+32.550,-080.450,+0005.0,20080101,20250824
997991-99999,HUDSON RIVER RESERVE,US,+42.017,-073.917,+0012.0,20080101,20250824
997992-99999,APALACHICOLA RESERVE,US,+29.783,-084.883,+0005.0,20080101,20250824
997993-99999,GREAT BAY RESERVE,US,+43.050,-070.833,+0003.0,20080101,20250824
997994-99999,CHESAPEAKE BAY,US,+38.767,-076.700,+0003.0,20080101,20250627
997996-99999,ST CLAIR SHORES,US,+42.467,-082.867,+0180.0,20080101,20250824
997997-99999,ELKHORN SLOUGH RESERVE,US,+36.815,-121.738,+0017.0,20080101,20250824
997999-99999,GENEVA ON THE LAKE,US,+41.850,-080.967,+0186.0,20080101,20250824
998000-99999,GUANA TOLOMATO MATANZAS,US,+29.650,-081.217,+0004.0,20080101,20250824
998001-99999,HURON LIGHT,US,+41.400,-082.550,+0184.0,20080101,20250824
998002-99999,JACQUES COUSTEAU RESERVE,US,+39.535,-074.464,+0003.0,20080101,20250824
998003-99999,JOBOS BAY RESERVE,RQ,+17.950,-066.233,+0015.0,20080101,20250824
998004-99999,NARRAGANSETT BAY RESERVE,US,+41.633,-071.333,+0013.0,20080101,20250824
998005-99999,NORTH INLET-WINYAH BAY,US,+33.350,-079.183,+0004.0,20080101,20250824
998007-99999,PADILLA BAY RESERVE,US,+48.467,-122.467,+0003.0,20080101,20250824
998008-99999,ROOKERY BAY RESERVE,US,+26.050,-081.701,+0004.0,20080101,20250824
998009-99999,ROCHESTER,US,+43.250,-077.583,+0083.0,20080101,20250824
998010-99999,SAPELO ISLAND RESERVE,US,+31.417,-081.283,+0005.0,20080101,20250824
998011-99999,SAN FRANCISCO BAY RESERVE,US,+38.217,-122.017,+0003.0,20080101,20250824
998012-99999,ST JOSEPH,US,+42.100,-086.483,+0184.0,20080101,20250824
998013-99999,TIJUANA RIVER RESERVE,US,+32.575,-117.127,+0004.0,20080101,20250824
998014-99999,WAQUIOT BAY RESERVE,US,+41.583,-070.517,+0010.0,20080101,20250716
998015-99999,WELLS RESERVE,US,+43.333,-070.550,+0019.0,20080101,20250824
998016-99999,WEEKS BAY RESERVE,US,+30.421,-087.828,+0008.0,20080101,20250824
998017-99999,CHESAPEAKE BAY,US,+37.417,-076.717,+0011.0,20080101,20250824
998166-99999,CONNEAUT BREAKWATER,US,+41.983,-080.550,+0189.0,20080101,20250824
998167-99999,KACHEMAK BAY RESERVE,US,+59.600,-151.417,+0010.0,20080101,20250824
998168-99999,NIAGARA CG STATION,US,+43.262,-079.064,+0075.0,20080101,20250824
998169-99999,DELAWARE RESERVE,US,+39.083,-075.433,+0005.0,20080101,20250824
998171-99999,GRAND BAY RESERVE,US,+30.350,-088.417,+0005.0,20100101,20250824
998172-99999,LINCOLN ROCK,US,+56.058,-132.690,+0007.0,20100101,20250824
998173-99999,MOSS LANDING S HARBOR,US,+36.800,-121.783,+0022.0,20080101,20250824
998175-99999,CAL POLY PIER,US,+35.170,-120.741,+0004.0,20080130,20250824
998176-99999,SUPERIOR GRAND TRAVERSE BAY,US,+47.183,-088.233,+0191.0,20080115,20250824
998177-99999,LAKE MURRAY,US,+34.100,-081.267,+0109.0,20080116,20250824
998178-99999,BARTLET COVE,US,+58.450,-135.883,+0005.0,20080115,20250824
998179-99999,OLD WOMEN CREEK,US,+41.383,-082.500,+0182.0,20080115,20250824
998180-99999,PORT SANILAC,US,+43.417,-082.533,+0191.0,20080115,20240930
998182-99999,ROLLOVER PASS,US,+29.517,-094.500,+0010.0,20080115,20250824
998183-99999,SOUTH BIRD ISLAND,US,+27.480,-097.322,+0004.0,20080115,20250824
998184-99999,PORT ARANSAS,US,+27.833,-097.067,+0010.0,20100101,20250824
998185-99999,SEADRIFT,US,+28.400,-096.717,+0010.0,20080115,20250824
998191-99999,HILO,US,+19.717,-155.050,+0000.0,20080721,20250824
998192-99999,COAST GUARD SECTOR,US,+30.649,-088.058,+0003.0,20080721,20250824
998193-99999,MOKUOLOE,US,+21.433,-157.783,+0003.0,20080721,20250824
998194-99999,NEW CANAL,US,+30.017,-090.117,+0004.0,20080721,20250824
998195-99999,NAWILIWILI,US,+21.950,-159.350,+0000.0,20080721,20250824
998196-99999,MOBILE STATE DOCKS,US,+30.705,-088.040,+0008.0,20080721,20250824
998197-99999,OAKLAND MIDDLE HARBOR MET,US,+37.800,-122.317,+0007.0,20080721,20250824
998198-99999,SELDOVIA,US,+59.433,-151.717,+0000.0,20080721,20250824
998199-99999,PANAMA CITY,US,+30.150,-085.667,+0005.0,20080721,20250824
998201-99999,PASCAGOULA NOAA LAB,US,+30.350,-088.567,+0000.0,20080721,20250824
998203-99999,WEST NEEBISH,US,+46.283,-084.200,+0177.0,20080721,20250824
998204-99999,WESTPORT,US,+46.917,-124.117,+0008.0,20080721,20250824
998205-99999,STROM THURMOND DAM,US,+33.661,-082.199,+0116.0,20080811,20250824
998206-99999,ELFIN COVE,US,+58.183,-136.333,+0000.0,20080811,20250824
998208-99999,LAKE WATEREE,US,+34.333,-080.700,+0087.0,20080811,20250824
998209-99999,DUCK PIER,US,+36.183,-075.750,+0007.0,20100101,20250824
998211-99999,OCEAN CITY INLET,US,+38.317,-075.083,+0000.0,20080915,20250824
998213-99999,MIDDLE TAMPA BAY,US,+27.661,-082.594,+0005.0,20131207,20250824
998216-99999,CHAMBERS ISLAND,US,+45.200,-087.350,+0181.0,20080917,20250824
998217-99999,AMERADA PASS,US,+29.450,-091.333,+0005.0,20081022,20250824
998218-99999,SHELL BEACH,US,+29.867,-089.667,+0005.0,20081022,20250824
998219-99999,BAY WAVELAND YACHT CLUB,US,+30.317,-089.317,+0005.0,20081022,20250824
998221-99999,ALITAK,US,+56.898,-154.247,+0006.0,20081022,20250824
998223-99999,ALEXANDRIA BAY,US,+44.331,-075.934,+0078.0,20110916,20250824
998224-99999,ATKA,US,+52.232,-174.173,+0006.0,20081022,20250824
998225-99999,PORT ARTHUR,US,+29.867,-093.933,+0011.0,20081022,20250824
998226-99999,ROCKPORT,US,+28.017,-097.050,+0004.0,20081022,20250824
998227-99999,APRA HARBOR GUAM,GQ,+13.444,+144.657,+0003.3,20100101,20250824
998229-99999,CHRISTIANSTED HARBOR,VQ,+17.750,-064.700,+0003.0,20081114,20250824
998235-99999,NIAGRA INTAKE,US,+43.067,-079.017,+0179.0,20081114,20250824
998236-99999,PACKERY CHANNEL,US,+27.633,-097.233,+0011.0,20081114,20250824
998237-99999,PAGO BAY,GU,+13.428,+144.796,+0014.0,20081114,20250824
998238-99999,PETITS BOIS ISLAND,US,+30.217,-088.500,+0006.0,20081114,20250824
998242-99999,SAGINAW BAY LIGHT 1,US,+43.800,-083.717,+0188.0,20081114,20250824
998243-99999,SAND POINT,US,+55.333,-160.500,+0010.0,20100101,20250824
998244-99999,TPA CRUISE TERMINAL 2 TAMPA,US,+27.933,-082.433,+0015.0,20081114,20250824
998245-99999,WILLOUGHBY DEGUASSING STATION,US,+36.983,-076.317,+0003.0,20081114,20250824
998248-99999,MAYAGUEZ,RQ,+18.217,-067.150,+0003.0,20100101,20250824
998252-99999,BAR HARBOR,US,+44.400,-068.200,+0003.4,20100101,20250824
998254-99999,KING COVE,US,+55.067,-162.333,+0005.0,20100101,20250824
998255-99999,MACKINAW CITY,US,+45.783,-084.717,+0178.5,20100101,20250824
998256-99999,TACOMA MET,US,+47.276,-122.418,+0011.0,20100101,20250824
998258-99999,KETCHIKAN,US,+55.333,-131.625,+0003.0,20100101,20250824
998259-99999,SKAGWAY,US,+59.450,-135.327,+0008.0,20100101,20250824
998261-99999,JUNEAU,US,+58.298,-134.412,+0003.0,20100101,20250824
998263-99999,CULEBRA,RQ,+18.300,-065.300,+0003.1,20100101,20250824
998264-99999,LAKE CHARLES,US,+30.217,-093.217,+0008.1,20100101,20250824
998265-99999,MARCUS HOOK,US,+39.817,-075.417,+0003.0,20100101,20250824
998266-99999,STURGEON POINT,US,+42.691,-079.048,+0180.0,20100101,20250824
998268-99999,TENAKEE SPRINGS,US,+57.783,-135.217,+0005.0,20100315,20250824
998269-99999,EAST BAY CAUSEWAY,US,+27.933,-082.433,+0005.0,20100101,20250708
998271-99999,VALDEZ,US,+61.133,-146.367,+0003.0,20100101,20250824
998274-99999,BROAD RIVER,US,+25.483,-080.983,+0003.0,20100101,20250824
998275-99999,BOB ALLEN,US,+25.027,-080.681,+0003.0,20100101,20250824
998276-99999,BLACKWATER SOUND,US,+25.183,-080.433,+0003.0,20100101,20250824
998277-99999,CANE PATCH,US,+25.417,-080.950,+0003.0,20100101,20250824
998278-99999,CANNON BAY,US,+25.700,-081.183,+0003.0,20100101,20250824
998279-99999,DUCK KEY,US,+25.183,-080.483,+0003.0,20100101,20250824
998281-99999,FAIRPORT,US,+41.767,-081.283,+0176.0,20100101,20250824
998282-99999,FRESH WATER CANAL LOCKS,US,+29.550,-092.300,+0010.0,20100101,20250824
998283-99999,GARFIELD BRIGHT,US,+25.167,-080.800,+0003.0,20100101,20250824
998284-99999,HIGHWAY CREEK,US,+25.250,-080.450,+0003.0,20100101,20250824
998285-99999,JOHNSON KEY,US,+25.050,-080.900,+0003.0,20100101,20250824
998287-99999,LITTLE BLACKWATER,US,+25.217,-080.433,+0003.0,20100101,20250824
998288-99999,LITTLE MADEIRA,US,+25.167,-080.633,+0003.0,20100101,20250824
998289-99999,LOSTMANS RIVER,US,+25.550,-081.183,+0003.0,20100101,20250824
998291-99999,LITTLE RABBIT KEY,US,+24.983,-080.833,+0003.0,20100101,20250824
998292-99999,LONG SOUND,US,+25.233,-080.450,+0003.0,20100101,20250824
998293-99999,MURRAY KEY,US,+25.100,-080.950,+0003.0,20100101,20250824
998294-99999,PETERSON KEY,US,+24.917,-080.750,+0003.0,20100101,20250824
998295-99999,TROUT COVE,US,+25.217,-080.533,+0003.0,20100101,20250824
998296-99999,TARPON BAY EAST,US,+25.417,-080.967,+0003.0,20100101,20250824
998297-99999,TAYLOR RIVER,US,+25.217,-080.650,+0003.0,20100101,20250824
998299-99999,WHIPRAY BASIN,US,+25.083,-080.733,+0003.0,20100101,20250824
998300-99999,BUTTERNUT KEY,US,+25.087,-080.519,+0003.0,20100101,20250824
998301-99999,ESPERANZA,RQ,+18.094,-065.471,+0003.4,20100101,20250824
998302-99999,GUNBOAT ISLAND,US,+25.376,-081.029,+0003.0,20100101,20250824
998304-99999,MONA ISLAND,RQ,+18.090,-067.939,+0003.0,20100101,20250824
998306-99999,WILLY WILLY,US,+25.619,-081.044,+0003.0,20100101,20250824
998307-99999,WATSON PLACE,US,+25.708,-081.248,+0003.0,20100101,20250824
998339-99999,MOUTH OF BLACK RIVER,US,+42.975,-082.419,+0180.0,20100713,20250824
998340-99999,SANTA BARBARA,US,+34.408,-119.658,+0006.0,20100101,20250824
998341-99999,PORT ALEXANDER,US,+56.247,-134.647,+0007.0,20100101,20250824
998405-99999,MANISTEE HARBOR,US,+44.248,-086.346,+0179.5,20100101,20250824
998407-99999,HOLLAND,US,+42.768,-086.201,+0178.0,20100707,20250824
998409-99999,ANNAPOLIS,US,+38.983,-076.480,+0003.8,20100714,20250824
998425-99999,CORDOVA,US,+60.557,-145.755,+0006.6,20100729,20250824
998426-99999,HATTERAS,US,+35.209,-075.704,+0006.4,20100820,20250824
998427-99999,KODIAK ISLAND,US,+57.730,-152.514,+0006.7,20100729,20240817
998429-99999,NOKOLSKI,US,+52.940,-168.870,+0017.0,20100821,20250824
998430-99999,SEWARD,US,+60.120,-149.427,+0004.7,20100729,20250824
998431-99999,UNALASKA,US,+53.879,-166.540,+0005.7,20100729,20250824
998432-99999,YAKUTAT,US,+59.548,-139.733,+0013.6,20100729,20250824
998435-99999,OGDENSBURG,US,+44.702,-075.494,+0077.0,20101031,20250824
998436-99999,BARCELONA HARBOR,US,+42.346,-079.596,+0174.0,20110124,20250824
998438-99999,TESORO MARINE TERMINAL,US,+29.668,-091.237,+0009.0,20110322,20250824
998439-99999,CEDAR POINT,US,+30.308,-088.140,+0004.0,20110609,20250713
998442-99999,CUTLER FARRIS WHARF,US,+44.657,-067.210,+0005.3,20110613,20250824
998473-99999,LOUISIANA OFFSHORE OIL PORT,US,+28.885,-090.024,+0040.5,20110831,20250824
998474-99999,DAVIS POINT  SAN PABLO BAY,US,+38.057,-122.259,+0010.0,20110909,20250824
998475-99999,MARTINEZ-AMORCO,US,+38.033,-122.125,+0010.0,20110909,20250824
998476-99999,OAKLAND (BERTH 34),US,+37.811,-122.333,+0010.0,20110909,20250824
998477-99999,RICHMOND (POINT POTRERO),US,+37.906,-122.365,+0010.0,20110909,20250824
998478-99999,PITTSBURG (SUISUN BAY),US,+38.042,-121.887,+0010.0,20110909,20250824
998479-99999,SAN FRANCISCO (PIER 1),US,+37.798,-122.393,+0010.0,20110909,20250824
998481-99999,MANCHESTER,US,+29.726,-095.266,+0010.0,20111006,20250824
998482-99999,TEXAS STATE AQUARIUM,US,+27.812,-097.390,+0008.0,20111006,20250824
998483-99999,S PADRE ISLAND CGS,US,+26.077,-097.177,+0010.0,20111006,20250824
998485-99999,BON SECOUR,US,+30.329,-087.829,+0003.0,20111007,20250819
998486-99999,PILOT TOWN,US,+29.178,-089.258,+0010.0,20111024,20250824
998487-99999,PORT LAVACA,US,+28.640,-096.595,+0010.0,20111006,20250824
998490-99999,TEXAS POINT,US,+29.689,-093.842,+0011.4,20120114,20250824
998492-99999,ALGONAC,US,+42.621,-082.527,+0179.2,20120118,20250824
998493-99999,CLEAR WATER PASS,US,+25.297,-081.013,+0000.0,20120125,20250824
998494-99999,LANE RIVER,US,+25.284,-080.894,+0003.0,20120125,20250824
998495-99999,WHITE WATER - WEST,US,+25.230,-080.939,+0003.0,20120125,20250824
998496-99999,OAKLAND,US,+37.795,-122.288,+0004.0,20130101,20250824
998499-99999,NORTHERLY ISLAND,US,+41.856,-087.609,+0190.0,20120618,20250824
999999-00343,ST MARYS HOSPITAL,US,+44.017,-092.483,+0355.1,20140731,20250825
999999-00370,PINEY ISLAND,US,+35.020,-076.460,+0005.2,20140731,20250825
999999-00421,MADISONVILLE MUNICIPAL AIRPORT,US,+37.350,-087.400,+0124.4,20140731,20250825
999999-00423,DE QUINCY INDUSTRIAL AIRPARK,US,+30.441,-093.474,+0025.6,20140731,20250825
999999-00425,MIDDLEBURY STATE AIRPORT,US,+43.985,-073.095,+0149.1,20140731,20250825
999999-00440,CULLMAN REGIONAL AIRPORT FOLSOM FIELD,US,+34.269,-085.858,+0295.7,20140731,20250825
999999-00458,CLERMONT COUNTY AIRPORT,US,+39.078,-084.210,+0257.0,20140731,20250825
999999-00477,ROGER M DREYER MEMORIAL AIRPORT,US,+29.529,-097.464,+0108.2,20140731,20250825
999999-00480,EAGLE RANGE WSO,US,+41.050,-113.060,+1292.1,20140731,20250825
999999-00481,GRANITE PEAK FILLMORE ARPT,US,+38.958,-112.363,+1519.4,20140730,20240616
999999-00484,HULETT MUNICIPAL AIRPORT,US,+44.663,-104.568,+1300.0,20140731,20250825
999999-03033,MORIARTY AIRPORT,US,+34.985,-106.000,+1889.5,20020302,20250825
999999-03047,MONAHANS 6 ENE,US,+31.622,-102.807,+0830.3,20030521,20250828
999999-03048,SOCORRO 20 N,US,+34.356,-106.886,+1477.4,20030524,20250828
999999-03054,MULESHOE 19 S,US,+33.956,-102.774,+1140.6,20040227,20250828
999999-03055,GOODWELL 2 E,US,+36.599,-101.595,+0995.5,20040227,20250828
999999-03060,MONTROSE 11 ENE,US,+38.544,-107.693,+2560.9,20040725,20250828
999999-03061,CORTEZ 8 SE,US,+37.255,-108.504,+2448.8,20051102,20250828
999999-03062,LOS ALAMOS 13 W,US,+35.858,-106.521,+2656.6,20040801,20250828
999999-03063,LA JUNTA 17 WSW,US,+37.864,-103.822,+1336.9,20040803,20250828
999999-03067,OAKLEY 19 SSW,US,+38.870,-100.963,+0874.8,20051030,20250828
999999-03072,BRONTE 11 NNE,US,+32.041,-100.250,+0608.7,20061215,20250828
999999-03074,LAS CRUCES 20 N,US,+32.614,-106.741,+1318.9,20070228,20250828
999999-03728,MCCLELLANVILLE 7 NE,US,+33.153,-079.364,+0002.7,20020815,20250828
999999-03733,ELKINS 21 ENE,US,+39.013,-079.474,+1033.3,20031117,20250828
999999-03739,CAPE CHARLES 5 ENE,US,+37.291,-075.927,+0008.8,20040303,20250828
999999-03755,GARRETT COUNTY AIRPORT,US,+39.580,-079.339,+0894.0,20061018,20250826
999999-03758,DURHAM 11 W,US,+35.971,-079.093,+0171.3,20070329,20250828
999999-03759,CHARLOTTESVILLE 2 SSE,US,+37.998,-078.466,+0358.8,20070329,20250828
999999-03761,AVONDALE 2 N,US,+39.859,-075.786,+0121.9,20060602,20250828
999999-04125,JOHN DAY 35 WNW,US,+44.556,-119.646,+0684.3,20030330,20250828
999999-04126,ARCO 17 SW,US,+43.462,-113.556,+1804.4,20030710,20250828
999999-04127,MURPHY 10 W,US,+43.204,-116.751,+1204.0,20030629,20250828
999999-04128,RILEY 10 WSW,US,+43.471,-119.692,+1396.9,20030703,20250828
999999-04130,ST. MARY 1 SSW,US,+48.741,-113.433,+1388.4,20030925,20250828
999999-04131,MOOSE 1 NNE,US,+43.662,-110.712,+1970.8,20040630,20250828
999999-04134,GRANITE PEAK DUGWAY PROVING GROUND,US,+40.160,-113.351,+1310.6,20060802,20240616
999999-04136,SPOKANE 17 SSW,US,+47.417,-117.526,+0691.0,20070801,20250828
999999-04137,DILLON 18 WSW,US,+45.158,-113.006,+1820.0,20070728,20250828
999999-04138,BRIGHAM CITY 28 WNW,US,+41.616,-112.544,+1509.1,20070819,20250828
999999-04139,DENIO 52 WSW,US,+41.848,-119.636,+1981.2,20080616,20250828
999999-04140,LEWISTOWN 42 WSW,US,+46.885,-110.290,+1545.3,20080727,20250828
999999-04141,COOS BAY 8 SW,US,+43.272,-124.319,+0003.7,20080819,20250828
999999-04222,REDDING 12 WNW,US,+40.651,-122.607,+0432.2,20030326,20250828
999999-04223,DARRINGTON 21 NNE,US,+48.541,-121.446,+0124.1,20030403,20250828
999999-04236,CORVALLIS 10 SSW,US,+44.419,-123.326,+0095.1,20060914,20250828
999999-04237,QUINAULT 4 NE,US,+47.514,-123.812,+0087.2,20060909,20250828
999999-04990,SIOUX FALLS 14 NNE,US,+43.735,-096.622,+0485.9,20020728,20250828
999999-04994,GOODRIDGE 12 NNW,US,+48.306,-095.874,+0350.5,20030820,20250828
999999-12987,EDINBURG 17 NNE,US,+26.526,-098.063,+0019.5,20040219,20250828
999999-13301,CHILLICOTHE 22 ENE,US,+39.867,-093.147,+0253.9,20050611,20250828
999999-13724,ATLANTIC CITY MARINA,US,+39.378,-074.424,+0003.1,19480101,20250825
999999-13752,U.S. NAVAL ACADEMY,US,+38.991,-076.489,+0001.8,19450301,20250827
999999-13782,CUSTOM HOUSE (CITY OFC),US,+32.775,-079.924,+0003.1,20050101,20250825
999999-21514,MAUNA LOA 5 NNE,US,+19.535,-155.576,+3407.4,20050927,20250828
999999-21515,HILO 5 S,US,+19.645,-155.083,+0189.6,20050927,20250828
999999-22016,PANTHER JUNCTION 2 N,US,+29.348,-103.209,+1065.0,20070224,20250828
999999-23122,NORTON AAF,US,+34.100,-117.250,+0335.0,19710101,20250825
999999-23271,DOWNTOWN,US,+38.555,-121.418,+0011.6,19960702,20250601
999999-23272,DOWNTOWN,US,+37.771,-122.427,+0045.7,19450101,20250825
999999-23583,ALEKNAGIK 1 NNE,US,+59.284,-158.615,+0024.4,20191009,20250828
999999-23801,TROY 2 W,US,+31.790,-086.000,+0143.9,20080115,20250828
999999-23802,THOMASVILLE 2 S,US,+31.881,-087.737,+0106.7,20080118,20250828
999999-23803,HOLLY SPRINGS 4 N,US,+34.822,-089.435,+0147.5,20080201,20250828
999999-23904,BATESVILLE 8 WNW,US,+35.820,-091.781,+0138.7,20061219,20250828
999999-23906,PORT ARANSAS 32 NNE,US,+28.305,-096.823,+0004.6,20071116,20250828
999999-23907,AUSTIN 33 NW,US,+30.622,-098.085,+0414.8,20080201,20250828
999999-23908,JOPLIN 24 N,US,+37.428,-094.583,+0290.2,20070525,20250828
999999-23909,SALEM 10 W,US,+37.634,-091.723,+0365.2,20070517,20250828
999999-25379,SITKA 1 NE,US,+57.057,-135.327,+0023.8,20050815,20250828
999999-25380,GUSTAVUS 2 NE,US,+58.429,-135.690,+0006.1,20120719,20250828
999999-25381,METLAKATLA 6 S,US,+55.046,-131.588,+0032.0,20120726,20250828
999999-25382,YAKUTAT 3 SSE,US,+59.509,-139.685,+0007.9,20160827,20250828
999999-25522,KING SALMON 42 SE,US,+58.208,-155.923,+0201.5,20120815,20250828
999999-25630,SAND POINT 1 ENE,US,+55.347,-160.466,+0073.2,20090820,20250828
999999-25711,ST. PAUL 4 NE,US,+57.158,-170.212,+0006.1,20050807,20250828
999999-26494,FAIRBANKS 11 NE,US,+64.974,-147.510,+0347.5,20020809,20250828
999999-26562,PORT ALSWORTH 1 SW,US,+60.195,-154.320,+0097.8,20090925,20250828
999999-26563,KENAI 29 ENE,US,+60.724,-150.448,+0086.0,20100830,20250828
999999-26565,DEADHORSE 3 S,US,+70.162,-148.464,+0009.1,20140627,20250409
999999-26655,RED DOG MINE 3 SSW,US,+68.028,-162.921,+0287.1,20100825,20250828
999999-26656,BETHEL 87 WNW,US,+61.347,-164.077,+0046.6,20180817,20250828
999999-27516,UTQIAĠVIK FORMERLY BARROW 4 ENE,US,+71.321,-156.611,+0004.6,20020808,20250828
999999-40504,WEATHER SERVICE BUILDING,FM,+06.967,+158.217,+0036.6,19530101,20250825
999999-40710,WEATHER SERVICE OFFICE BUILDING,RM,+07.065,+171.272,+0003.1,19550131,20240831
999999-53131,TUCSON 11 W,US,+32.240,-111.170,+0833.0,20020918,20250828
999999-53132,ELGIN 5 S,US,+31.591,-110.509,+1466.4,20020915,20250828
999999-53136,MERCURY 3 SSW,US,+36.624,-116.023,+1001.0,20010524,20250828
999999-53138,BAKER 5 W,US,+39.012,-114.209,+2016.9,20040509,20250828
999999-53139,STOVEPIPE WELLS 1 SW,US,+36.602,-117.145,+0025.6,20040504,20250828
999999-53149,TORREY 7 E,US,+38.303,-111.294,+1891.0,20071002,20250828
999999-53150,YOSEMITE VILLAGE 12 W,US,+37.759,-119.821,+2017.8,20070928,20250828
999999-53151,FALLBROOK 5 NE,US,+33.439,-117.190,+0347.5,20080430,20250828
999999-53152,SANTA BARBARA 11 W,US,+34.414,-119.880,+0005.5,20080814,20250828
999999-53154,YUMA 27 ENE,US,+32.835,-114.188,+0189.0,20080319,20250828
999999-53155,WILLIAMS 35 NNW,US,+35.755,-112.337,+1825.8,20080626,20250828
999999-53186,DEATH VALLEY NATIONAL PARK,US,+36.463,-116.867,-0059.1,20220503,20250825
999999-53877,ASHEVILLE 8 SSW,US,+35.495,-082.614,+0655.6,20001120,20250828
999999-53878,ASHEVILLE 13 S,US,+35.419,-082.557,+0641.0,20001121,20250828
999999-53926,STILLWATER 2 W,US,+36.118,-097.091,+0271.3,20020312,20250828
999999-53927,STILLWATER 5 WNW,US,+36.135,-097.108,+0270.7,20020312,20250828
999999-53960,LAFAYETTE 13 SE,US,+30.092,-091.873,+0010.7,20030111,20250828
999999-53961,MONROE 26 N,US,+32.883,-092.117,+0026.8,20030115,20250828
999999-53968,PALESTINE 6 WNW,US,+31.780,-095.723,+0116.7,20030525,20250828
999999-53974,MANHATTAN 6 SSW,US,+39.103,-096.610,+0346.6,20031001,20250828
999999-54794,DURHAM 2 N,US,+43.172,-070.928,+0036.3,20011216,20250828
999999-54795,DURHAM 2 SSW,US,+43.109,-070.948,+0019.2,20011216,20250828
999999-54796,KINGSTON 1 NW,US,+41.491,-071.541,+0035.1,20011216,20250828
999999-54797,KINGSTON 1 W,US,+41.478,-071.542,+0032.3,20011216,20250828
999999-54808,CHAMPAIGN 9 SW,US,+40.053,-088.373,+0213.4,20021220,20250828
999999-54810,CHATHAM 1 SE,US,+46.335,-086.920,+0266.7,20041110,20250828
999999-54811,SHABBONA 5 NNE,US,+41.843,-088.851,+0262.4,20030816,20250828
999999-54854,GAYLORD 9 SSW,US,+44.908,-084.720,+0445.3,20070919,20250828
999999-54856,WOOSTER 3 SSE,US,+40.764,-081.910,+0335.9,20161110,20250828
999999-54902,DES MOINES 17 E,US,+41.556,-093.286,+0280.7,20040915,20250828
999999-54903,NECEDAH 5 WNW,US,+44.060,-090.174,+0284.4,20041001,20250828
999999-54932,SANDSTONE 6 W,US,+46.114,-092.994,+0344.4,20070622,20250828
999999-54933,ABERDEEN 35 WNW,US,+45.712,-099.130,+0596.5,20070626,20250828
999999-54937,JAMESTOWN 38 WSW,US,+46.770,-099.478,+0585.2,20080729,20250828
999999-56401,GLENNALLEN 64 N,US,+63.030,-145.500,+0813.5,20130809,20250828
999999-63826,BLACKVILLE 3 W,US,+33.355,-081.328,+0096.6,20020713,20250828
999999-63828,NEWTON 8 W,US,+31.313,-084.471,+0053.6,20020827,20250828
999999-63829,NEWTON 11 SW,US,+31.192,-084.447,+0047.6,20020827,20250828
999999-63831,NEWTON 5 ENE,US,+32.338,-089.070,+0114.0,20021103,20250828
999999-63838,VERSAILLES 3 NNW,US,+38.095,-084.747,+0271.6,20011120,20250828
999999-63849,BOWLING GREEN 21 NNE,US,+37.250,-086.233,+0240.8,20040519,20250828
999999-63850,WATKINSVILLE 5 SSE,US,+33.784,-083.390,+0225.9,20040430,20250828
999999-63855,CROSSVILLE 7 NW,US,+36.014,-085.135,+0583.1,20041203,20250828
999999-63856,BRUNSWICK 23 S,US,+30.808,-081.460,+0007.6,20041215,20250828
999999-63857,GADSDEN 19 N,US,+34.285,-085.962,+0351.1,20050414,20250828
999999-63858,SELMA 13 WNW,US,+32.457,-087.242,+0058.8,20050526,20250828
999999-63862,VALLEY HEAD 1 SSW,US,+34.565,-085.617,+0310.9,20060504,20250828
999999-63867,CULLMAN 3 ENE,US,+34.195,-086.796,+0243.8,20060504,20250828
999999-63868,COURTLAND 2 WSW,US,+34.660,-087.346,+0175.3,20060504,20250828
999999-63869,FAIRHOPE 3 NE,US,+30.549,-087.876,+0029.0,20060713,20250828
999999-63871,TRI-COUNTY AIRPORT,US,+30.843,-085.604,+0031.2,20060901,20250827
999999-63891,CLANTON 2 NE,US,+32.852,-086.612,+0178.0,20070314,20250828
999999-63892,GAINESVILLE 2 NE,US,+32.837,-088.137,+0032.6,20070316,20250828
999999-63893,GREENSBORO 2 WNW,US,+32.717,-087.623,+0085.3,20070315,20250828
999999-63894,MUSCLE SHOALS 2 N,US,+34.773,-087.640,+0161.5,20070425,20250828
999999-63895,RUSSELLVILLE 4 SSE,US,+34.454,-087.710,+0219.5,20060816,20250828
999999-63896,SCOTTSBORO 2 NE,US,+34.694,-086.000,+0193.9,20060816,20250828
999999-63897,SELMA 6 SSE,US,+32.335,-086.979,+0047.9,20070315,20250828
999999-63898,BEDFORD 5 WNW,US,+38.888,-086.571,+0231.7,20071003,20250828
999999-63899,BREWTON 3 NNE,US,+31.145,-087.052,+0051.8,20080117,20250828
999999-64756,MILLBROOK 3 W,US,+41.786,-073.742,+0125.9,20041101,20250828
999999-64757,CRN ON EGBERT 1 W,CA,+44.233,-079.781,+0246.0,20040715,20250828
999999-64758,ITHACA 13 E,US,+42.440,-076.246,+0374.3,20041027,20250828
999999-73801,NORTHPORT 2 S,US,+33.217,-087.593,+0045.7,20090521,20250828
999999-73802,HIGHLAND HOME 2 S,US,+31.916,-086.312,+0187.2,20081202,20250828
999999-73803,TALLADEGA 10 NNE,US,+33.572,-086.057,+0160.0,20081203,20250828
999999-92821,TITUSVILLE 7 E,US,+28.616,-080.693,+0000.9,20050506,20250828
999999-92826,EVERGLADES CITY 5 NE,US,+25.900,-081.318,+0001.2,20070210,20250828
999999-92827,SEBRING 23 SSE,US,+27.153,-081.369,+0045.7,20071208,20250828
999999-93243,MERCED 23 WSW,US,+37.238,-120.883,+0023.8,20040325,20250828
999999-93245,BODEGA 6 WSW,US,+38.321,-123.075,+0019.2,20080614,20250828
999999-93804,SPARTANBURG,US,+34.917,-081.950,+0244.1,19480101,20250825
999999-93816,EFFINGHAM COUNTY MEMORIAL ARPT,US,+39.070,-088.533,+0178.9,19481201,20250826
999999-94059,WOLF POINT 34 NE,US,+48.489,-105.210,+0805.6,20011220,20250828
999999-94060,WOLF POINT 29 ENE,US,+48.308,-105.102,+0635.5,20011220,20250828
999999-94074,NUNN 7 NNE,US,+40.807,-104.755,+1642.9,20030706,20250828
999999-94075,BOULDER 14 W,US,+40.035,-105.541,+2995.6,20030927,20250828
999999-94077,HARRISON 20 SSE,US,+42.425,-103.736,+1343.0,20030827,20250828
999999-94078,LANDER 11 SSE,US,+42.675,-108.669,+1759.6,20040703,20250828
999999-94079,WHITMAN 5 ENE,US,+42.068,-101.445,+1140.0,20040912,20250828
999999-94080,MEDORA 7 E,US,+46.895,-103.377,+0844.6,20040918,20250828
999999-94081,BUFFALO 13 ESE,US,+45.516,-103.302,+0878.7,20040922,20250828
999999-94082,DINOSAUR 2 E,US,+40.245,-108.968,+1847.7,20040721,20250828
999999-94084,NORTHGATE 5 ESE,US,+48.968,-102.170,+0561.4,20061017,20250828
999999-94085,PIERRE 24 S,US,+44.019,-100.353,+0647.4,20061024,20250828
999999-94088,SUNDANCE 8 NNW,US,+44.517,-104.436,+1765.4,20070822,20250828
999999-94290,WSFO SEATTLE SAND POINT,US,+47.687,-122.255,+0018.3,19990802,20250825
999999-94644,OLD TOWN 2 W,US,+44.928,-068.701,+0038.7,20020913,20250828
999999-94645,LIMESTONE 4 NNW,US,+46.960,-067.883,+0224.6,20020920,20250828
999999-94995,LINCOLN 8 ENE,US,+40.848,-096.565,+0362.4,20020115,20250828
999999-94996,LINCOLN 11 SW,US,+40.695,-096.854,+0418.2,20020114,20250828
999999-96404,TOK 70 SE,US,+62.737,-141.208,+0609.6,20110924,20250828
999999-96405,CORDOVA 14 ESE,US,+60.473,-145.354,+0025.3,20170727,20250626
999999-96406,RUBY 44 ESE,US,+64.502,-154.130,+0078.9,20140828,20250705
999999-96407,SELAWIK 28 E,US,+66.562,-159.004,+0006.7,20150813,20250828
999999-96408,DENALI 27 N,US,+63.452,-150.875,+0678.2,20150819,20250828
999999-96409,TOOLIK LAKE 5 ENE,US,+68.648,-149.399,+0750.1,20170822,20250828
A00002-53928,BRENHAM MUNICIPAL AIRPORT,US,+30.219,-096.374,+0093.9,20060101,20250826
A00003-63844,MACON COUNTY AIRPORT,US,+35.223,-083.419,+0615.7,20060101,20250820
A00004-53929,ARDMORE DOWNTOWN EXEC ARPT,US,+34.147,-097.123,+0257.3,20060101,20250825
A00005-94076,MC ELORY AIRFIELD AIRPORT,US,+40.054,-106.369,+2258.9,20060101,20250825
A00008-12978,FAYETTE RGNL AIR CNTR ARP,US,+29.908,-096.950,+0098.8,20060101,20250825
A00012-63879,BRAXTON COUNTY AIRPORT,US,+38.687,-080.652,+0388.6,20061018,20250825
A00013-63847,ISBELL FIELD AIRPORT,US,+34.474,-085.721,+0267.3,20060101,20250826
A00015-53129,COLORADO CITY MUNI AIRPORT,US,+36.960,-113.014,+1485.6,20140227,20250825
A00016-03036,BLANDING MUNICIPAL AIRPORT,US,+37.583,-109.483,+1787.7,20140724,20250825
A00017-04868,MARSHALL COUNTY AIRPORT,US,+41.019,-089.386,+0173.1,20060101,20250825
A00018-23162,DELTA MUNICIPAL AIRPORT,US,+39.383,-112.517,+1450.5,20140820,20250825
A00019-53969,WILBARGER COUNTY AIRPORT,US,+34.226,-099.284,+0385.6,20060101,20250825
A00021-63884,KEE FIELD AIRPORT,US,+37.601,-081.559,+0543.5,20061031,20250825
A00023-63890,WHITEHOUSE NAVAL OUTLYING FIELD,US,+30.350,-081.876,+0027.0,20070601,20250826
A00024-53848,CHOCTAW NAVAL OUTLYING FIELD,US,+30.512,-086.954,+0034.0,20070601,20250827
A00026-94297,COUPEVILLE/NOLF,US,+48.217,-122.633,+0060.7,20060324,20250825
A00028-04116,SALT LAKE CITY MUNI 2 ARPT,US,+40.619,-111.993,+1403.0,20160815,20250423
A00029-63820,EVERETT-STEWART AIRPORT,US,+36.380,-088.985,+0103.9,20130627,20250825
A00030-93795,CONNELLSVILLE AIRPORT,US,+39.959,-079.657,+0386.2,20210309,20250825
A00031-03725,GRANT COUNT AIRPORT,US,+38.994,-079.144,+0292.6,20060101,20250823
A00032-25715,ATKA AIRPORT,US,+52.220,-174.206,+0017.1,20060101,20250826
A05735-00209,BOWIE MUNICIPAL AIRPORT,US,+33.600,-097.783,+0336.2,20120101,20250825
A06773-00334,TUCKER GUTHRIE MEMORIAL AIRPORT,US,+36.859,-083.358,+0473.1,20140731,20250825
A06800-00120,TAZEWELL COUNTY AIRPORT,US,+37.067,-081.800,+0808.6,20140731,20250825
A06854-00115,BIG BEAR CITY AIRPORT,US,+34.264,-116.854,+2057.1,20140731,20250825
A06884-00416,LURAY CAVERNS AIRPORT,US,+38.667,-078.501,+0275.2,20140731,20250826
A07049-00320,PETALUMA MUNICIPAL AIRPORT,US,+38.250,-122.600,+0027.1,20140731,20250825
A07053-00346,TRINITY CENTER AIRPORT,US,+40.983,-122.694,+0728.2,20140731,20250825
A07056-00464,J DOUGLAS BAKE MEMORIAL AIRPORT,US,+44.874,-087.910,+0184.4,20140731,20250825
A07086-00468,CARL R KELLER FIELD AIRPORT,US,+41.516,-082.869,+0179.8,20140731,20250825
A07141-00327,COOPERSTOWN MUNICIPAL AIRPORT,US,+47.423,-098.106,+0434.0,20150926,20250525
A07354-00132,WAUTOMA MUNICIPAL AIRPORT,US,+44.033,-089.300,+0262.1,20140731,20250825
A07355-00241,VIROQUA MUNICIPAL AIRPORT,US,+43.579,-090.913,+0394.1,20140731,20250825
A07357-00182,ELBOW LAKE MUNICIPAL PRIDE OF THE PRAIRIE AIRPORT,US,+45.986,-095.992,+0367.3,20140731,20250825
A07359-00240,IONIA COUNTY AIRPORT,US,+42.938,-085.061,+0249.0,20140731,20250825
A51255-00445,DEMOPOLIS MUNICIPAL AIRPORT,US,+32.464,-087.954,+0034.1,20140731,20250826
A51256-00451,BRANSON WEST MUNICIPAL EMERSON FIELD AIRPORT,US,+36.699,-093.402,+0411.2,20140731,20250825
